subject,window_idx,query_v2,flag_if,flag_lof,score_if,score_lof,z_ecg,z_resp,z_bvp,z_wrist_eda,z_wrist_temp,top2
1,1,"Biosignal window flagged by the LOF anomaly detector. Deviating channels show an abrupt, high-amplitude pattern (elevated kurtosis/peak-to-peak vs this subject's baseline). elevated bvp (z=+0.8 vs subject baseline, mean=0.73) elevated resp (z=+0.7 vs subject baseline, mean=0.16) Relevant topics: photoplethysmography pulse waveform amplitude perfusion signal quality motion artifact atrial fibrillation screening respiration rate breathing pattern tachypnea bradypnea ventilation. Other readings: ecg mean=0.00, wrist_eda mean=6.66, wrist_temp mean=32.02.",False,True,0.4335,1.3521,0.49,0.663,0.788,0.461,-0.442,"bvp,resp"
1,6,"Biosignal window flagged by the LOF anomaly detector. Deviating channels show an abrupt, high-amplitude pattern (elevated kurtosis/peak-to-peak vs this subject's baseline). elevated resp (z=+1.0 vs subject baseline, mean=0.21) reduced wrist_temp (z=-0.5 vs subject baseline, mean=32.00) Relevant topics: respiration rate breathing pattern tachypnea bradypnea ventilation skin temperature thermal perfusion vasomotor ambient temperature sensor effects. Other readings: ecg mean=0.00, bvp mean=-0.37, wrist_eda mean=5.47.",False,True,0.4375,1.358,-0.043,0.986,-0.393,0.035,-0.456,"resp,wrist_temp"
1,13,"Biosignal window flagged by the LOF anomaly detector. Deviating channels show an abrupt, high-amplitude pattern (elevated kurtosis/peak-to-peak vs this subject's baseline). reduced wrist_eda (z=-0.6 vs subject baseline, mean=3.63) reduced wrist_temp (z=-0.4 vs subject baseline, mean=32.05) Relevant topics: electrodermal activity skin conductance sympathetic stress arousal sweat response skin temperature thermal perfusion vasomotor ambient temperature sensor effects. Other readings: ecg mean=-0.00, resp mean=-0.01, bvp mean=0.24.",False,True,0.425,1.2885,-0.315,-0.367,0.262,-0.623,-0.425,"wrist_eda,wrist_temp"
1,76,"Biosignal window flagged by the LOF anomaly detector. Deviating channels show an abrupt, high-amplitude pattern (elevated kurtosis/peak-to-peak vs this subject's baseline). reduced bvp (z=-4.2 vs subject baseline, mean=-3.90) reduced wrist_temp (z=-1.3 vs subject baseline, mean=30.76) Relevant topics: photoplethysmography pulse waveform amplitude perfusion signal quality motion artifact atrial fibrillation screening skin temperature thermal perfusion vasomotor ambient temperature sensor effects. Other readings: ecg mean=0.00, resp mean=0.05, wrist_eda mean=5.56.",False,True,0.4428,1.3334,0.017,-0.006,-4.193,0.07,-1.272,"bvp,wrist_temp"
1,98,"Biosignal window flagged by both anomaly detectors (Isolation Forest and LOF). Deviating channels show an abrupt, high-amplitude pattern (elevated kurtosis/peak-to-peak vs this subject's baseline). elevated wrist_eda (z=+2.9 vs subject baseline, mean=13.61) reduced resp (z=-2.0 vs subject baseline, mean=-0.28) Relevant topics: electrodermal activity skin conductance sympathetic stress arousal sweat response respiration rate breathing pattern tachypnea bradypnea ventilation. Other readings: ecg mean=-0.00, bvp mean=1.58, wrist_temp mean=30.00.",True,True,0.5264,1.5333,-1.455,-2.008,1.706,2.946,-1.768,"wrist_eda,resp"
1,99,"Biosignal window flagged by the LOF anomaly detector. Deviating channels show a sustained level shift from this subject's baseline. reduced resp (z=-3.5 vs subject baseline, mean=-0.53) elevated wrist_eda (z=+3.5 vs subject baseline, mean=15.17) Relevant topics: respiration rate breathing pattern tachypnea bradypnea ventilation electrodermal activity skin conductance sympathetic stress arousal sweat response. Other readings: ecg mean=0.00, bvp mean=0.68, wrist_temp mean=30.03.",False,True,0.4834,1.293,0.347,-3.506,0.739,3.503,-1.749,"resp,wrist_eda"
1,102,"Biosignal window flagged by the LOF anomaly detector. Deviating channels show an abrupt, high-amplitude pattern (elevated kurtosis/peak-to-peak vs this subject's baseline). elevated wrist_eda (z=+2.7 vs subject baseline, mean=13.00) reduced wrist_temp (z=-1.5 vs subject baseline, mean=30.46) Relevant topics: electrodermal activity skin conductance sympathetic stress arousal sweat response skin temperature thermal perfusion vasomotor ambient temperature sensor effects. Other readings: ecg mean=0.00, resp mean=0.02, bvp mean=-0.02.",False,True,0.4964,1.3229,0.381,-0.156,-0.017,2.73,-1.466,"wrist_eda,wrist_temp"
1,103,"Biosignal window flagged by both anomaly detectors (Isolation Forest and LOF). Deviating channels show an abrupt, high-amplitude pattern (elevated kurtosis/peak-to-peak vs this subject's baseline). elevated wrist_eda (z=+2.7 vs subject baseline, mean=12.87) reduced wrist_temp (z=-1.3 vs subject baseline, mean=30.66) Relevant topics: electrodermal activity skin conductance sympathetic stress arousal sweat response skin temperature thermal perfusion vasomotor ambient temperature sensor effects. Other readings: ecg mean=0.00, resp mean=0.03, bvp mean=0.61.",True,True,0.5061,1.3084,0.965,-0.142,0.658,2.684,-1.336,"wrist_eda,wrist_temp"
1,135,"Biosignal window flagged by the LOF anomaly detector. Deviating channels show a sustained level shift from this subject's baseline. elevated resp (z=+7.4 vs subject baseline, mean=1.28) elevated ecg (z=+0.6 vs subject baseline, mean=0.00) Relevant topics: respiration rate breathing pattern tachypnea bradypnea ventilation electrocardiogram rhythm irregularity heart rate variability arrhythmia ectopic beats atrial fibrillation. Other readings: bvp mean=-0.18, wrist_eda mean=5.66, wrist_temp mean=33.08.",False,True,0.4125,1.5664,0.649,7.427,-0.195,0.105,0.254,"resp,ecg"
1,291,"Biosignal window flagged by the LOF anomaly detector. Deviating channels show an abrupt, high-amplitude pattern (elevated kurtosis/peak-to-peak vs this subject's baseline). elevated wrist_temp (z=+1.1 vs subject baseline, mean=34.33) reduced wrist_eda (z=-1.1 vs subject baseline, mean=2.40) Relevant topics: skin temperature thermal perfusion vasomotor ambient temperature sensor effects electrodermal activity skin conductance sympathetic stress arousal sweat response. Other readings: ecg mean=0.00, resp mean=0.14, bvp mean=-0.30.",False,True,0.4187,1.452,-0.281,0.536,-0.316,-1.062,1.075,"wrist_temp,wrist_eda"
1,297,"Biosignal window flagged by the LOF anomaly detector. Deviating channels show an abrupt, high-amplitude pattern (elevated kurtosis/peak-to-peak vs this subject's baseline). elevated bvp (z=+1.3 vs subject baseline, mean=1.18) reduced wrist_eda (z=-1.1 vs subject baseline, mean=2.25) Relevant topics: photoplethysmography pulse waveform amplitude perfusion signal quality motion artifact atrial fibrillation screening electrodermal activity skin conductance sympathetic stress arousal sweat response. Other readings: ecg mean=0.00, resp mean=-0.01, wrist_temp mean=34.33.",False,True,0.4492,1.3787,-0.075,-0.363,1.274,-1.115,1.073,"bvp,wrist_eda"
2,328,"Biosignal window flagged by the LOF anomaly detector. Deviating channels show a moderate shift from this subject's baseline. reduced wrist_eda (z=-1.4 vs subject baseline, mean=0.44) reduced resp (z=-1.1 vs subject baseline, mean=-0.18) Relevant topics: electrodermal activity skin conductance sympathetic stress arousal sweat response respiration rate breathing pattern tachypnea bradypnea ventilation. Other readings: ecg mean=0.00, bvp mean=-0.18, wrist_temp mean=32.01.",False,True,0.3963,1.392,0.537,-1.131,-0.61,-1.379,-0.935,"wrist_eda,resp"
2,350,"Biosignal window flagged by the LOF anomaly detector. Deviating channels show an abrupt, high-amplitude pattern (elevated kurtosis/peak-to-peak vs this subject's baseline). elevated resp (z=+2.0 vs subject baseline, mean=0.45) reduced wrist_temp (z=-1.8 vs subject baseline, mean=30.42) Relevant topics: respiration rate breathing pattern tachypnea bradypnea ventilation skin temperature thermal perfusion vasomotor ambient temperature sensor effects. Other readings: ecg mean=0.00, bvp mean=-0.01, wrist_eda mean=3.12.",False,True,0.4662,1.3443,-0.361,1.95,-0.041,-0.835,-1.841,"resp,wrist_temp"
2,351,"Biosignal window flagged by the LOF anomaly detector. Deviating channels show an abrupt, high-amplitude pattern (elevated kurtosis/peak-to-peak vs this subject's baseline). reduced ecg (z=-2.9 vs subject baseline, mean=-0.00) reduced wrist_temp (z=-2.1 vs subject baseline, mean=29.91) Relevant topics: electrocardiogram rhythm irregularity heart rate variability arrhythmia ectopic beats atrial fibrillation skin temperature thermal perfusion vasomotor ambient temperature sensor effects. Other readings: resp mean=-0.33, bvp mean=-0.11, wrist_eda mean=4.66.",False,True,0.4797,1.3608,-2.879,-1.891,-0.374,-0.522,-2.13,"ecg,wrist_temp"
2,352,"Biosignal window flagged by both anomaly detectors (Isolation Forest and LOF). Deviating channels show an abrupt, high-amplitude pattern (elevated kurtosis/peak-to-peak vs this subject's baseline). reduced wrist_temp (z=-2.5 vs subject baseline, mean=29.22) elevated resp (z=+1.4 vs subject baseline, mean=0.33) Relevant topics: skin temperature thermal perfusion vasomotor ambient temperature sensor effects respiration rate breathing pattern tachypnea bradypnea ventilation. Other readings: ecg mean=0.00, bvp mean=-0.11, wrist_eda mean=7.29.",True,True,0.5154,1.3723,0.196,1.379,-0.368,0.012,-2.522,"wrist_temp,resp"
2,353,"Biosignal window flagged by the Isolation Forest anomaly detector. Deviating channels show an abrupt, high-amplitude pattern (elevated kurtosis/peak-to-peak vs this subject's baseline). reduced wrist_temp (z=-2.8 vs subject baseline, mean=28.78) elevated ecg (z=+1.3 vs subject baseline, mean=0.00) Relevant topics: skin temperature thermal perfusion vasomotor ambient temperature sensor effects electrocardiogram rhythm irregularity heart rate variability arrhythmia ectopic beats atrial fibrillation. Other readings: resp mean=0.31, bvp mean=0.10, wrist_eda mean=10.08.",True,False,0.5065,1.2706,1.313,1.291,0.311,0.581,-2.774,"wrist_temp,ecg"
2,357,"Biosignal window flagged by the Isolation Forest anomaly detector. Deviating channels show a sustained level shift from this subject's baseline. reduced wrist_temp (z=-3.2 vs subject baseline, mean=28.08) elevated wrist_eda (z=+1.6 vs subject baseline, mean=15.21) Relevant topics: skin temperature thermal perfusion vasomotor ambient temperature sensor effects electrodermal activity skin conductance sympathetic stress arousal sweat response. Other readings: ecg mean=0.00, resp mean=-0.12, bvp mean=-0.07.",True,False,0.5189,1.0966,0.695,-0.875,-0.252,1.626,-3.177,"wrist_temp,wrist_eda"
2,358,"Biosignal window flagged by the Isolation Forest anomaly detector. Deviating channels show a sustained level shift from this subject's baseline. reduced wrist_temp (z=-3.1 vs subject baseline, mean=28.16) elevated wrist_eda (z=+1.6 vs subject baseline, mean=15.24) Relevant topics: skin temperature thermal perfusion vasomotor ambient temperature sensor effects electrodermal activity skin conductance sympathetic stress arousal sweat response. Other readings: ecg mean=0.00, resp mean=0.10, bvp mean=0.24.",True,False,0.5165,1.0799,0.688,0.25,0.771,1.631,-3.131,"wrist_temp,wrist_eda"
2,359,"Biosignal window flagged by the Isolation Forest anomaly detector. Deviating channels show an abrupt, high-amplitude pattern (elevated kurtosis/peak-to-peak vs this subject's baseline). reduced wrist_temp (z=-3.1 vs subject baseline, mean=28.25) reduced ecg (z=-1.9 vs subject baseline, mean=-0.00) Relevant topics: skin temperature thermal perfusion vasomotor ambient temperature sensor effects electrocardiogram rhythm irregularity heart rate variability arrhythmia ectopic beats atrial fibrillation. Other readings: resp mean=0.09, bvp mean=-0.48, wrist_eda mean=15.42.",True,False,0.5121,1.1281,-1.932,0.173,-1.607,1.667,-3.08,"wrist_temp,ecg"
2,360,"Biosignal window flagged by the Isolation Forest anomaly detector. Deviating channels show a sustained level shift from this subject's baseline. reduced wrist_temp (z=-3.0 vs subject baseline, mean=28.33) reduced resp (z=-1.8 vs subject baseline, mean=-0.32) Relevant topics: skin temperature thermal perfusion vasomotor ambient temperature sensor effects respiration rate breathing pattern tachypnea bradypnea ventilation. Other readings: ecg mean=0.00, bvp mean=-0.10, wrist_eda mean=15.34.",True,False,0.5039,1.1006,-0.116,-1.823,-0.333,1.652,-3.033,"wrist_temp,resp"
2,363,"Biosignal window flagged by the Isolation Forest anomaly detector. Deviating channels show an abrupt, high-amplitude pattern (elevated kurtosis/peak-to-peak vs this subject's baseline). reduced wrist_temp (z=-2.7 vs subject baseline, mean=28.93) elevated wrist_eda (z=+1.6 vs subject baseline, mean=15.31) Relevant topics: skin temperature thermal perfusion vasomotor ambient temperature sensor effects electrodermal activity skin conductance sympathetic stress arousal sweat response. Other readings: ecg mean=0.00, resp mean=0.17, bvp mean=-0.08.",True,False,0.5105,1.2134,0.134,0.583,-0.268,1.646,-2.69,"wrist_temp,wrist_eda"
2,364,"Biosignal window flagged by the Isolation Forest anomaly detector. Deviating channels show an abrupt, high-amplitude pattern (elevated kurtosis/peak-to-peak vs this subject's baseline). reduced wrist_temp (z=-2.4 vs subject baseline, mean=29.40) elevated wrist_eda (z=+1.5 vs subject baseline, mean=14.53) Relevant topics: skin temperature thermal perfusion vasomotor ambient temperature sensor effects electrodermal activity skin conductance sympathetic stress arousal sweat response. Other readings: ecg mean=0.00, resp mean=-0.07, bvp mean=0.16.",True,False,0.5009,1.2508,0.742,-0.607,0.509,1.487,-2.421,"wrist_temp,wrist_eda"
2,388,"Biosignal window flagged by both anomaly detectors (Isolation Forest and LOF). Deviating channels show an abrupt, high-amplitude pattern (elevated kurtosis/peak-to-peak vs this subject's baseline). elevated bvp (z=+2.9 vs subject baseline, mean=0.89) elevated ecg (z=+2.1 vs subject baseline, mean=0.00) Relevant topics: photoplethysmography pulse waveform amplitude perfusion signal quality motion artifact atrial fibrillation screening electrocardiogram rhythm irregularity heart rate variability arrhythmia ectopic beats atrial fibrillation. Other readings: resp mean=0.12, wrist_eda mean=9.21, wrist_temp mean=30.52.",True,True,0.4992,1.6046,2.117,0.34,2.946,0.404,-1.782,"bvp,ecg"
2,389,"Biosignal window flagged by the Isolation Forest anomaly detector. Deviating channels show an abrupt, high-amplitude pattern (elevated kurtosis/peak-to-peak vs this subject's baseline). reduced bvp (z=-2.0 vs subject baseline, mean=-0.60) elevated wrist_eda (z=+1.6 vs subject baseline, mean=15.32) Relevant topics: photoplethysmography pulse waveform amplitude perfusion signal quality motion artifact atrial fibrillation screening electrodermal activity skin conductance sympathetic stress arousal sweat response. Other readings: ecg mean=0.00, resp mean=0.04, wrist_temp mean=30.78.",True,False,0.505,1.2826,-0.272,-0.076,-2.012,1.647,-1.637,"bvp,wrist_eda"
2,398,"Biosignal window flagged by both anomaly detectors (Isolation Forest and LOF). Deviating channels show an abrupt, high-amplitude pattern (elevated kurtosis/peak-to-peak vs this subject's baseline). reduced resp (z=-2.8 vs subject baseline, mean=-0.52) elevated wrist_eda (z=+1.9 vs subject baseline, mean=16.74) Relevant topics: respiration rate breathing pattern tachypnea bradypnea ventilation electrodermal activity skin conductance sympathetic stress arousal sweat response. Other readings: ecg mean=0.00, bvp mean=-0.35, wrist_temp mean=33.36.",True,True,0.5077,1.2913,0.702,-2.82,-1.161,1.936,-0.16,"resp,wrist_eda"
2,399,"Biosignal window flagged by the Isolation Forest anomaly detector. Deviating channels show an abrupt, high-amplitude pattern (elevated kurtosis/peak-to-peak vs this subject's baseline). elevated wrist_eda (z=+3.7 vs subject baseline, mean=25.23) elevated resp (z=+2.7 vs subject baseline, mean=0.60) Relevant topics: electrodermal activity skin conductance sympathetic stress arousal sweat response respiration rate breathing pattern tachypnea bradypnea ventilation. Other readings: ecg mean=-0.00, bvp mean=0.38, wrist_temp mean=33.19.",True,False,0.5105,1.2017,-0.904,2.714,1.229,3.664,-0.256,"wrist_eda,resp"
2,400,"Biosignal window flagged by the LOF anomaly detector. Deviating channels show an abrupt, high-amplitude pattern (elevated kurtosis/peak-to-peak vs this subject's baseline). elevated wrist_eda (z=+4.3 vs subject baseline, mean=28.30) reduced bvp (z=-1.5 vs subject baseline, mean=-0.44) Relevant topics: electrodermal activity skin conductance sympathetic stress arousal sweat response photoplethysmography pulse waveform amplitude perfusion signal quality motion artifact atrial fibrillation screening. Other readings: ecg mean=0.00, resp mean=-0.16, wrist_temp mean=33.19.",False,True,0.4866,1.3429,0.293,-1.049,-1.489,4.289,-0.262,"wrist_eda,bvp"
2,401,"Biosignal window flagged by the LOF anomaly detector. Deviating channels show a sustained level shift from this subject's baseline. elevated wrist_eda (z=+4.3 vs subject baseline, mean=28.24) reduced ecg (z=-0.9 vs subject baseline, mean=-0.00) Relevant topics: electrodermal activity skin conductance sympathetic stress arousal sweat response electrocardiogram rhythm irregularity heart rate variability arrhythmia ectopic beats atrial fibrillation. Other readings: resp mean=-0.10, bvp mean=0.03, wrist_temp mean=33.41.",False,True,0.4948,1.4793,-0.874,-0.738,0.083,4.276,-0.135,"wrist_eda,ecg"
2,402,"Biosignal window flagged by both anomaly detectors (Isolation Forest and LOF). Deviating channels show a sustained level shift from this subject's baseline. elevated wrist_eda (z=+4.3 vs subject baseline, mean=28.46) elevated ecg (z=+1.4 vs subject baseline, mean=0.00) Relevant topics: electrodermal activity skin conductance sympathetic stress arousal sweat response electrocardiogram rhythm irregularity heart rate variability arrhythmia ectopic beats atrial fibrillation. Other readings: resp mean=0.13, bvp mean=-0.12, wrist_temp mean=33.81.",True,True,0.5062,1.4664,1.409,0.39,-0.419,4.32,0.096,"wrist_eda,ecg"
2,403,"Biosignal window flagged by both anomaly detectors (Isolation Forest and LOF). Deviating channels show a sustained level shift from this subject's baseline. elevated wrist_eda (z=+4.3 vs subject baseline, mean=28.29) reduced ecg (z=-1.2 vs subject baseline, mean=-0.00) Relevant topics: electrodermal activity skin conductance sympathetic stress arousal sweat response electrocardiogram rhythm irregularity heart rate variability arrhythmia ectopic beats atrial fibrillation. Other readings: resp mean=-0.01, bvp mean=-0.06, wrist_temp mean=34.24.",True,True,0.5063,1.4533,-1.226,-0.306,-0.206,4.286,0.339,"wrist_eda,ecg"
2,404,"Biosignal window flagged by the LOF anomaly detector. Deviating channels show a sustained level shift from this subject's baseline. elevated wrist_eda (z=+4.1 vs subject baseline, mean=27.30) elevated ecg (z=+1.3 vs subject baseline, mean=0.00) Relevant topics: electrodermal activity skin conductance sympathetic stress arousal sweat response electrocardiogram rhythm irregularity heart rate variability arrhythmia ectopic beats atrial fibrillation. Other readings: resp mean=-0.21, bvp mean=0.18, wrist_temp mean=34.60.",False,True,0.4708,1.3841,1.302,-1.287,0.575,4.085,0.547,"wrist_eda,ecg"
2,405,"Biosignal window flagged by both anomaly detectors (Isolation Forest and LOF). Deviating channels show an abrupt, high-amplitude pattern (elevated kurtosis/peak-to-peak vs this subject's baseline). elevated wrist_eda (z=+3.2 vs subject baseline, mean=23.08) elevated resp (z=+2.2 vs subject baseline, mean=0.50) Relevant topics: electrodermal activity skin conductance sympathetic stress arousal sweat response respiration rate breathing pattern tachypnea bradypnea ventilation. Other readings: ecg mean=-0.00, bvp mean=0.05, wrist_temp mean=34.81.",True,True,0.5446,1.5829,-1.475,2.204,0.154,3.226,0.664,"wrist_eda,resp"
2,406,"Biosignal window flagged by both anomaly detectors (Isolation Forest and LOF). Deviating channels show an abrupt, high-amplitude pattern (elevated kurtosis/peak-to-peak vs this subject's baseline). elevated wrist_eda (z=+3.1 vs subject baseline, mean=22.28) reduced resp (z=-2.4 vs subject baseline, mean=-0.44) Relevant topics: electrodermal activity skin conductance sympathetic stress arousal sweat response respiration rate breathing pattern tachypnea bradypnea ventilation. Other readings: ecg mean=0.00, bvp mean=0.08, wrist_temp mean=34.65.",True,True,0.5011,1.3281,0.168,-2.415,0.259,3.062,0.573,"wrist_eda,resp"
2,440,"Biosignal window flagged by the LOF anomaly detector. Deviating channels show an abrupt, high-amplitude pattern (elevated kurtosis/peak-to-peak vs this subject's baseline). elevated wrist_eda (z=+3.0 vs subject baseline, mean=22.17) elevated resp (z=+2.5 vs subject baseline, mean=0.56) Relevant topics: electrodermal activity skin conductance sympathetic stress arousal sweat response respiration rate breathing pattern tachypnea bradypnea ventilation. Other readings: ecg mean=0.00, bvp mean=-0.40, wrist_temp mean=35.05.",False,True,0.4953,1.2998,0.258,2.515,-1.34,3.042,0.8,"wrist_eda,resp"
2,441,"Biosignal window flagged by the LOF anomaly detector. Deviating channels show an abrupt, high-amplitude pattern (elevated kurtosis/peak-to-peak vs this subject's baseline). elevated wrist_eda (z=+1.6 vs subject baseline, mean=15.15) elevated ecg (z=+0.8 vs subject baseline, mean=0.00) Relevant topics: electrodermal activity skin conductance sympathetic stress arousal sweat response electrocardiogram rhythm irregularity heart rate variability arrhythmia ectopic beats atrial fibrillation. Other readings: resp mean=0.09, bvp mean=-0.14, wrist_temp mean=34.84.",False,True,0.4495,1.2965,0.831,0.17,-0.482,1.613,0.68,"wrist_eda,ecg"
2,442,"Biosignal window flagged by the LOF anomaly detector. Deviating channels are only mildly unusual vs this subject's baseline. elevated resp (z=+0.9 vs subject baseline, mean=0.23) reduced ecg (z=-0.7 vs subject baseline, mean=0.00) Relevant topics: respiration rate breathing pattern tachypnea bradypnea ventilation electrocardiogram rhythm irregularity heart rate variability arrhythmia ectopic beats atrial fibrillation. Other readings: bvp mean=-0.05, wrist_eda mean=10.33, wrist_temp mean=34.47.",False,True,0.4364,1.3715,-0.74,0.855,-0.181,0.632,0.474,"resp,ecg"
2,473,"Biosignal window flagged by the LOF anomaly detector. Deviating channels show an abrupt, high-amplitude pattern (elevated kurtosis/peak-to-peak vs this subject's baseline). elevated ecg (z=+1.0 vs subject baseline, mean=0.00) elevated wrist_eda (z=+0.8 vs subject baseline, mean=11.05) Relevant topics: electrocardiogram rhythm irregularity heart rate variability arrhythmia ectopic beats atrial fibrillation electrodermal activity skin conductance sympathetic stress arousal sweat response. Other readings: resp mean=-0.04, bvp mean=-0.07, wrist_temp mean=34.67.",False,True,0.4506,1.4931,1.028,-0.459,-0.247,0.779,0.587,"ecg,wrist_eda"
2,490,"Biosignal window flagged by the LOF anomaly detector. Deviating channels show an abrupt, high-amplitude pattern (elevated kurtosis/peak-to-peak vs this subject's baseline). elevated resp (z=+1.1 vs subject baseline, mean=0.28) elevated wrist_temp (z=+1.1 vs subject baseline, mean=35.50) Relevant topics: respiration rate breathing pattern tachypnea bradypnea ventilation skin temperature thermal perfusion vasomotor ambient temperature sensor effects. Other readings: ecg mean=0.00, bvp mean=-0.02, wrist_eda mean=6.47.",False,True,0.4293,1.378,0.209,1.124,-0.096,-0.153,1.059,"resp,wrist_temp"
2,503,"Biosignal window flagged by the LOF anomaly detector. Deviating channels show an abrupt, high-amplitude pattern (elevated kurtosis/peak-to-peak vs this subject's baseline). elevated wrist_temp (z=+1.2 vs subject baseline, mean=35.75) reduced bvp (z=-0.9 vs subject baseline, mean=-0.26) Relevant topics: skin temperature thermal perfusion vasomotor ambient temperature sensor effects photoplethysmography pulse waveform amplitude perfusion signal quality motion artifact atrial fibrillation screening. Other readings: ecg mean=0.00, resp mean=0.11, wrist_eda mean=7.18.",False,True,0.4256,1.4914,0.284,0.304,-0.894,-0.009,1.205,"wrist_temp,bvp"
2,574,"Biosignal window flagged by the LOF anomaly detector. Deviating channels show an abrupt, high-amplitude pattern (elevated kurtosis/peak-to-peak vs this subject's baseline). reduced ecg (z=-3.9 vs subject baseline, mean=-0.00) elevated wrist_temp (z=+0.9 vs subject baseline, mean=35.19) Relevant topics: electrocardiogram rhythm irregularity heart rate variability arrhythmia ectopic beats atrial fibrillation skin temperature thermal perfusion vasomotor ambient temperature sensor effects. Other readings: resp mean=0.03, bvp mean=0.07, wrist_eda mean=4.30.",False,True,0.4059,1.4597,-3.871,-0.133,0.2,-0.594,0.88,"ecg,wrist_temp"
3,581,"Biosignal window flagged by the LOF anomaly detector. Deviating channels show an abrupt, high-amplitude pattern (elevated kurtosis/peak-to-peak vs this subject's baseline). reduced resp (z=-1.7 vs subject baseline, mean=-0.27) reduced wrist_temp (z=-1.1 vs subject baseline, mean=31.39) Relevant topics: respiration rate breathing pattern tachypnea bradypnea ventilation skin temperature thermal perfusion vasomotor ambient temperature sensor effects. Other readings: ecg mean=0.00, bvp mean=-0.23, wrist_eda mean=0.25.",False,True,0.4229,1.4267,-0.105,-1.693,-0.268,-0.618,-1.091,"resp,wrist_temp"
3,637,"Biosignal window flagged by the LOF anomaly detector. Deviating channels show a sustained level shift from this subject's baseline. reduced wrist_temp (z=-1.7 vs subject baseline, mean=30.02) reduced wrist_eda (z=-0.5 vs subject baseline, mean=0.63) Relevant topics: skin temperature thermal perfusion vasomotor ambient temperature sensor effects electrodermal activity skin conductance sympathetic stress arousal sweat response. Other readings: ecg mean=0.00, resp mean=0.06, bvp mean=0.13.",False,True,0.482,1.3775,0.067,0.034,0.151,-0.487,-1.704,"wrist_temp,wrist_eda"
3,685,"Biosignal window flagged by the LOF anomaly detector. Deviating channels show a sustained level shift from this subject's baseline. elevated resp (z=+2.1 vs subject baseline, mean=0.46) reduced ecg (z=-1.5 vs subject baseline, mean=-0.00) Relevant topics: respiration rate breathing pattern tachypnea bradypnea ventilation electrocardiogram rhythm irregularity heart rate variability arrhythmia ectopic beats atrial fibrillation. Other readings: bvp mean=0.18, wrist_eda mean=5.28, wrist_temp mean=34.01.",False,True,0.448,1.354,-1.541,2.091,0.207,1.117,0.092,"resp,ecg"
3,689,"Biosignal window flagged by the LOF anomaly detector. Deviating channels show an abrupt, high-amplitude pattern (elevated kurtosis/peak-to-peak vs this subject's baseline). elevated ecg (z=+3.1 vs subject baseline, mean=0.01) reduced resp (z=-1.9 vs subject baseline, mean=-0.32) Relevant topics: electrocardiogram rhythm irregularity heart rate variability arrhythmia ectopic beats atrial fibrillation respiration rate breathing pattern tachypnea bradypnea ventilation. Other readings: bvp mean=1.21, wrist_eda mean=4.42, wrist_temp mean=34.60.",False,True,0.4303,1.3499,3.078,-1.944,1.39,0.822,0.357,"ecg,resp"
3,711,"Biosignal window flagged by the LOF anomaly detector. Deviating channels show an abrupt, high-amplitude pattern (elevated kurtosis/peak-to-peak vs this subject's baseline). reduced resp (z=-1.1 vs subject baseline, mean=-0.15) elevated wrist_temp (z=+0.9 vs subject baseline, mean=35.86) Relevant topics: respiration rate breathing pattern tachypnea bradypnea ventilation skin temperature thermal perfusion vasomotor ambient temperature sensor effects. Other readings: ecg mean=0.00, bvp mean=0.21, wrist_eda mean=2.81.",False,True,0.4783,1.3527,-0.259,-1.071,0.247,0.264,0.924,"resp,wrist_temp"
3,788,"Biosignal window flagged by the LOF anomaly detector. Deviating channels show an abrupt, high-amplitude pattern (elevated kurtosis/peak-to-peak vs this subject's baseline). reduced resp (z=-1.8 vs subject baseline, mean=-0.29) elevated wrist_temp (z=+0.8 vs subject baseline, mean=35.62) Relevant topics: respiration rate breathing pattern tachypnea bradypnea ventilation skin temperature thermal perfusion vasomotor ambient temperature sensor effects. Other readings: ecg mean=0.00, bvp mean=0.14, wrist_eda mean=0.61.",False,True,0.4796,1.5241,0.428,-1.799,0.156,-0.496,0.815,"resp,wrist_temp"
3,789,"Biosignal window flagged by the LOF anomaly detector. Deviating channels show an abrupt, high-amplitude pattern (elevated kurtosis/peak-to-peak vs this subject's baseline). elevated resp (z=+2.1 vs subject baseline, mean=0.46) elevated wrist_temp (z=+0.8 vs subject baseline, mean=35.57) Relevant topics: respiration rate breathing pattern tachypnea bradypnea ventilation skin temperature thermal perfusion vasomotor ambient temperature sensor effects. Other readings: ecg mean=0.00, bvp mean=-0.65, wrist_eda mean=0.62.",False,True,0.48,1.4357,0.157,2.108,-0.746,-0.492,0.795,"resp,wrist_temp"
3,813,"Biosignal window flagged by the LOF anomaly detector. Deviating channels show an abrupt, high-amplitude pattern (elevated kurtosis/peak-to-peak vs this subject's baseline). elevated wrist_eda (z=+0.7 vs subject baseline, mean=3.97) elevated bvp (z=+0.3 vs subject baseline, mean=0.27) Relevant topics: electrodermal activity skin conductance sympathetic stress arousal sweat response photoplethysmography pulse waveform amplitude perfusion signal quality motion artifact atrial fibrillation screening. Other readings: ecg mean=0.00, resp mean=0.02, wrist_temp mean=34.49.",False,True,0.4088,1.3911,0.132,-0.187,0.313,0.664,0.309,"wrist_eda,bvp"
3,820,"Biosignal window flagged by the LOF anomaly detector. Deviating channels show an abrupt, high-amplitude pattern (elevated kurtosis/peak-to-peak vs this subject's baseline). elevated bvp (z=+2.6 vs subject baseline, mean=2.24) elevated wrist_eda (z=+1.6 vs subject baseline, mean=6.56) Relevant topics: photoplethysmography pulse waveform amplitude perfusion signal quality motion artifact atrial fibrillation screening electrodermal activity skin conductance sympathetic stress arousal sweat response. Other readings: ecg mean=0.00, resp mean=-0.03, wrist_temp mean=34.46.",False,True,0.4558,1.4805,1.335,-0.444,2.585,1.56,0.291,"bvp,wrist_eda"
3,824,"Biosignal window flagged by the LOF anomaly detector. Deviating channels show an abrupt, high-amplitude pattern (elevated kurtosis/peak-to-peak vs this subject's baseline). elevated bvp (z=+0.4 vs subject baseline, mean=0.32) elevated wrist_temp (z=+0.4 vs subject baseline, mean=34.61) Relevant topics: photoplethysmography pulse waveform amplitude perfusion signal quality motion artifact atrial fibrillation screening skin temperature thermal perfusion vasomotor ambient temperature sensor effects. Other readings: ecg mean=0.00, resp mean=0.12, wrist_eda mean=2.24.",False,True,0.4551,1.6557,0.126,0.354,0.364,0.067,0.361,"bvp,wrist_temp"
3,841,"Biosignal window flagged by the LOF anomaly detector. Deviating channels are only mildly unusual vs this subject's baseline. elevated bvp (z=+0.9 vs subject baseline, mean=0.79) elevated ecg (z=+0.8 vs subject baseline, mean=0.00) Relevant topics: photoplethysmography pulse waveform amplitude perfusion signal quality motion artifact atrial fibrillation screening electrocardiogram rhythm irregularity heart rate variability arrhythmia ectopic beats atrial fibrillation. Other readings: resp mean=0.12, wrist_eda mean=0.88, wrist_temp mean=35.33.",False,True,0.4223,1.4494,0.839,0.348,0.91,-0.402,0.686,"bvp,ecg"
3,849,"Biosignal window flagged by the LOF anomaly detector. Deviating channels show an abrupt, high-amplitude pattern (elevated kurtosis/peak-to-peak vs this subject's baseline). elevated wrist_temp (z=+0.8 vs subject baseline, mean=35.50) reduced wrist_eda (z=-0.5 vs subject baseline, mean=0.69) Relevant topics: skin temperature thermal perfusion vasomotor ambient temperature sensor effects electrodermal activity skin conductance sympathetic stress arousal sweat response. Other readings: ecg mean=0.00, resp mean=0.01, bvp mean=-0.27.",False,True,0.4632,1.4611,-0.26,-0.248,-0.317,-0.468,0.759,"wrist_temp,wrist_eda"
3,851,"Biosignal window flagged by the LOF anomaly detector. Deviating channels show an abrupt, high-amplitude pattern (elevated kurtosis/peak-to-peak vs this subject's baseline). reduced bvp (z=-6.2 vs subject baseline, mean=-5.35) elevated wrist_temp (z=+0.8 vs subject baseline, mean=35.51) Relevant topics: photoplethysmography pulse waveform amplitude perfusion signal quality motion artifact atrial fibrillation screening skin temperature thermal perfusion vasomotor ambient temperature sensor effects. Other readings: ecg mean=0.00, resp mean=0.19, wrist_eda mean=0.64.",False,True,0.4257,1.2944,-0.082,0.674,-6.175,-0.485,0.766,"bvp,wrist_temp"
3,861,"Biosignal window flagged by the LOF anomaly detector. Deviating channels show a sustained level shift from this subject's baseline. elevated ecg (z=+4.8 vs subject baseline, mean=0.01) elevated resp (z=+3.2 vs subject baseline, mean=0.68) Relevant topics: electrocardiogram rhythm irregularity heart rate variability arrhythmia ectopic beats atrial fibrillation respiration rate breathing pattern tachypnea bradypnea ventilation. Other readings: bvp mean=1.45, wrist_eda mean=1.12, wrist_temp mean=35.64.",False,True,0.4223,1.3125,4.785,3.216,1.67,-0.318,0.827,"ecg,resp"
3,862,"Biosignal window flagged by the LOF anomaly detector. Deviating channels show an abrupt, high-amplitude pattern (elevated kurtosis/peak-to-peak vs this subject's baseline). reduced resp (z=-3.6 vs subject baseline, mean=-0.65) reduced bvp (z=-1.8 vs subject baseline, mean=-1.57) Relevant topics: respiration rate breathing pattern tachypnea bradypnea ventilation photoplethysmography pulse waveform amplitude perfusion signal quality motion artifact atrial fibrillation screening. Other readings: ecg mean=0.00, wrist_eda mean=1.23, wrist_temp mean=35.63.",False,True,0.4658,1.3515,-0.344,-3.629,-1.808,-0.282,0.819,"resp,bvp"
4,879,"Biosignal window flagged by the LOF anomaly detector. Deviating channels show an abrupt, high-amplitude pattern (elevated kurtosis/peak-to-peak vs this subject's baseline). reduced bvp (z=-2.3 vs subject baseline, mean=-1.30) reduced wrist_eda (z=-1.6 vs subject baseline, mean=0.17) Relevant topics: photoplethysmography pulse waveform amplitude perfusion signal quality motion artifact atrial fibrillation screening electrodermal activity skin conductance sympathetic stress arousal sweat response. Other readings: ecg mean=0.00, resp mean=0.02, wrist_temp mean=32.60.",False,True,0.4124,1.3331,-0.558,-0.183,-2.274,-1.638,-0.129,"bvp,wrist_eda"
4,898,"Biosignal window flagged by the LOF anomaly detector. Deviating channels show an abrupt, high-amplitude pattern (elevated kurtosis/peak-to-peak vs this subject's baseline). reduced ecg (z=-3.0 vs subject baseline, mean=-0.00) reduced resp (z=-1.6 vs subject baseline, mean=-0.30) Relevant topics: electrocardiogram rhythm irregularity heart rate variability arrhythmia ectopic beats atrial fibrillation respiration rate breathing pattern tachypnea bradypnea ventilation. Other readings: bvp mean=0.45, wrist_eda mean=0.30, wrist_temp mean=32.34.",False,True,0.4433,1.3042,-2.976,-1.618,0.756,-1.579,-0.403,"ecg,resp"
4,976,"Biosignal window flagged by the Isolation Forest anomaly detector. Deviating channels show an abrupt, high-amplitude pattern (elevated kurtosis/peak-to-peak vs this subject's baseline). elevated ecg (z=+2.4 vs subject baseline, mean=0.00) reduced wrist_temp (z=-1.8 vs subject baseline, mean=31.01) Relevant topics: electrocardiogram rhythm irregularity heart rate variability arrhythmia ectopic beats atrial fibrillation skin temperature thermal perfusion vasomotor ambient temperature sensor effects. Other readings: resp mean=0.18, bvp mean=0.04, wrist_eda mean=6.69.",True,False,0.5205,1.2162,2.402,0.55,0.039,1.411,-1.827,"ecg,wrist_temp"
4,982,"Biosignal window flagged by both anomaly detectors (Isolation Forest and LOF). Deviating channels show an abrupt, high-amplitude pattern (elevated kurtosis/peak-to-peak vs this subject's baseline). elevated wrist_eda (z=+3.6 vs subject baseline, mean=11.29) elevated resp (z=+3.1 vs subject baseline, mean=0.74) Relevant topics: electrodermal activity skin conductance sympathetic stress arousal sweat response respiration rate breathing pattern tachypnea bradypnea ventilation. Other readings: ecg mean=0.00, bvp mean=-1.68, wrist_temp mean=31.59.",True,True,0.5512,1.3226,-0.512,3.126,-2.946,3.559,-1.204,"wrist_eda,resp"
4,983,"Biosignal window flagged by the LOF anomaly detector. Deviating channels show an abrupt, high-amplitude pattern (elevated kurtosis/peak-to-peak vs this subject's baseline). reduced resp (z=-5.2 vs subject baseline, mean=-1.07) elevated wrist_eda (z=+3.4 vs subject baseline, mean=11.01) Relevant topics: respiration rate breathing pattern tachypnea bradypnea ventilation electrodermal activity skin conductance sympathetic stress arousal sweat response. Other readings: ecg mean=0.00, bvp mean=-0.24, wrist_temp mean=31.66.",False,True,0.4833,1.291,-0.087,-5.161,-0.446,3.429,-1.134,"resp,wrist_eda"
4,1018,"Biosignal window flagged by the LOF anomaly detector. Deviating channels show an abrupt, high-amplitude pattern (elevated kurtosis/peak-to-peak vs this subject's baseline). elevated wrist_eda (z=+1.6 vs subject baseline, mean=7.06) elevated bvp (z=+1.4 vs subject baseline, mean=0.81) Relevant topics: electrodermal activity skin conductance sympathetic stress arousal sweat response photoplethysmography pulse waveform amplitude perfusion signal quality motion artifact atrial fibrillation screening. Other readings: ecg mean=0.00, resp mean=0.12, wrist_temp mean=33.15.",False,True,0.487,1.3387,-0.063,0.291,1.385,1.582,0.462,"wrist_eda,bvp"
4,1081,"Biosignal window flagged by the LOF anomaly detector. Deviating channels show an abrupt, high-amplitude pattern (elevated kurtosis/peak-to-peak vs this subject's baseline). elevated wrist_temp (z=+1.4 vs subject baseline, mean=34.00) elevated ecg (z=+1.0 vs subject baseline, mean=0.00) Relevant topics: skin temperature thermal perfusion vasomotor ambient temperature sensor effects electrocardiogram rhythm irregularity heart rate variability arrhythmia ectopic beats atrial fibrillation. Other readings: resp mean=-0.01, bvp mean=-0.25, wrist_eda mean=3.23.",False,True,0.4228,1.4438,0.994,-0.325,-0.456,-0.209,1.378,"wrist_temp,ecg"
4,1108,"Biosignal window flagged by the LOF anomaly detector. Deviating channels show an abrupt, high-amplitude pattern (elevated kurtosis/peak-to-peak vs this subject's baseline). reduced bvp (z=-3.4 vs subject baseline, mean=-1.96) elevated wrist_temp (z=+1.0 vs subject baseline, mean=33.67) Relevant topics: photoplethysmography pulse waveform amplitude perfusion signal quality motion artifact atrial fibrillation screening skin temperature thermal perfusion vasomotor ambient temperature sensor effects. Other readings: ecg mean=0.00, resp mean=0.07, wrist_eda mean=2.13.",False,True,0.3974,1.3537,-0.096,0.039,-3.427,-0.724,1.02,"bvp,wrist_temp"
4,1129,"Biosignal window flagged by the LOF anomaly detector. Deviating channels are only mildly unusual vs this subject's baseline. reduced ecg (z=-0.4 vs subject baseline, mean=0.00) elevated resp (z=+0.2 vs subject baseline, mean=0.09) Relevant topics: electrocardiogram rhythm irregularity heart rate variability arrhythmia ectopic beats atrial fibrillation respiration rate breathing pattern tachypnea bradypnea ventilation. Other readings: bvp mean=0.04, wrist_eda mean=3.42, wrist_temp mean=32.59.",False,True,0.4147,1.3869,-0.432,0.155,0.044,-0.122,-0.135,"ecg,resp"
5,1192,"Biosignal window flagged by the LOF anomaly detector. Deviating channels show an abrupt, high-amplitude pattern (elevated kurtosis/peak-to-peak vs this subject's baseline). reduced wrist_eda (z=-1.1 vs subject baseline, mean=6.90) elevated wrist_temp (z=+0.8 vs subject baseline, mean=34.15) Relevant topics: electrodermal activity skin conductance sympathetic stress arousal sweat response skin temperature thermal perfusion vasomotor ambient temperature sensor effects. Other readings: ecg mean=0.00, resp mean=0.14, bvp mean=0.41.",False,True,0.442,1.3484,0.249,0.582,0.327,-1.089,0.753,"wrist_eda,wrist_temp"
5,1221,"Biosignal window flagged by the Isolation Forest anomaly detector. Deviating channels show an abrupt, high-amplitude pattern (elevated kurtosis/peak-to-peak vs this subject's baseline). elevated wrist_eda (z=+4.8 vs subject baseline, mean=18.76) elevated resp (z=+1.5 vs subject baseline, mean=0.32) Relevant topics: electrodermal activity skin conductance sympathetic stress arousal sweat response respiration rate breathing pattern tachypnea bradypnea ventilation. Other readings: ecg mean=-0.00, bvp mean=0.39, wrist_temp mean=34.03.",True,False,0.5105,1.0633,-0.84,1.496,0.312,4.805,0.622,"wrist_eda,resp"
5,1223,"Biosignal window flagged by the Isolation Forest anomaly detector. Deviating channels show an abrupt, high-amplitude pattern (elevated kurtosis/peak-to-peak vs this subject's baseline). elevated wrist_eda (z=+5.9 vs subject baseline, mean=20.89) reduced resp (z=-1.3 vs subject baseline, mean=-0.24) Relevant topics: electrodermal activity skin conductance sympathetic stress arousal sweat response respiration rate breathing pattern tachypnea bradypnea ventilation. Other readings: ecg mean=0.00, bvp mean=-0.49, wrist_temp mean=34.49.",True,False,0.5188,1.0976,0.499,-1.29,-0.35,5.864,1.147,"wrist_eda,resp"
5,1224,"Biosignal window flagged by the Isolation Forest anomaly detector. Deviating channels show an abrupt, high-amplitude pattern (elevated kurtosis/peak-to-peak vs this subject's baseline). elevated wrist_eda (z=+5.8 vs subject baseline, mean=20.78) elevated resp (z=+2.6 vs subject baseline, mean=0.55) Relevant topics: electrodermal activity skin conductance sympathetic stress arousal sweat response respiration rate breathing pattern tachypnea bradypnea ventilation. Other readings: ecg mean=-0.00, bvp mean=-0.64, wrist_temp mean=34.53.",True,False,0.5159,1.0677,-0.968,2.61,-0.464,5.811,1.191,"wrist_eda,resp"
5,1225,"Biosignal window flagged by the Isolation Forest anomaly detector. Deviating channels show an abrupt, high-amplitude pattern (elevated kurtosis/peak-to-peak vs this subject's baseline). elevated wrist_eda (z=+5.9 vs subject baseline, mean=20.96) elevated wrist_temp (z=+1.1 vs subject baseline, mean=34.42) Relevant topics: electrodermal activity skin conductance sympathetic stress arousal sweat response skin temperature thermal perfusion vasomotor ambient temperature sensor effects. Other readings: ecg mean=-0.00, resp mean=-0.03, bvp mean=0.90.",True,False,0.5943,1.0826,-0.417,-0.229,0.704,5.902,1.069,"wrist_eda,wrist_temp"
5,1226,"Biosignal window flagged by the Isolation Forest anomaly detector. Deviating channels show an abrupt, high-amplitude pattern (elevated kurtosis/peak-to-peak vs this subject's baseline). elevated wrist_eda (z=+5.2 vs subject baseline, mean=19.46) elevated bvp (z=+1.4 vs subject baseline, mean=1.88) Relevant topics: electrodermal activity skin conductance sympathetic stress arousal sweat response photoplethysmography pulse waveform amplitude perfusion signal quality motion artifact atrial fibrillation screening. Other readings: ecg mean=0.00, resp mean=0.03, wrist_temp mean=34.21.",True,False,0.5599,1.2195,0.922,0.075,1.441,5.155,0.829,"wrist_eda,bvp"
5,1227,"Biosignal window flagged by the Isolation Forest anomaly detector. Deviating channels show an abrupt, high-amplitude pattern (elevated kurtosis/peak-to-peak vs this subject's baseline). elevated wrist_eda (z=+5.1 vs subject baseline, mean=19.40) reduced ecg (z=-2.1 vs subject baseline, mean=-0.00) Relevant topics: electrodermal activity skin conductance sympathetic stress arousal sweat response electrocardiogram rhythm irregularity heart rate variability arrhythmia ectopic beats atrial fibrillation. Other readings: resp mean=0.18, bvp mean=-1.74, wrist_temp mean=34.00.",True,False,0.5436,1.1033,-2.06,0.795,-1.302,5.124,0.588,"wrist_eda,ecg"
5,1228,"Biosignal window flagged by the Isolation Forest anomaly detector. Deviating channels show an abrupt, high-amplitude pattern (elevated kurtosis/peak-to-peak vs this subject's baseline). elevated wrist_eda (z=+4.8 vs subject baseline, mean=18.77) reduced resp (z=-2.9 vs subject baseline, mean=-0.57) Relevant topics: electrodermal activity skin conductance sympathetic stress arousal sweat response respiration rate breathing pattern tachypnea bradypnea ventilation. Other readings: ecg mean=-0.00, bvp mean=3.46, wrist_temp mean=33.87.",True,False,0.5305,1.14,-1.042,-2.899,2.645,4.812,0.442,"wrist_eda,resp"
5,1229,"Biosignal window flagged by the Isolation Forest anomaly detector. Deviating channels show an abrupt, high-amplitude pattern (elevated kurtosis/peak-to-peak vs this subject's baseline). elevated wrist_eda (z=+3.9 vs subject baseline, mean=16.98) elevated resp (z=+1.2 vs subject baseline, mean=0.26) Relevant topics: electrodermal activity skin conductance sympathetic stress arousal sweat response respiration rate breathing pattern tachypnea bradypnea ventilation. Other readings: ecg mean=0.00, bvp mean=-0.46, wrist_temp mean=33.73.",True,False,0.5101,1.0583,0.352,1.187,-0.329,3.921,0.284,"wrist_eda,resp"
5,1230,"Biosignal window flagged by the Isolation Forest anomaly detector. Deviating channels show an abrupt, high-amplitude pattern (elevated kurtosis/peak-to-peak vs this subject's baseline). elevated wrist_eda (z=+3.4 vs subject baseline, mean=16.00) reduced bvp (z=-1.9 vs subject baseline, mean=-2.60) Relevant topics: electrodermal activity skin conductance sympathetic stress arousal sweat response photoplethysmography pulse waveform amplitude perfusion signal quality motion artifact atrial fibrillation screening. Other readings: ecg mean=0.00, resp mean=-0.17, wrist_temp mean=33.62.",True,False,0.52,1.1765,0.996,-0.949,-1.949,3.432,0.153,"wrist_eda,bvp"
5,1248,"Biosignal window flagged by the Isolation Forest anomaly detector. Deviating channels show an abrupt, high-amplitude pattern (elevated kurtosis/peak-to-peak vs this subject's baseline). elevated resp (z=+1.9 vs subject baseline, mean=0.40) elevated bvp (z=+1.4 vs subject baseline, mean=1.84) Relevant topics: respiration rate breathing pattern tachypnea bradypnea ventilation photoplethysmography pulse waveform amplitude perfusion signal quality motion artifact atrial fibrillation screening. Other readings: ecg mean=0.00, wrist_eda mean=7.42, wrist_temp mean=33.89.",True,False,0.5023,1.1915,0.755,1.9,1.415,-0.833,0.46,"resp,bvp"
5,1257,"Biosignal window flagged by the Isolation Forest anomaly detector. Deviating channels show a moderate shift from this subject's baseline. reduced wrist_eda (z=-1.3 vs subject baseline, mean=6.52) reduced wrist_temp (z=-1.3 vs subject baseline, mean=32.38) Relevant topics: electrodermal activity skin conductance sympathetic stress arousal sweat response skin temperature thermal perfusion vasomotor ambient temperature sensor effects. Other readings: ecg mean=0.00, resp mean=0.06, bvp mean=-1.00.",True,False,0.5341,1.1339,-0.118,0.209,-0.735,-1.281,-1.262,"wrist_eda,wrist_temp"
5,1258,"Biosignal window flagged by the Isolation Forest anomaly detector. Deviating channels show an abrupt, high-amplitude pattern (elevated kurtosis/peak-to-peak vs this subject's baseline). elevated bvp (z=+1.5 vs subject baseline, mean=2.00) reduced wrist_temp (z=-1.2 vs subject baseline, mean=32.40) Relevant topics: photoplethysmography pulse waveform amplitude perfusion signal quality motion artifact atrial fibrillation screening skin temperature thermal perfusion vasomotor ambient temperature sensor effects. Other readings: ecg mean=0.00, resp mean=0.11, wrist_eda mean=7.16.",True,False,0.5035,1.1132,0.744,0.475,1.536,-0.96,-1.233,"bvp,wrist_temp"
5,1259,"Biosignal window flagged by both anomaly detectors (Isolation Forest and LOF). Deviating channels show an abrupt, high-amplitude pattern (elevated kurtosis/peak-to-peak vs this subject's baseline). reduced wrist_temp (z=-1.0 vs subject baseline, mean=32.57) reduced bvp (z=-1.0 vs subject baseline, mean=-1.34) Relevant topics: skin temperature thermal perfusion vasomotor ambient temperature sensor effects photoplethysmography pulse waveform amplitude perfusion signal quality motion artifact atrial fibrillation screening. Other readings: ecg mean=0.00, resp mean=0.15, wrist_eda mean=7.81.",True,True,0.5085,1.3704,0.091,0.651,-0.998,-0.636,-1.039,"wrist_temp,bvp"
5,1260,"Biosignal window flagged by both anomaly detectors (Isolation Forest and LOF). Deviating channels show a moderate shift from this subject's baseline. reduced bvp (z=-1.1 vs subject baseline, mean=-1.43) reduced wrist_eda (z=-0.6 vs subject baseline, mean=7.86) Relevant topics: photoplethysmography pulse waveform amplitude perfusion signal quality motion artifact atrial fibrillation screening electrodermal activity skin conductance sympathetic stress arousal sweat response. Other readings: ecg mean=-0.00, resp mean=0.13, wrist_temp mean=33.20.",True,True,0.5379,1.8794,-0.312,0.553,-1.067,-0.615,-0.33,"bvp,wrist_eda"
5,1261,"Biosignal window flagged by both anomaly detectors (Isolation Forest and LOF). Deviating channels show an abrupt, high-amplitude pattern (elevated kurtosis/peak-to-peak vs this subject's baseline). reduced resp (z=-1.0 vs subject baseline, mean=-0.17) reduced wrist_eda (z=-0.7 vs subject baseline, mean=7.75) Relevant topics: respiration rate breathing pattern tachypnea bradypnea ventilation electrodermal activity skin conductance sympathetic stress arousal sweat response. Other readings: ecg mean=0.00, bvp mean=-0.37, wrist_temp mean=33.83.",True,True,0.5306,1.4824,0.166,-0.953,-0.26,-0.67,0.39,"resp,wrist_eda"
5,1262,"Biosignal window flagged by the Isolation Forest anomaly detector. Deviating channels show an abrupt, high-amplitude pattern (elevated kurtosis/peak-to-peak vs this subject's baseline). elevated bvp (z=+2.6 vs subject baseline, mean=3.41) reduced wrist_eda (z=-1.0 vs subject baseline, mean=7.11) Relevant topics: photoplethysmography pulse waveform amplitude perfusion signal quality motion artifact atrial fibrillation screening electrodermal activity skin conductance sympathetic stress arousal sweat response. Other readings: ecg mean=0.00, resp mean=-0.03, wrist_temp mean=34.21.",True,False,0.5607,1.2662,-0.057,-0.227,2.602,-0.987,0.82,"bvp,wrist_eda"
5,1263,"Biosignal window flagged by the Isolation Forest anomaly detector. Deviating channels show an abrupt, high-amplitude pattern (elevated kurtosis/peak-to-peak vs this subject's baseline). elevated wrist_temp (z=+0.7 vs subject baseline, mean=34.07) reduced ecg (z=-0.6 vs subject baseline, mean=-0.00) Relevant topics: skin temperature thermal perfusion vasomotor ambient temperature sensor effects electrocardiogram rhythm irregularity heart rate variability arrhythmia ectopic beats atrial fibrillation. Other readings: resp mean=0.09, bvp mean=0.14, wrist_eda mean=8.51.",True,False,0.5491,1.2397,-0.551,0.331,0.129,-0.291,0.66,"wrist_temp,ecg"
5,1264,"Biosignal window flagged by the Isolation Forest anomaly detector. Deviating channels show an abrupt, high-amplitude pattern (elevated kurtosis/peak-to-peak vs this subject's baseline). elevated wrist_eda (z=+1.4 vs subject baseline, mean=11.90) reduced bvp (z=-1.3 vs subject baseline, mean=-1.72) Relevant topics: electrodermal activity skin conductance sympathetic stress arousal sweat response photoplethysmography pulse waveform amplitude perfusion signal quality motion artifact atrial fibrillation screening. Other readings: ecg mean=0.00, resp mean=0.19, wrist_temp mean=34.03.",True,False,0.5048,1.0662,0.53,0.857,-1.282,1.393,0.623,"wrist_eda,bvp"
5,1266,"Biosignal window flagged by the Isolation Forest anomaly detector. Deviating channels show an abrupt, high-amplitude pattern (elevated kurtosis/peak-to-peak vs this subject's baseline). elevated wrist_eda (z=+4.4 vs subject baseline, mean=17.92) reduced resp (z=-1.5 vs subject baseline, mean=-0.28) Relevant topics: electrodermal activity skin conductance sympathetic stress arousal sweat response respiration rate breathing pattern tachypnea bradypnea ventilation. Other readings: ecg mean=0.00, bvp mean=-1.24, wrist_temp mean=34.36.",True,False,0.5391,1.1376,0.381,-1.458,-0.923,4.387,0.998,"wrist_eda,resp"
5,1267,"Biosignal window flagged by the Isolation Forest anomaly detector. Deviating channels show an abrupt, high-amplitude pattern (elevated kurtosis/peak-to-peak vs this subject's baseline). reduced resp (z=-6.3 vs subject baseline, mean=-1.26) elevated wrist_eda (z=+3.3 vs subject baseline, mean=15.63) Relevant topics: respiration rate breathing pattern tachypnea bradypnea ventilation electrodermal activity skin conductance sympathetic stress arousal sweat response. Other readings: ecg mean=0.00, bvp mean=1.93, wrist_temp mean=34.54.",True,False,0.5471,1.1954,0.829,-6.287,1.485,3.251,1.197,"resp,wrist_eda"
5,1268,"Biosignal window flagged by the Isolation Forest anomaly detector. Deviating channels show a sustained level shift from this subject's baseline. elevated wrist_eda (z=+2.9 vs subject baseline, mean=14.97) reduced resp (z=-1.9 vs subject baseline, mean=-0.37) Relevant topics: electrodermal activity skin conductance sympathetic stress arousal sweat response respiration rate breathing pattern tachypnea bradypnea ventilation. Other readings: ecg mean=-0.00, bvp mean=-0.68, wrist_temp mean=34.62.",True,False,0.5438,1.1792,-1.425,-1.895,-0.498,2.922,1.288,"wrist_eda,resp"
5,1269,"Biosignal window flagged by the Isolation Forest anomaly detector. Deviating channels show a sustained level shift from this subject's baseline. elevated wrist_eda (z=+3.1 vs subject baseline, mean=15.39) elevated wrist_temp (z=+1.4 vs subject baseline, mean=34.74) Relevant topics: electrodermal activity skin conductance sympathetic stress arousal sweat response skin temperature thermal perfusion vasomotor ambient temperature sensor effects. Other readings: ecg mean=0.00, resp mean=0.11, bvp mean=0.68.",True,False,0.5345,1.1954,-0.025,0.445,0.534,3.129,1.431,"wrist_eda,wrist_temp"
5,1270,"Biosignal window flagged by the Isolation Forest anomaly detector. Deviating channels show a sustained level shift from this subject's baseline. elevated wrist_eda (z=+3.5 vs subject baseline, mean=16.14) elevated wrist_temp (z=+1.6 vs subject baseline, mean=34.91) Relevant topics: electrodermal activity skin conductance sympathetic stress arousal sweat response skin temperature thermal perfusion vasomotor ambient temperature sensor effects. Other readings: ecg mean=-0.00, resp mean=-0.14, bvp mean=-0.08.",True,False,0.5101,1.1464,-0.415,-0.759,-0.043,3.501,1.616,"wrist_eda,wrist_temp"
5,1271,"Biosignal window flagged by both anomaly detectors (Isolation Forest and LOF). Deviating channels show an abrupt, high-amplitude pattern (elevated kurtosis/peak-to-peak vs this subject's baseline). elevated wrist_eda (z=+2.8 vs subject baseline, mean=14.76) elevated wrist_temp (z=+1.7 vs subject baseline, mean=34.95) Relevant topics: electrodermal activity skin conductance sympathetic stress arousal sweat response skin temperature thermal perfusion vasomotor ambient temperature sensor effects. Other readings: ecg mean=0.00, resp mean=-0.22, bvp mean=-0.52.",True,True,0.5416,1.3144,0.734,-1.175,-0.376,2.819,1.663,"wrist_eda,wrist_temp"
5,1272,"Biosignal window flagged by the Isolation Forest anomaly detector. Deviating channels show an abrupt, high-amplitude pattern (elevated kurtosis/peak-to-peak vs this subject's baseline). reduced ecg (z=-3.3 vs subject baseline, mean=-0.01) elevated wrist_eda (z=+2.7 vs subject baseline, mean=14.62) Relevant topics: electrocardiogram rhythm irregularity heart rate variability arrhythmia ectopic beats atrial fibrillation electrodermal activity skin conductance sympathetic stress arousal sweat response. Other readings: resp mean=0.02, bvp mean=3.25, wrist_temp mean=34.86.",True,False,0.5686,1.2873,-3.303,0.023,2.484,2.745,1.564,"ecg,wrist_eda"
5,1273,"Biosignal window flagged by both anomaly detectors (Isolation Forest and LOF). Deviating channels show an abrupt, high-amplitude pattern (elevated kurtosis/peak-to-peak vs this subject's baseline). reduced bvp (z=-5.3 vs subject baseline, mean=-6.96) elevated wrist_eda (z=+2.4 vs subject baseline, mean=14.00) Relevant topics: photoplethysmography pulse waveform amplitude perfusion signal quality motion artifact atrial fibrillation screening electrodermal activity skin conductance sympathetic stress arousal sweat response. Other readings: ecg mean=0.00, resp mean=-0.33, wrist_temp mean=34.55.",True,True,0.5572,1.6867,0.632,-1.697,-5.252,2.438,1.216,"bvp,wrist_eda"
5,1274,"Biosignal window flagged by both anomaly detectors (Isolation Forest and LOF). Deviating channels show an abrupt, high-amplitude pattern (elevated kurtosis/peak-to-peak vs this subject's baseline). elevated bvp (z=+3.5 vs subject baseline, mean=4.55) elevated wrist_eda (z=+2.4 vs subject baseline, mean=13.84) Relevant topics: photoplethysmography pulse waveform amplitude perfusion signal quality motion artifact atrial fibrillation screening electrodermal activity skin conductance sympathetic stress arousal sweat response. Other readings: ecg mean=-0.00, resp mean=-0.35, wrist_temp mean=34.20.",True,True,0.4999,1.5015,-0.629,-1.841,3.464,2.362,0.815,"bvp,wrist_eda"
5,1276,"Biosignal window flagged by the Isolation Forest anomaly detector. Deviating channels show an abrupt, high-amplitude pattern (elevated kurtosis/peak-to-peak vs this subject's baseline). elevated wrist_eda (z=+3.7 vs subject baseline, mean=16.54) elevated wrist_temp (z=+0.7 vs subject baseline, mean=34.10) Relevant topics: electrodermal activity skin conductance sympathetic stress arousal sweat response skin temperature thermal perfusion vasomotor ambient temperature sensor effects. Other readings: ecg mean=0.00, resp mean=-0.08, bvp mean=0.38.",True,False,0.5008,1.2347,0.163,-0.475,0.306,3.702,0.699,"wrist_eda,wrist_temp"
5,1277,"Biosignal window flagged by the Isolation Forest anomaly detector. Deviating channels show an abrupt, high-amplitude pattern (elevated kurtosis/peak-to-peak vs this subject's baseline). elevated wrist_eda (z=+3.3 vs subject baseline, mean=15.78) reduced bvp (z=-0.7 vs subject baseline, mean=-0.90) Relevant topics: electrodermal activity skin conductance sympathetic stress arousal sweat response photoplethysmography pulse waveform amplitude perfusion signal quality motion artifact atrial fibrillation screening. Other readings: ecg mean=-0.00, resp mean=0.02, wrist_temp mean=34.05.",True,False,0.5148,1.2615,-0.231,-0.014,-0.664,3.322,0.64,"wrist_eda,bvp"
5,1278,"Biosignal window flagged by the Isolation Forest anomaly detector. Deviating channels show an abrupt, high-amplitude pattern (elevated kurtosis/peak-to-peak vs this subject's baseline). elevated wrist_eda (z=+2.5 vs subject baseline, mean=14.17) reduced ecg (z=-1.9 vs subject baseline, mean=-0.00) Relevant topics: electrodermal activity skin conductance sympathetic stress arousal sweat response electrocardiogram rhythm irregularity heart rate variability arrhythmia ectopic beats atrial fibrillation. Other readings: resp mean=0.01, bvp mean=1.16, wrist_temp mean=33.97.",True,False,0.5053,1.248,-1.912,-0.034,0.901,2.526,0.555,"wrist_eda,ecg"
5,1312,"Biosignal window flagged by the LOF anomaly detector. Deviating channels are only mildly unusual vs this subject's baseline. elevated wrist_temp (z=+0.6 vs subject baseline, mean=34.01) reduced wrist_eda (z=-0.4 vs subject baseline, mean=8.24) Relevant topics: skin temperature thermal perfusion vasomotor ambient temperature sensor effects electrodermal activity skin conductance sympathetic stress arousal sweat response. Other readings: ecg mean=0.00, resp mean=-0.00, bvp mean=0.06.",False,True,0.4832,1.5437,0.183,-0.112,0.067,-0.426,0.601,"wrist_temp,wrist_eda"
5,1329,"Biosignal window flagged by the LOF anomaly detector. Deviating channels show an abrupt, high-amplitude pattern (elevated kurtosis/peak-to-peak vs this subject's baseline). reduced ecg (z=-1.1 vs subject baseline, mean=-0.00) elevated bvp (z=+1.0 vs subject baseline, mean=1.30) Relevant topics: electrocardiogram rhythm irregularity heart rate variability arrhythmia ectopic beats atrial fibrillation photoplethysmography pulse waveform amplitude perfusion signal quality motion artifact atrial fibrillation screening. Other readings: resp mean=-0.01, wrist_eda mean=11.06, wrist_temp mean=33.40.",False,True,0.4936,1.2989,-1.096,-0.122,1.008,0.978,-0.098,"ecg,bvp"
5,1381,"Biosignal window flagged by the LOF anomaly detector. Deviating channels show an abrupt, high-amplitude pattern (elevated kurtosis/peak-to-peak vs this subject's baseline). elevated bvp (z=+2.8 vs subject baseline, mean=3.66) elevated wrist_temp (z=+1.1 vs subject baseline, mean=34.45) Relevant topics: photoplethysmography pulse waveform amplitude perfusion signal quality motion artifact atrial fibrillation screening skin temperature thermal perfusion vasomotor ambient temperature sensor effects. Other readings: ecg mean=-0.00, resp mean=-0.07, wrist_eda mean=8.80.",False,True,0.4785,1.529,-1.091,-0.412,2.795,-0.148,1.094,"bvp,wrist_temp"
5,1422,"Biosignal window flagged by the Isolation Forest anomaly detector. Deviating channels show an abrupt, high-amplitude pattern (elevated kurtosis/peak-to-peak vs this subject's baseline). reduced wrist_temp (z=-3.3 vs subject baseline, mean=30.60) reduced resp (z=-1.9 vs subject baseline, mean=-0.36) Relevant topics: skin temperature thermal perfusion vasomotor ambient temperature sensor effects respiration rate breathing pattern tachypnea bradypnea ventilation. Other readings: ecg mean=-0.00, bvp mean=-0.25, wrist_eda mean=9.22.",True,False,0.5124,1.1395,-0.711,-1.888,-0.171,0.065,-3.279,"wrist_temp,resp"
5,1451,"Biosignal window flagged by the LOF anomaly detector. Deviating channels show an abrupt, high-amplitude pattern (elevated kurtosis/peak-to-peak vs this subject's baseline). elevated resp (z=+2.3 vs subject baseline, mean=0.48) elevated ecg (z=+2.1 vs subject baseline, mean=0.00) Relevant topics: respiration rate breathing pattern tachypnea bradypnea ventilation electrocardiogram rhythm irregularity heart rate variability arrhythmia ectopic beats atrial fibrillation. Other readings: bvp mean=-1.33, wrist_eda mean=9.97, wrist_temp mean=33.15.",False,True,0.4958,1.4603,2.122,2.279,-0.991,0.437,-0.376,"resp,ecg"
5,1473,"Biosignal window flagged by the Isolation Forest anomaly detector. Deviating channels show an abrupt, high-amplitude pattern (elevated kurtosis/peak-to-peak vs this subject's baseline). reduced ecg (z=-3.3 vs subject baseline, mean=-0.01) reduced wrist_temp (z=-1.2 vs subject baseline, mean=32.47) Relevant topics: electrocardiogram rhythm irregularity heart rate variability arrhythmia ectopic beats atrial fibrillation skin temperature thermal perfusion vasomotor ambient temperature sensor effects. Other readings: resp mean=0.18, bvp mean=-0.00, wrist_eda mean=9.86.",True,False,0.5098,1.0777,-3.305,0.813,0.019,0.382,-1.155,"ecg,wrist_temp"
6,1485,"Biosignal window flagged by the LOF anomaly detector. Deviating channels show a moderate shift from this subject's baseline. reduced wrist_temp (z=-1.3 vs subject baseline, mean=31.76) reduced wrist_eda (z=-1.2 vs subject baseline, mean=0.16) Relevant topics: skin temperature thermal perfusion vasomotor ambient temperature sensor effects electrodermal activity skin conductance sympathetic stress arousal sweat response. Other readings: ecg mean=0.00, resp mean=0.04, bvp mean=0.28.",False,True,0.4403,1.4168,-0.586,0.026,0.363,-1.2,-1.339,"wrist_temp,wrist_eda"
6,1486,"Biosignal window flagged by the LOF anomaly detector. Deviating channels show a moderate shift from this subject's baseline. reduced wrist_temp (z=-1.3 vs subject baseline, mean=31.84) reduced wrist_eda (z=-1.2 vs subject baseline, mean=0.17) Relevant topics: skin temperature thermal perfusion vasomotor ambient temperature sensor effects electrodermal activity skin conductance sympathetic stress arousal sweat response. Other readings: ecg mean=0.00, resp mean=0.16, bvp mean=0.35.",False,True,0.4175,1.3104,-0.32,0.679,0.44,-1.199,-1.276,"wrist_temp,wrist_eda"
6,1496,"Biosignal window flagged by the LOF anomaly detector. Deviating channels show a moderate shift from this subject's baseline. reduced wrist_eda (z=-1.2 vs subject baseline, mean=0.13) reduced wrist_temp (z=-1.0 vs subject baseline, mean=32.19) Relevant topics: electrodermal activity skin conductance sympathetic stress arousal sweat response skin temperature thermal perfusion vasomotor ambient temperature sensor effects. Other readings: ecg mean=0.00, resp mean=0.09, bvp mean=-0.47.",False,True,0.4641,1.31,-0.369,0.261,-0.49,-1.205,-1.01,"wrist_eda,wrist_temp"
6,1497,"Biosignal window flagged by the LOF anomaly detector. Deviating channels show an abrupt, high-amplitude pattern (elevated kurtosis/peak-to-peak vs this subject's baseline). reduced wrist_eda (z=-1.2 vs subject baseline, mean=0.13) reduced wrist_temp (z=-1.0 vs subject baseline, mean=32.19) Relevant topics: electrodermal activity skin conductance sympathetic stress arousal sweat response skin temperature thermal perfusion vasomotor ambient temperature sensor effects. Other readings: ecg mean=0.00, resp mean=0.03, bvp mean=-0.04.",False,True,0.4934,1.3357,-0.177,-0.054,-0.003,-1.205,-1.007,"wrist_eda,wrist_temp"
6,1500,"Biosignal window flagged by the LOF anomaly detector. Deviating channels show an abrupt, high-amplitude pattern (elevated kurtosis/peak-to-peak vs this subject's baseline). elevated resp (z=+1.5 vs subject baseline, mean=0.30) reduced wrist_eda (z=-1.2 vs subject baseline, mean=0.13) Relevant topics: respiration rate breathing pattern tachypnea bradypnea ventilation electrodermal activity skin conductance sympathetic stress arousal sweat response. Other readings: ecg mean=0.00, bvp mean=0.23, wrist_temp mean=32.23.",False,True,0.4883,1.5147,-0.296,1.451,0.307,-1.205,-0.979,"resp,wrist_eda"
6,1514,"Biosignal window flagged by the LOF anomaly detector. Deviating channels show an abrupt, high-amplitude pattern (elevated kurtosis/peak-to-peak vs this subject's baseline). elevated resp (z=+1.5 vs subject baseline, mean=0.31) reduced wrist_eda (z=-1.2 vs subject baseline, mean=0.14) Relevant topics: respiration rate breathing pattern tachypnea bradypnea ventilation electrodermal activity skin conductance sympathetic stress arousal sweat response. Other readings: ecg mean=0.00, bvp mean=-0.19, wrist_temp mean=32.34.",False,True,0.4458,1.3993,-0.186,1.486,-0.175,-1.203,-0.891,"resp,wrist_eda"
6,1527,"Biosignal window flagged by both anomaly detectors (Isolation Forest and LOF). Deviating channels show a moderate shift from this subject's baseline. elevated ecg (z=+1.5 vs subject baseline, mean=0.01) reduced wrist_temp (z=-1.1 vs subject baseline, mean=32.04) Relevant topics: electrocardiogram rhythm irregularity heart rate variability arrhythmia ectopic beats atrial fibrillation skin temperature thermal perfusion vasomotor ambient temperature sensor effects. Other readings: resp mean=0.13, bvp mean=-0.88, wrist_eda mean=14.62.",True,True,0.529,1.3215,1.499,0.529,-0.955,0.924,-1.122,"ecg,wrist_temp"
6,1529,"Biosignal window flagged by the Isolation Forest anomaly detector. Deviating channels show an abrupt, high-amplitude pattern (elevated kurtosis/peak-to-peak vs this subject's baseline). elevated wrist_eda (z=+1.5 vs subject baseline, mean=18.84) reduced wrist_temp (z=-1.2 vs subject baseline, mean=31.98) Relevant topics: electrodermal activity skin conductance sympathetic stress arousal sweat response skin temperature thermal perfusion vasomotor ambient temperature sensor effects. Other readings: ecg mean=0.00, resp mean=0.21, bvp mean=0.24.",True,False,0.5001,1.1991,-0.251,0.951,0.319,1.545,-1.166,"wrist_eda,wrist_temp"
6,1534,"Biosignal window flagged by the Isolation Forest anomaly detector. Deviating channels show a sustained level shift from this subject's baseline. reduced resp (z=-3.1 vs subject baseline, mean=-0.51) elevated wrist_eda (z=+1.7 vs subject baseline, mean=20.18) Relevant topics: respiration rate breathing pattern tachypnea bradypnea ventilation electrodermal activity skin conductance sympathetic stress arousal sweat response. Other readings: ecg mean=0.00, bvp mean=1.43, wrist_temp mean=31.68.",True,False,0.5,1.1556,-0.05,-3.054,1.661,1.742,-1.402,"resp,wrist_eda"
6,1542,"Biosignal window flagged by the Isolation Forest anomaly detector. Deviating channels show an abrupt, high-amplitude pattern (elevated kurtosis/peak-to-peak vs this subject's baseline). elevated bvp (z=+3.2 vs subject baseline, mean=2.77) elevated wrist_eda (z=+1.1 vs subject baseline, mean=15.92) Relevant topics: photoplethysmography pulse waveform amplitude perfusion signal quality motion artifact atrial fibrillation screening electrodermal activity skin conductance sympathetic stress arousal sweat response. Other readings: ecg mean=0.01, resp mean=0.05, wrist_temp mean=32.46.",True,False,0.5005,1.0733,0.363,0.071,3.173,1.115,-0.796,"bvp,wrist_eda"
6,1562,"Biosignal window flagged by both anomaly detectors (Isolation Forest and LOF). Deviating channels show an abrupt, high-amplitude pattern (elevated kurtosis/peak-to-peak vs this subject's baseline). elevated wrist_eda (z=+1.1 vs subject baseline, mean=15.71) elevated ecg (z=+0.4 vs subject baseline, mean=0.01) Relevant topics: electrodermal activity skin conductance sympathetic stress arousal sweat response electrocardiogram rhythm irregularity heart rate variability arrhythmia ectopic beats atrial fibrillation. Other readings: resp mean=0.07, bvp mean=0.09, wrist_temp mean=33.57.",True,True,0.5266,1.3078,0.432,0.166,0.146,1.085,0.061,"wrist_eda,ecg"
6,1574,"Biosignal window flagged by the LOF anomaly detector. Deviating channels show a sustained level shift from this subject's baseline. reduced ecg (z=-2.0 vs subject baseline, mean=-0.01) reduced wrist_eda (z=-0.6 vs subject baseline, mean=4.51) Relevant topics: electrocardiogram rhythm irregularity heart rate variability arrhythmia ectopic beats atrial fibrillation electrodermal activity skin conductance sympathetic stress arousal sweat response. Other readings: resp mean=0.13, bvp mean=-0.28, wrist_temp mean=34.00.",False,True,0.4142,1.3897,-2.006,0.508,-0.28,-0.561,0.397,"ecg,wrist_eda"
6,1579,"Biosignal window flagged by the Isolation Forest anomaly detector. Deviating channels show an abrupt, high-amplitude pattern (elevated kurtosis/peak-to-peak vs this subject's baseline). elevated resp (z=+1.8 vs subject baseline, mean=0.36) elevated bvp (z=+0.7 vs subject baseline, mean=0.60) Relevant topics: respiration rate breathing pattern tachypnea bradypnea ventilation photoplethysmography pulse waveform amplitude perfusion signal quality motion artifact atrial fibrillation screening. Other readings: ecg mean=0.00, wrist_eda mean=8.79, wrist_temp mean=34.07.",True,False,0.5005,1.2052,-0.503,1.793,0.719,0.067,0.452,"resp,bvp"
6,1582,"Biosignal window flagged by the LOF anomaly detector. Deviating channels show an abrupt, high-amplitude pattern (elevated kurtosis/peak-to-peak vs this subject's baseline). reduced ecg (z=-0.8 vs subject baseline, mean=-0.00) elevated wrist_temp (z=+0.4 vs subject baseline, mean=34.00) Relevant topics: electrocardiogram rhythm irregularity heart rate variability arrhythmia ectopic beats atrial fibrillation skin temperature thermal perfusion vasomotor ambient temperature sensor effects. Other readings: resp mean=0.08, bvp mean=0.13, wrist_eda mean=8.80.",False,True,0.4648,1.3697,-0.815,0.197,0.188,0.069,0.396,"ecg,wrist_temp"
6,1584,"Biosignal window flagged by the LOF anomaly detector. Deviating channels show an abrupt, high-amplitude pattern (elevated kurtosis/peak-to-peak vs this subject's baseline). reduced ecg (z=-0.9 vs subject baseline, mean=-0.00) reduced resp (z=-0.5 vs subject baseline, mean=-0.05) Relevant topics: electrocardiogram rhythm irregularity heart rate variability arrhythmia ectopic beats atrial fibrillation respiration rate breathing pattern tachypnea bradypnea ventilation. Other readings: bvp mean=-0.16, wrist_eda mean=8.13, wrist_temp mean=33.91.",False,True,0.4324,1.3333,-0.878,-0.482,-0.139,-0.029,0.328,"ecg,resp"
6,1586,"Biosignal window flagged by the LOF anomaly detector. Deviating channels show an abrupt, high-amplitude pattern (elevated kurtosis/peak-to-peak vs this subject's baseline). reduced resp (z=-6.9 vs subject baseline, mean=-1.20) elevated wrist_eda (z=+1.1 vs subject baseline, mean=15.96) Relevant topics: respiration rate breathing pattern tachypnea bradypnea ventilation electrodermal activity skin conductance sympathetic stress arousal sweat response. Other readings: ecg mean=0.00, bvp mean=-0.98, wrist_temp mean=33.84.",False,True,0.4806,1.3298,0.222,-6.917,-1.071,1.121,0.272,"resp,wrist_eda"
6,1587,"Biosignal window flagged by both anomaly detectors (Isolation Forest and LOF). Deviating channels show an abrupt, high-amplitude pattern (elevated kurtosis/peak-to-peak vs this subject's baseline). reduced resp (z=-4.3 vs subject baseline, mean=-0.74) elevated wrist_eda (z=+1.8 vs subject baseline, mean=20.73) Relevant topics: respiration rate breathing pattern tachypnea bradypnea ventilation electrodermal activity skin conductance sympathetic stress arousal sweat response. Other readings: ecg mean=0.00, bvp mean=0.17, wrist_temp mean=33.66.",True,True,0.5186,1.307,-0.394,-4.339,0.238,1.822,0.128,"resp,wrist_eda"
6,1589,"Biosignal window flagged by the Isolation Forest anomaly detector. Deviating channels show a sustained level shift from this subject's baseline. elevated wrist_eda (z=+3.1 vs subject baseline, mean=29.23) elevated bvp (z=+0.1 vs subject baseline, mean=0.04) Relevant topics: electrodermal activity skin conductance sympathetic stress arousal sweat response photoplethysmography pulse waveform amplitude perfusion signal quality motion artifact atrial fibrillation screening. Other readings: ecg mean=0.00, resp mean=0.03, wrist_temp mean=33.50.",True,False,0.5427,1.0187,-0.03,-0.079,0.089,3.071,0.011,"wrist_eda,bvp"
6,1590,"Biosignal window flagged by the Isolation Forest anomaly detector. Deviating channels show an abrupt, high-amplitude pattern (elevated kurtosis/peak-to-peak vs this subject's baseline). elevated wrist_eda (z=+2.9 vs subject baseline, mean=28.12) reduced bvp (z=-1.1 vs subject baseline, mean=-0.98) Relevant topics: electrodermal activity skin conductance sympathetic stress arousal sweat response photoplethysmography pulse waveform amplitude perfusion signal quality motion artifact atrial fibrillation screening. Other readings: ecg mean=0.00, resp mean=0.03, wrist_temp mean=33.43.",True,False,0.5328,1.0231,-0.508,-0.041,-1.071,2.908,-0.045,"wrist_eda,bvp"
6,1591,"Biosignal window flagged by the Isolation Forest anomaly detector. Deviating channels show an abrupt, high-amplitude pattern (elevated kurtosis/peak-to-peak vs this subject's baseline). elevated wrist_eda (z=+2.2 vs subject baseline, mean=23.32) elevated bvp (z=+0.6 vs subject baseline, mean=0.52) Relevant topics: electrodermal activity skin conductance sympathetic stress arousal sweat response photoplethysmography pulse waveform amplitude perfusion signal quality motion artifact atrial fibrillation screening. Other readings: ecg mean=0.00, resp mean=0.04, wrist_temp mean=33.41.",True,False,0.5023,1.0019,-0.333,0.013,0.632,2.204,-0.06,"wrist_eda,bvp"
6,1592,"Biosignal window flagged by the Isolation Forest anomaly detector. Deviating channels show an abrupt, high-amplitude pattern (elevated kurtosis/peak-to-peak vs this subject's baseline). elevated wrist_eda (z=+2.4 vs subject baseline, mean=24.49) reduced ecg (z=-0.4 vs subject baseline, mean=0.00) Relevant topics: electrodermal activity skin conductance sympathetic stress arousal sweat response electrocardiogram rhythm irregularity heart rate variability arrhythmia ectopic beats atrial fibrillation. Other readings: resp mean=0.05, bvp mean=-0.03, wrist_temp mean=33.45.",True,False,0.5146,1.0094,-0.443,0.067,0.013,2.376,-0.029,"wrist_eda,ecg"
6,1594,"Biosignal window flagged by the Isolation Forest anomaly detector. Deviating channels show a sustained level shift from this subject's baseline. elevated wrist_eda (z=+2.2 vs subject baseline, mean=23.13) elevated ecg (z=+0.5 vs subject baseline, mean=0.01) Relevant topics: electrodermal activity skin conductance sympathetic stress arousal sweat response electrocardiogram rhythm irregularity heart rate variability arrhythmia ectopic beats atrial fibrillation. Other readings: resp mean=0.04, bvp mean=-0.25, wrist_temp mean=33.35.",True,False,0.5017,0.9875,0.472,0.028,-0.239,2.175,-0.106,"wrist_eda,ecg"
6,1595,"Biosignal window flagged by the Isolation Forest anomaly detector. Deviating channels show an abrupt, high-amplitude pattern (elevated kurtosis/peak-to-peak vs this subject's baseline). elevated wrist_eda (z=+2.3 vs subject baseline, mean=24.07) reduced bvp (z=-0.1 vs subject baseline, mean=-0.15) Relevant topics: electrodermal activity skin conductance sympathetic stress arousal sweat response photoplethysmography pulse waveform amplitude perfusion signal quality motion artifact atrial fibrillation screening. Other readings: ecg mean=0.00, resp mean=0.04, wrist_temp mean=33.33.",True,False,0.546,1.2634,-0.03,-0.024,-0.13,2.313,-0.127,"wrist_eda,bvp"
6,1596,"Biosignal window flagged by the Isolation Forest anomaly detector. Deviating channels show an abrupt, high-amplitude pattern (elevated kurtosis/peak-to-peak vs this subject's baseline). elevated wrist_eda (z=+2.4 vs subject baseline, mean=24.42) reduced ecg (z=-0.5 vs subject baseline, mean=0.00) Relevant topics: electrodermal activity skin conductance sympathetic stress arousal sweat response electrocardiogram rhythm irregularity heart rate variability arrhythmia ectopic beats atrial fibrillation. Other readings: resp mean=0.02, bvp mean=0.31, wrist_temp mean=33.31.",True,False,0.5145,1.0044,-0.49,-0.106,0.388,2.365,-0.139,"wrist_eda,ecg"
6,1597,"Biosignal window flagged by the Isolation Forest anomaly detector. Deviating channels show an abrupt, high-amplitude pattern (elevated kurtosis/peak-to-peak vs this subject's baseline). elevated wrist_eda (z=+2.6 vs subject baseline, mean=25.77) elevated bvp (z=+2.2 vs subject baseline, mean=1.88) Relevant topics: electrodermal activity skin conductance sympathetic stress arousal sweat response photoplethysmography pulse waveform amplitude perfusion signal quality motion artifact atrial fibrillation screening. Other readings: ecg mean=0.00, resp mean=-0.00, wrist_temp mean=33.35.",True,False,0.5367,1.0061,-0.343,-0.237,2.165,2.563,-0.107,"wrist_eda,bvp"
6,1598,"Biosignal window flagged by the Isolation Forest anomaly detector. Deviating channels show an abrupt, high-amplitude pattern (elevated kurtosis/peak-to-peak vs this subject's baseline). reduced bvp (z=-3.0 vs subject baseline, mean=-2.70) elevated wrist_eda (z=+2.8 vs subject baseline, mean=27.24) Relevant topics: photoplethysmography pulse waveform amplitude perfusion signal quality motion artifact atrial fibrillation screening electrodermal activity skin conductance sympathetic stress arousal sweat response. Other readings: ecg mean=0.00, resp mean=-0.01, wrist_temp mean=33.42.",True,False,0.5528,1.1081,-0.517,-0.302,-3.015,2.779,-0.054,"bvp,wrist_eda"
6,1599,"Biosignal window flagged by the Isolation Forest anomaly detector. Deviating channels show a sustained level shift from this subject's baseline. elevated wrist_eda (z=+2.7 vs subject baseline, mean=26.75) elevated ecg (z=+1.0 vs subject baseline, mean=0.01) Relevant topics: electrodermal activity skin conductance sympathetic stress arousal sweat response electrocardiogram rhythm irregularity heart rate variability arrhythmia ectopic beats atrial fibrillation. Other readings: resp mean=-0.03, bvp mean=0.67, wrist_temp mean=33.44.",True,False,0.544,1.04,1.008,-0.403,0.8,2.707,-0.039,"wrist_eda,ecg"
6,1600,"Biosignal window flagged by the Isolation Forest anomaly detector. Deviating channels show a sustained level shift from this subject's baseline. elevated wrist_eda (z=+2.5 vs subject baseline, mean=25.57) reduced ecg (z=-1.4 vs subject baseline, mean=-0.00) Relevant topics: electrodermal activity skin conductance sympathetic stress arousal sweat response electrocardiogram rhythm irregularity heart rate variability arrhythmia ectopic beats atrial fibrillation. Other readings: resp mean=-0.05, bvp mean=0.16, wrist_temp mean=33.46.",True,False,0.5295,1.0562,-1.417,-0.527,0.228,2.533,-0.021,"wrist_eda,ecg"
6,1601,"Biosignal window flagged by the Isolation Forest anomaly detector. Deviating channels show a sustained level shift from this subject's baseline. reduced bvp (z=-2.3 vs subject baseline, mean=-2.07) elevated wrist_eda (z=+2.3 vs subject baseline, mean=23.75) Relevant topics: photoplethysmography pulse waveform amplitude perfusion signal quality motion artifact atrial fibrillation screening electrodermal activity skin conductance sympathetic stress arousal sweat response. Other readings: ecg mean=-0.00, resp mean=-0.07, wrist_temp mean=33.50.",True,False,0.5134,1.0109,-0.734,-0.619,-2.299,2.266,0.008,"bvp,wrist_eda"
6,1602,"Biosignal window flagged by the Isolation Forest anomaly detector. Deviating channels show a sustained level shift from this subject's baseline. elevated bvp (z=+2.4 vs subject baseline, mean=2.07) elevated wrist_eda (z=+2.3 vs subject baseline, mean=23.69) Relevant topics: photoplethysmography pulse waveform amplitude perfusion signal quality motion artifact atrial fibrillation screening electrodermal activity skin conductance sympathetic stress arousal sweat response. Other readings: ecg mean=0.01, resp mean=-0.09, wrist_temp mean=33.56.",True,False,0.5303,1.0021,0.68,-0.75,2.381,2.257,0.056,"bvp,wrist_eda"
6,1603,"Biosignal window flagged by the Isolation Forest anomaly detector. Deviating channels show a sustained level shift from this subject's baseline. elevated wrist_eda (z=+2.1 vs subject baseline, mean=22.95) reduced ecg (z=-1.3 vs subject baseline, mean=-0.00) Relevant topics: electrodermal activity skin conductance sympathetic stress arousal sweat response electrocardiogram rhythm irregularity heart rate variability arrhythmia ectopic beats atrial fibrillation. Other readings: resp mean=-0.13, bvp mean=-0.81, wrist_temp mean=33.68.",True,False,0.5206,1.0057,-1.329,-0.951,-0.868,2.149,0.143,"wrist_eda,ecg"
6,1604,"Biosignal window flagged by the Isolation Forest anomaly detector. Deviating channels show an abrupt, high-amplitude pattern (elevated kurtosis/peak-to-peak vs this subject's baseline). elevated wrist_eda (z=+2.0 vs subject baseline, mean=22.11) reduced ecg (z=-1.1 vs subject baseline, mean=-0.00) Relevant topics: electrodermal activity skin conductance sympathetic stress arousal sweat response electrocardiogram rhythm irregularity heart rate variability arrhythmia ectopic beats atrial fibrillation. Other readings: resp mean=-0.16, bvp mean=0.75, wrist_temp mean=33.79.",True,False,0.5412,1.0486,-1.105,-1.089,0.888,2.026,0.233,"wrist_eda,ecg"
6,1605,"Biosignal window flagged by the Isolation Forest anomaly detector. Deviating channels show a sustained level shift from this subject's baseline. elevated bvp (z=+2.7 vs subject baseline, mean=2.31) elevated wrist_eda (z=+2.0 vs subject baseline, mean=21.87) Relevant topics: photoplethysmography pulse waveform amplitude perfusion signal quality motion artifact atrial fibrillation screening electrodermal activity skin conductance sympathetic stress arousal sweat response. Other readings: ecg mean=0.01, resp mean=-0.17, wrist_temp mean=33.91.",True,False,0.5092,0.9995,1.159,-1.147,2.653,1.99,0.326,"bvp,wrist_eda"
6,1606,"Biosignal window flagged by the Isolation Forest anomaly detector. Deviating channels show an abrupt, high-amplitude pattern (elevated kurtosis/peak-to-peak vs this subject's baseline). reduced bvp (z=-3.2 vs subject baseline, mean=-2.91) elevated wrist_eda (z=+1.9 vs subject baseline, mean=21.03) Relevant topics: photoplethysmography pulse waveform amplitude perfusion signal quality motion artifact atrial fibrillation screening electrodermal activity skin conductance sympathetic stress arousal sweat response. Other readings: ecg mean=0.00, resp mean=-0.19, wrist_temp mean=34.00.",True,False,0.5142,1.0278,-0.383,-1.268,-3.248,1.867,0.395,"bvp,wrist_eda"
6,1609,"Biosignal window flagged by the Isolation Forest anomaly detector. Deviating channels show an abrupt, high-amplitude pattern (elevated kurtosis/peak-to-peak vs this subject's baseline). elevated wrist_eda (z=+1.5 vs subject baseline, mean=18.77) reduced ecg (z=-0.8 vs subject baseline, mean=-0.00) Relevant topics: electrodermal activity skin conductance sympathetic stress arousal sweat response electrocardiogram rhythm irregularity heart rate variability arrhythmia ectopic beats atrial fibrillation. Other readings: resp mean=-0.06, bvp mean=-0.47, wrist_temp mean=34.21.",True,False,0.5019,1.0525,-0.846,-0.558,-0.485,1.534,0.559,"wrist_eda,ecg"
6,1610,"Biosignal window flagged by the Isolation Forest anomaly detector. Deviating channels show an abrupt, high-amplitude pattern (elevated kurtosis/peak-to-peak vs this subject's baseline). elevated ecg (z=+1.7 vs subject baseline, mean=0.01) elevated wrist_eda (z=+1.5 vs subject baseline, mean=18.27) Relevant topics: electrocardiogram rhythm irregularity heart rate variability arrhythmia ectopic beats atrial fibrillation electrodermal activity skin conductance sympathetic stress arousal sweat response. Other readings: resp mean=-0.05, bvp mean=-1.09, wrist_temp mean=34.23.",True,False,0.5195,1.0724,1.736,-0.483,-1.187,1.46,0.575,"ecg,wrist_eda"
6,1611,"Biosignal window flagged by the Isolation Forest anomaly detector. Deviating channels show a sustained level shift from this subject's baseline. elevated wrist_eda (z=+1.6 vs subject baseline, mean=19.18) elevated bvp (z=+0.7 vs subject baseline, mean=0.57) Relevant topics: electrodermal activity skin conductance sympathetic stress arousal sweat response photoplethysmography pulse waveform amplitude perfusion signal quality motion artifact atrial fibrillation screening. Other readings: ecg mean=0.00, resp mean=-0.05, wrist_temp mean=34.23.",True,False,0.5012,1.0174,-0.032,-0.473,0.687,1.594,0.573,"wrist_eda,bvp"
6,1614,"Biosignal window flagged by the Isolation Forest anomaly detector. Deviating channels show an abrupt, high-amplitude pattern (elevated kurtosis/peak-to-peak vs this subject's baseline). elevated wrist_eda (z=+1.4 vs subject baseline, mean=17.93) reduced ecg (z=-1.1 vs subject baseline, mean=-0.00) Relevant topics: electrodermal activity skin conductance sympathetic stress arousal sweat response electrocardiogram rhythm irregularity heart rate variability arrhythmia ectopic beats atrial fibrillation. Other readings: resp mean=-0.07, bvp mean=-0.63, wrist_temp mean=34.23.",True,False,0.5147,1.1795,-1.072,-0.608,-0.674,1.41,0.57,"wrist_eda,ecg"
6,1616,"Biosignal window flagged by the Isolation Forest anomaly detector. Deviating channels show an abrupt, high-amplitude pattern (elevated kurtosis/peak-to-peak vs this subject's baseline). elevated bvp (z=+3.2 vs subject baseline, mean=2.77) reduced ecg (z=-2.3 vs subject baseline, mean=-0.01) Relevant topics: photoplethysmography pulse waveform amplitude perfusion signal quality motion artifact atrial fibrillation screening electrocardiogram rhythm irregularity heart rate variability arrhythmia ectopic beats atrial fibrillation. Other readings: resp mean=-0.07, wrist_eda mean=15.97, wrist_temp mean=34.26.",True,False,0.5285,1.2196,-2.342,-0.588,3.179,1.124,0.592,"bvp,ecg"
6,1617,"Biosignal window flagged by the Isolation Forest anomaly detector. Deviating channels show an abrupt, high-amplitude pattern (elevated kurtosis/peak-to-peak vs this subject's baseline). reduced ecg (z=-1.3 vs subject baseline, mean=-0.00) elevated wrist_eda (z=+1.2 vs subject baseline, mean=16.19) Relevant topics: electrocardiogram rhythm irregularity heart rate variability arrhythmia ectopic beats atrial fibrillation electrodermal activity skin conductance sympathetic stress arousal sweat response. Other readings: resp mean=-0.06, bvp mean=0.18, wrist_temp mean=34.21.",True,False,0.516,1.1264,-1.292,-0.56,0.248,1.156,0.556,"ecg,wrist_eda"
6,1619,"Biosignal window flagged by the Isolation Forest anomaly detector. Deviating channels show an abrupt, high-amplitude pattern (elevated kurtosis/peak-to-peak vs this subject's baseline). elevated wrist_eda (z=+1.3 vs subject baseline, mean=17.06) reduced ecg (z=-0.7 vs subject baseline, mean=-0.00) Relevant topics: electrodermal activity skin conductance sympathetic stress arousal sweat response electrocardiogram rhythm irregularity heart rate variability arrhythmia ectopic beats atrial fibrillation. Other readings: resp mean=-0.06, bvp mean=0.38, wrist_temp mean=34.15.",True,False,0.5081,1.0944,-0.704,-0.543,0.467,1.283,0.511,"wrist_eda,ecg"
6,1620,"Biosignal window flagged by the Isolation Forest anomaly detector. Deviating channels show a moderate shift from this subject's baseline. reduced ecg (z=-1.4 vs subject baseline, mean=-0.00) reduced bvp (z=-1.3 vs subject baseline, mean=-1.20) Relevant topics: electrocardiogram rhythm irregularity heart rate variability arrhythmia ectopic beats atrial fibrillation photoplethysmography pulse waveform amplitude perfusion signal quality motion artifact atrial fibrillation screening. Other readings: resp mean=-0.06, wrist_eda mean=16.86, wrist_temp mean=34.15.",True,False,0.502,1.1337,-1.439,-0.531,-1.31,1.253,0.515,"ecg,bvp"
6,1623,"Biosignal window flagged by the Isolation Forest anomaly detector. Deviating channels show an abrupt, high-amplitude pattern (elevated kurtosis/peak-to-peak vs this subject's baseline). elevated wrist_eda (z=+1.5 vs subject baseline, mean=18.64) reduced ecg (z=-1.1 vs subject baseline, mean=-0.00) Relevant topics: electrodermal activity skin conductance sympathetic stress arousal sweat response electrocardiogram rhythm irregularity heart rate variability arrhythmia ectopic beats atrial fibrillation. Other readings: resp mean=-0.06, bvp mean=0.07, wrist_temp mean=34.29.",True,False,0.4991,1.0043,-1.109,-0.535,0.12,1.516,0.621,"wrist_eda,ecg"
6,1624,"Biosignal window flagged by the Isolation Forest anomaly detector. Deviating channels show an abrupt, high-amplitude pattern (elevated kurtosis/peak-to-peak vs this subject's baseline). elevated wrist_eda (z=+1.8 vs subject baseline, mean=20.80) reduced ecg (z=-1.4 vs subject baseline, mean=-0.00) Relevant topics: electrodermal activity skin conductance sympathetic stress arousal sweat response electrocardiogram rhythm irregularity heart rate variability arrhythmia ectopic beats atrial fibrillation. Other readings: resp mean=-0.07, bvp mean=-0.80, wrist_temp mean=34.27.",True,False,0.5317,1.1177,-1.394,-0.591,-0.858,1.832,0.607,"wrist_eda,ecg"
6,1625,"Biosignal window flagged by the Isolation Forest anomaly detector. Deviating channels show an abrupt, high-amplitude pattern (elevated kurtosis/peak-to-peak vs this subject's baseline). elevated wrist_eda (z=+1.9 vs subject baseline, mean=21.33) elevated bvp (z=+1.2 vs subject baseline, mean=1.01) Relevant topics: electrodermal activity skin conductance sympathetic stress arousal sweat response photoplethysmography pulse waveform amplitude perfusion signal quality motion artifact atrial fibrillation screening. Other readings: ecg mean=-0.00, resp mean=-0.08, wrist_temp mean=34.29.",True,False,0.5418,1.0677,-0.855,-0.685,1.187,1.911,0.617,"wrist_eda,bvp"
6,1626,"Biosignal window flagged by the Isolation Forest anomaly detector. Deviating channels show a sustained level shift from this subject's baseline. elevated wrist_eda (z=+1.7 vs subject baseline, mean=19.80) reduced bvp (z=-1.3 vs subject baseline, mean=-1.16) Relevant topics: electrodermal activity skin conductance sympathetic stress arousal sweat response photoplethysmography pulse waveform amplitude perfusion signal quality motion artifact atrial fibrillation screening. Other readings: ecg mean=-0.00, resp mean=-0.09, wrist_temp mean=34.33.",True,False,0.507,1.011,-0.668,-0.738,-1.27,1.685,0.646,"wrist_eda,bvp"
6,1627,"Biosignal window flagged by the Isolation Forest anomaly detector. Deviating channels show a sustained level shift from this subject's baseline. elevated wrist_eda (z=+1.5 vs subject baseline, mean=18.73) reduced resp (z=-0.8 vs subject baseline, mean=-0.10) Relevant topics: electrodermal activity skin conductance sympathetic stress arousal sweat response respiration rate breathing pattern tachypnea bradypnea ventilation. Other readings: ecg mean=0.00, bvp mean=0.19, wrist_temp mean=34.40.",True,False,0.5069,1.0231,-0.589,-0.753,0.258,1.528,0.703,"wrist_eda,resp"
6,1629,"Biosignal window flagged by the Isolation Forest anomaly detector. Deviating channels show a sustained level shift from this subject's baseline. elevated bvp (z=+3.4 vs subject baseline, mean=2.95) elevated wrist_eda (z=+1.2 vs subject baseline, mean=16.31) Relevant topics: photoplethysmography pulse waveform amplitude perfusion signal quality motion artifact atrial fibrillation screening electrodermal activity skin conductance sympathetic stress arousal sweat response. Other readings: ecg mean=0.00, resp mean=-0.13, wrist_temp mean=34.49.",True,False,0.5044,1.1589,-0.498,-0.935,3.38,1.172,0.77,"bvp,wrist_eda"
7,1715,"Biosignal window flagged by the LOF anomaly detector. Deviating channels show an abrupt, high-amplitude pattern (elevated kurtosis/peak-to-peak vs this subject's baseline). elevated ecg (z=+5.1 vs subject baseline, mean=0.01) reduced wrist_temp (z=-1.6 vs subject baseline, mean=30.33) Relevant topics: electrocardiogram rhythm irregularity heart rate variability arrhythmia ectopic beats atrial fibrillation skin temperature thermal perfusion vasomotor ambient temperature sensor effects. Other readings: resp mean=0.14, bvp mean=0.53, wrist_eda mean=5.73.",False,True,0.4243,1.4086,5.068,0.532,0.777,0.329,-1.626,"ecg,wrist_temp"
7,1762,"Biosignal window flagged by the LOF anomaly detector. Deviating channels show an abrupt, high-amplitude pattern (elevated kurtosis/peak-to-peak vs this subject's baseline). elevated ecg (z=+2.4 vs subject baseline, mean=0.01) elevated wrist_eda (z=+1.8 vs subject baseline, mean=10.43) Relevant topics: electrocardiogram rhythm irregularity heart rate variability arrhythmia ectopic beats atrial fibrillation electrodermal activity skin conductance sympathetic stress arousal sweat response. Other readings: resp mean=0.06, bvp mean=-0.61, wrist_temp mean=32.50.",False,True,0.4321,1.3003,2.415,0.074,-0.919,1.812,-0.498,"ecg,wrist_eda"
7,1768,"Biosignal window flagged by the LOF anomaly detector. Deviating channels show an abrupt, high-amplitude pattern (elevated kurtosis/peak-to-peak vs this subject's baseline). elevated wrist_eda (z=+2.9 vs subject baseline, mean=13.75) elevated resp (z=+1.4 vs subject baseline, mean=0.28) Relevant topics: electrodermal activity skin conductance sympathetic stress arousal sweat response respiration rate breathing pattern tachypnea bradypnea ventilation. Other readings: ecg mean=0.00, bvp mean=0.51, wrist_temp mean=32.90.",False,True,0.4557,1.2966,-0.532,1.43,0.744,2.86,-0.29,"wrist_eda,resp"
7,1796,"Biosignal window flagged by the LOF anomaly detector. Deviating channels show an abrupt, high-amplitude pattern (elevated kurtosis/peak-to-peak vs this subject's baseline). elevated wrist_eda (z=+1.5 vs subject baseline, mean=9.48) elevated wrist_temp (z=+0.9 vs subject baseline, mean=35.15) Relevant topics: electrodermal activity skin conductance sympathetic stress arousal sweat response skin temperature thermal perfusion vasomotor ambient temperature sensor effects. Other readings: ecg mean=0.00, resp mean=0.01, bvp mean=0.03.",False,True,0.44,1.3744,-0.416,-0.247,0.031,1.512,0.883,"wrist_eda,wrist_temp"
7,1800,"Biosignal window flagged by the LOF anomaly detector. Deviating channels show an abrupt, high-amplitude pattern (elevated kurtosis/peak-to-peak vs this subject's baseline). reduced ecg (z=-1.6 vs subject baseline, mean=-0.00) elevated wrist_eda (z=+1.6 vs subject baseline, mean=9.88) Relevant topics: electrocardiogram rhythm irregularity heart rate variability arrhythmia ectopic beats atrial fibrillation electrodermal activity skin conductance sympathetic stress arousal sweat response. Other readings: resp mean=0.22, bvp mean=-0.98, wrist_temp mean=35.41.",False,True,0.4293,1.3026,-1.641,1.076,-1.471,1.64,1.014,"ecg,wrist_eda"
7,1801,"Biosignal window flagged by the LOF anomaly detector. Deviating channels show an abrupt, high-amplitude pattern (elevated kurtosis/peak-to-peak vs this subject's baseline). elevated wrist_eda (z=+1.9 vs subject baseline, mean=10.69) elevated wrist_temp (z=+1.0 vs subject baseline, mean=35.45) Relevant topics: electrodermal activity skin conductance sympathetic stress arousal sweat response skin temperature thermal perfusion vasomotor ambient temperature sensor effects. Other readings: ecg mean=0.00, resp mean=0.13, bvp mean=-0.13.",False,True,0.4277,1.4347,0.855,0.485,-0.205,1.895,1.038,"wrist_eda,wrist_temp"
7,1804,"Biosignal window flagged by the LOF anomaly detector. Deviating channels show an abrupt, high-amplitude pattern (elevated kurtosis/peak-to-peak vs this subject's baseline). reduced resp (z=-3.5 vs subject baseline, mean=-0.50) reduced bvp (z=-1.5 vs subject baseline, mean=-1.01) Relevant topics: respiration rate breathing pattern tachypnea bradypnea ventilation photoplethysmography pulse waveform amplitude perfusion signal quality motion artifact atrial fibrillation screening. Other readings: ecg mean=0.00, wrist_eda mean=8.52, wrist_temp mean=35.56.",False,True,0.4334,1.3611,1.425,-3.453,-1.506,1.209,1.092,"resp,bvp"
7,1927,"Biosignal window flagged by the LOF anomaly detector. Deviating channels show a sustained level shift from this subject's baseline. reduced resp (z=-2.4 vs subject baseline, mean=-0.34) reduced ecg (z=-1.1 vs subject baseline, mean=-0.00) Relevant topics: respiration rate breathing pattern tachypnea bradypnea ventilation electrocardiogram rhythm irregularity heart rate variability arrhythmia ectopic beats atrial fibrillation. Other readings: bvp mean=0.11, wrist_eda mean=6.30, wrist_temp mean=34.16.",False,True,0.4215,1.2979,-1.094,-2.421,0.156,0.508,0.364,"resp,ecg"
7,1931,"Biosignal window flagged by the LOF anomaly detector. Deviating channels show an abrupt, high-amplitude pattern (elevated kurtosis/peak-to-peak vs this subject's baseline). elevated bvp (z=+6.1 vs subject baseline, mean=4.11) elevated resp (z=+2.6 vs subject baseline, mean=0.47) Relevant topics: photoplethysmography pulse waveform amplitude perfusion signal quality motion artifact atrial fibrillation screening respiration rate breathing pattern tachypnea bradypnea ventilation. Other readings: ecg mean=0.00, wrist_eda mean=5.44, wrist_temp mean=34.18.",False,True,0.4344,1.6072,-0.266,2.616,6.088,0.239,0.376,"bvp,resp"
7,1932,"Biosignal window flagged by the LOF anomaly detector. Deviating channels show an abrupt, high-amplitude pattern (elevated kurtosis/peak-to-peak vs this subject's baseline). reduced bvp (z=-6.4 vs subject baseline, mean=-4.31) reduced resp (z=-3.1 vs subject baseline, mean=-0.44) Relevant topics: photoplethysmography pulse waveform amplitude perfusion signal quality motion artifact atrial fibrillation screening respiration rate breathing pattern tachypnea bradypnea ventilation. Other readings: ecg mean=0.00, wrist_eda mean=5.34, wrist_temp mean=34.20.",False,True,0.4531,1.5194,0.462,-3.07,-6.406,0.208,0.386,"bvp,resp"
7,1939,"Biosignal window flagged by the LOF anomaly detector. Deviating channels show a sustained level shift from this subject's baseline. elevated ecg (z=+6.2 vs subject baseline, mean=0.01) reduced bvp (z=-0.8 vs subject baseline, mean=-0.51) Relevant topics: electrocardiogram rhythm irregularity heart rate variability arrhythmia ectopic beats atrial fibrillation photoplethysmography pulse waveform amplitude perfusion signal quality motion artifact atrial fibrillation screening. Other readings: resp mean=-0.04, wrist_eda mean=3.59, wrist_temp mean=34.27.",False,True,0.3921,1.3037,6.165,-0.57,-0.771,-0.344,0.423,"ecg,bvp"
7,1943,"Biosignal window flagged by the LOF anomaly detector. Deviating channels show an abrupt, high-amplitude pattern (elevated kurtosis/peak-to-peak vs this subject's baseline). reduced resp (z=-0.5 vs subject baseline, mean=-0.03) reduced bvp (z=-0.5 vs subject baseline, mean=-0.33) Relevant topics: respiration rate breathing pattern tachypnea bradypnea ventilation photoplethysmography pulse waveform amplitude perfusion signal quality motion artifact atrial fibrillation screening. Other readings: ecg mean=0.00, wrist_eda mean=3.18, wrist_temp mean=34.28.",False,True,0.4063,1.2916,0.098,-0.536,-0.503,-0.475,0.43,"resp,bvp"
8,1970,"Biosignal window flagged by the LOF anomaly detector. Deviating channels show an abrupt, high-amplitude pattern (elevated kurtosis/peak-to-peak vs this subject's baseline). reduced bvp (z=-1.5 vs subject baseline, mean=-0.72) elevated ecg (z=+1.2 vs subject baseline, mean=0.00) Relevant topics: photoplethysmography pulse waveform amplitude perfusion signal quality motion artifact atrial fibrillation screening electrocardiogram rhythm irregularity heart rate variability arrhythmia ectopic beats atrial fibrillation. Other readings: resp mean=0.17, wrist_eda mean=0.24, wrist_temp mean=30.85.",False,True,0.4293,1.3273,1.152,0.764,-1.491,-1.092,0.835,"bvp,ecg"
8,1972,"Biosignal window flagged by the LOF anomaly detector. Deviating channels show a sustained level shift from this subject's baseline. elevated resp (z=+3.0 vs subject baseline, mean=0.50) reduced ecg (z=-1.4 vs subject baseline, mean=-0.00) Relevant topics: respiration rate breathing pattern tachypnea bradypnea ventilation electrocardiogram rhythm irregularity heart rate variability arrhythmia ectopic beats atrial fibrillation. Other readings: bvp mean=-0.02, wrist_eda mean=0.32, wrist_temp mean=30.74.",False,True,0.4383,1.3761,-1.428,2.961,-0.047,-1.073,0.768,"resp,ecg"
8,2000,"Biosignal window flagged by the LOF anomaly detector. Deviating channels show an abrupt, high-amplitude pattern (elevated kurtosis/peak-to-peak vs this subject's baseline). reduced ecg (z=-1.8 vs subject baseline, mean=-0.00) reduced wrist_eda (z=-1.0 vs subject baseline, mean=0.44) Relevant topics: electrocardiogram rhythm irregularity heart rate variability arrhythmia ectopic beats atrial fibrillation electrodermal activity skin conductance sympathetic stress arousal sweat response. Other readings: resp mean=-0.02, bvp mean=-0.46, wrist_temp mean=30.00.",False,True,0.439,1.3321,-1.777,-0.486,-0.96,-1.048,0.319,"ecg,wrist_eda"
8,2011,"Biosignal window flagged by the LOF anomaly detector. Deviating channels show an abrupt, high-amplitude pattern (elevated kurtosis/peak-to-peak vs this subject's baseline). reduced resp (z=-3.6 vs subject baseline, mean=-0.49) reduced wrist_eda (z=-1.1 vs subject baseline, mean=0.40) Relevant topics: respiration rate breathing pattern tachypnea bradypnea ventilation electrodermal activity skin conductance sympathetic stress arousal sweat response. Other readings: ecg mean=0.00, bvp mean=-0.06, wrist_temp mean=29.54.",False,True,0.4633,1.3387,0.218,-3.635,-0.128,-1.055,0.035,"resp,wrist_eda"
8,2041,"Biosignal window flagged by the Isolation Forest anomaly detector. Deviating channels show an abrupt, high-amplitude pattern (elevated kurtosis/peak-to-peak vs this subject's baseline). elevated bvp (z=+1.5 vs subject baseline, mean=0.74) elevated ecg (z=+0.6 vs subject baseline, mean=0.00) Relevant topics: photoplethysmography pulse waveform amplitude perfusion signal quality motion artifact atrial fibrillation screening electrocardiogram rhythm irregularity heart rate variability arrhythmia ectopic beats atrial fibrillation. Other readings: resp mean=0.05, wrist_eda mean=4.50, wrist_temp mean=28.96.",True,False,0.5007,1.2297,0.648,-0.016,1.502,-0.15,-0.317,"bvp,ecg"
8,2045,"Biosignal window flagged by the LOF anomaly detector. Deviating channels are only mildly unusual vs this subject's baseline. elevated bvp (z=+0.7 vs subject baseline, mean=0.36) reduced ecg (z=-0.6 vs subject baseline, mean=0.00) Relevant topics: photoplethysmography pulse waveform amplitude perfusion signal quality motion artifact atrial fibrillation screening electrocardiogram rhythm irregularity heart rate variability arrhythmia ectopic beats atrial fibrillation. Other readings: resp mean=0.06, wrist_eda mean=4.10, wrist_temp mean=29.44.",False,True,0.4736,1.3615,-0.598,0.076,0.737,-0.238,-0.024,"bvp,ecg"
8,2046,"Biosignal window flagged by the Isolation Forest anomaly detector. Deviating channels show an abrupt, high-amplitude pattern (elevated kurtosis/peak-to-peak vs this subject's baseline). elevated resp (z=+1.6 vs subject baseline, mean=0.29) reduced bvp (z=-0.6 vs subject baseline, mean=-0.26) Relevant topics: respiration rate breathing pattern tachypnea bradypnea ventilation photoplethysmography pulse waveform amplitude perfusion signal quality motion artifact atrial fibrillation screening. Other readings: ecg mean=0.00, wrist_eda mean=3.25, wrist_temp mean=28.86.",True,False,0.5088,1.2628,0.252,1.599,-0.554,-0.426,-0.378,"resp,bvp"
8,2048,"Biosignal window flagged by the Isolation Forest anomaly detector. Deviating channels show an abrupt, high-amplitude pattern (elevated kurtosis/peak-to-peak vs this subject's baseline). reduced resp (z=-2.1 vs subject baseline, mean=-0.26) elevated ecg (z=+1.2 vs subject baseline, mean=0.00) Relevant topics: respiration rate breathing pattern tachypnea bradypnea ventilation electrocardiogram rhythm irregularity heart rate variability arrhythmia ectopic beats atrial fibrillation. Other readings: bvp mean=0.32, wrist_eda mean=4.91, wrist_temp mean=28.34.",True,False,0.5036,1.2067,1.215,-2.102,0.646,-0.06,-0.696,"resp,ecg"
8,2049,"Biosignal window flagged by the Isolation Forest anomaly detector. Deviating channels show an abrupt, high-amplitude pattern (elevated kurtosis/peak-to-peak vs this subject's baseline). reduced ecg (z=-2.3 vs subject baseline, mean=-0.00) elevated resp (z=+1.1 vs subject baseline, mean=0.23) Relevant topics: electrocardiogram rhythm irregularity heart rate variability arrhythmia ectopic beats atrial fibrillation respiration rate breathing pattern tachypnea bradypnea ventilation. Other readings: bvp mean=-0.26, wrist_eda mean=5.95, wrist_temp mean=27.98.",True,False,0.515,1.2102,-2.27,1.145,-0.552,0.169,-0.917,"ecg,resp"
8,2050,"Biosignal window flagged by the Isolation Forest anomaly detector. Deviating channels show an abrupt, high-amplitude pattern (elevated kurtosis/peak-to-peak vs this subject's baseline). elevated ecg (z=+1.4 vs subject baseline, mean=0.00) reduced wrist_temp (z=-1.1 vs subject baseline, mean=27.70) Relevant topics: electrocardiogram rhythm irregularity heart rate variability arrhythmia ectopic beats atrial fibrillation skin temperature thermal perfusion vasomotor ambient temperature sensor effects. Other readings: resp mean=0.12, bvp mean=-0.08, wrist_eda mean=7.32.",True,False,0.5266,1.1394,1.445,0.422,-0.173,0.472,-1.084,"ecg,wrist_temp"
8,2052,"Biosignal window flagged by the Isolation Forest anomaly detector. Deviating channels show an abrupt, high-amplitude pattern (elevated kurtosis/peak-to-peak vs this subject's baseline). reduced resp (z=-2.1 vs subject baseline, mean=-0.26) reduced wrist_temp (z=-1.2 vs subject baseline, mean=27.54) Relevant topics: respiration rate breathing pattern tachypnea bradypnea ventilation skin temperature thermal perfusion vasomotor ambient temperature sensor effects. Other readings: ecg mean=0.00, bvp mean=0.32, wrist_eda mean=6.91.",True,False,0.5074,1.2103,-0.258,-2.054,0.644,0.381,-1.184,"resp,wrist_temp"
8,2053,"Biosignal window flagged by the Isolation Forest anomaly detector. Deviating channels show an abrupt, high-amplitude pattern (elevated kurtosis/peak-to-peak vs this subject's baseline). elevated resp (z=+2.2 vs subject baseline, mean=0.38) reduced wrist_temp (z=-1.1 vs subject baseline, mean=27.61) Relevant topics: respiration rate breathing pattern tachypnea bradypnea ventilation skin temperature thermal perfusion vasomotor ambient temperature sensor effects. Other readings: ecg mean=0.00, bvp mean=-0.04, wrist_eda mean=7.91.",True,False,0.499,1.1538,-0.768,2.162,-0.09,0.604,-1.139,"resp,wrist_temp"
8,2064,"Biosignal window flagged by both anomaly detectors (Isolation Forest and LOF). Deviating channels show an abrupt, high-amplitude pattern (elevated kurtosis/peak-to-peak vs this subject's baseline). elevated ecg (z=+2.4 vs subject baseline, mean=0.00) reduced wrist_temp (z=-1.8 vs subject baseline, mean=26.49) Relevant topics: electrocardiogram rhythm irregularity heart rate variability arrhythmia ectopic beats atrial fibrillation skin temperature thermal perfusion vasomotor ambient temperature sensor effects. Other readings: resp mean=0.32, bvp mean=0.07, wrist_eda mean=6.69.",True,True,0.5416,1.419,2.374,1.77,0.132,0.334,-1.824,"ecg,wrist_temp"
8,2067,"Biosignal window flagged by the Isolation Forest anomaly detector. Deviating channels show a sustained level shift from this subject's baseline. elevated ecg (z=+2.0 vs subject baseline, mean=0.00) reduced wrist_temp (z=-1.7 vs subject baseline, mean=26.65) Relevant topics: electrocardiogram rhythm irregularity heart rate variability arrhythmia ectopic beats atrial fibrillation skin temperature thermal perfusion vasomotor ambient temperature sensor effects. Other readings: resp mean=0.17, bvp mean=-0.50, wrist_eda mean=9.50.",True,False,0.4991,1.091,1.997,0.779,-1.034,0.954,-1.723,"ecg,wrist_temp"
8,2071,"Biosignal window flagged by both anomaly detectors (Isolation Forest and LOF). Deviating channels show a sustained level shift from this subject's baseline. reduced resp (z=-3.2 vs subject baseline, mean=-0.43) reduced wrist_temp (z=-1.7 vs subject baseline, mean=26.71) Relevant topics: respiration rate breathing pattern tachypnea bradypnea ventilation skin temperature thermal perfusion vasomotor ambient temperature sensor effects. Other readings: ecg mean=0.00, bvp mean=0.03, wrist_eda mean=10.66.",True,True,0.5062,1.5064,-0.265,-3.182,0.057,1.211,-1.688,"resp,wrist_temp"
8,2073,"Biosignal window flagged by the Isolation Forest anomaly detector. Deviating channels show an abrupt, high-amplitude pattern (elevated kurtosis/peak-to-peak vs this subject's baseline). reduced wrist_temp (z=-1.6 vs subject baseline, mean=26.85) elevated wrist_eda (z=+1.4 vs subject baseline, mean=11.44) Relevant topics: skin temperature thermal perfusion vasomotor ambient temperature sensor effects electrodermal activity skin conductance sympathetic stress arousal sweat response. Other readings: ecg mean=0.00, resp mean=0.02, bvp mean=-0.09.",True,False,0.4999,1.1825,0.667,-0.25,-0.198,1.382,-1.603,"wrist_temp,wrist_eda"
8,2078,"Biosignal window flagged by the Isolation Forest anomaly detector. Deviating channels show an abrupt, high-amplitude pattern (elevated kurtosis/peak-to-peak vs this subject's baseline). elevated bvp (z=+2.4 vs subject baseline, mean=1.19) reduced wrist_temp (z=-1.5 vs subject baseline, mean=27.00) Relevant topics: photoplethysmography pulse waveform amplitude perfusion signal quality motion artifact atrial fibrillation screening skin temperature thermal perfusion vasomotor ambient temperature sensor effects. Other readings: ecg mean=-0.00, resp mean=-0.10, wrist_eda mean=10.29.",True,False,0.499,1.1735,-1.456,-1.008,2.426,1.128,-1.51,"bvp,wrist_temp"
8,2084,"Biosignal window flagged by the LOF anomaly detector. Deviating channels show a sustained level shift from this subject's baseline. elevated resp (z=+1.9 vs subject baseline, mean=0.34) reduced wrist_temp (z=-1.4 vs subject baseline, mean=27.18) Relevant topics: respiration rate breathing pattern tachypnea bradypnea ventilation skin temperature thermal perfusion vasomotor ambient temperature sensor effects. Other readings: ecg mean=0.00, bvp mean=-0.10, wrist_eda mean=9.96.",False,True,0.4878,1.3164,-0.212,1.935,-0.214,1.055,-1.404,"resp,wrist_temp"
8,2113,"Biosignal window flagged by the LOF anomaly detector. Deviating channels show a moderate shift from this subject's baseline. reduced resp (z=-1.4 vs subject baseline, mean=-0.16) reduced bvp (z=-1.3 vs subject baseline, mean=-0.65) Relevant topics: respiration rate breathing pattern tachypnea bradypnea ventilation photoplethysmography pulse waveform amplitude perfusion signal quality motion artifact atrial fibrillation screening. Other readings: ecg mean=0.00, wrist_eda mean=4.25, wrist_temp mean=27.68.",False,True,0.4715,1.4852,0.202,-1.421,-1.341,-0.205,-1.095,"resp,bvp"
8,2117,"Biosignal window flagged by the LOF anomaly detector. Deviating channels show an abrupt, high-amplitude pattern (elevated kurtosis/peak-to-peak vs this subject's baseline). reduced ecg (z=-1.2 vs subject baseline, mean=0.00) reduced wrist_temp (z=-1.1 vs subject baseline, mean=27.60) Relevant topics: electrocardiogram rhythm irregularity heart rate variability arrhythmia ectopic beats atrial fibrillation skin temperature thermal perfusion vasomotor ambient temperature sensor effects. Other readings: resp mean=0.13, bvp mean=0.03, wrist_eda mean=3.68.",False,True,0.4843,1.4031,-1.21,0.5,0.048,-0.333,-1.145,"ecg,wrist_temp"
8,2121,"Biosignal window flagged by the LOF anomaly detector. Deviating channels show an abrupt, high-amplitude pattern (elevated kurtosis/peak-to-peak vs this subject's baseline). reduced wrist_temp (z=-1.5 vs subject baseline, mean=27.09) elevated bvp (z=+0.8 vs subject baseline, mean=0.40) Relevant topics: skin temperature thermal perfusion vasomotor ambient temperature sensor effects photoplethysmography pulse waveform amplitude perfusion signal quality motion artifact atrial fibrillation screening. Other readings: ecg mean=0.00, resp mean=0.00, wrist_eda mean=3.85.",False,True,0.4827,1.3237,0.112,-0.341,0.81,-0.294,-1.458,"wrist_temp,bvp"
8,2128,"Biosignal window flagged by the LOF anomaly detector. Deviating channels show a moderate shift from this subject's baseline. reduced wrist_temp (z=-1.1 vs subject baseline, mean=27.73) elevated resp (z=+1.0 vs subject baseline, mean=0.21) Relevant topics: skin temperature thermal perfusion vasomotor ambient temperature sensor effects respiration rate breathing pattern tachypnea bradypnea ventilation. Other readings: ecg mean=0.00, bvp mean=0.15, wrist_eda mean=3.22.",False,True,0.4672,1.4138,-0.809,1.02,0.293,-0.432,-1.069,"wrist_temp,resp"
8,2138,"Biosignal window flagged by the LOF anomaly detector. Deviating channels show a sustained level shift from this subject's baseline. elevated bvp (z=+2.1 vs subject baseline, mean=1.04) reduced ecg (z=-1.0 vs subject baseline, mean=0.00) Relevant topics: photoplethysmography pulse waveform amplitude perfusion signal quality motion artifact atrial fibrillation screening electrocardiogram rhythm irregularity heart rate variability arrhythmia ectopic beats atrial fibrillation. Other readings: resp mean=-0.00, wrist_eda mean=4.91, wrist_temp mean=29.69.",False,True,0.4612,1.3399,-0.954,-0.379,2.116,-0.06,0.13,"bvp,ecg"
8,2140,"Biosignal window flagged by the Isolation Forest anomaly detector. Deviating channels show an abrupt, high-amplitude pattern (elevated kurtosis/peak-to-peak vs this subject's baseline). elevated wrist_eda (z=+1.7 vs subject baseline, mean=13.08) reduced ecg (z=-1.5 vs subject baseline, mean=-0.00) Relevant topics: electrodermal activity skin conductance sympathetic stress arousal sweat response electrocardiogram rhythm irregularity heart rate variability arrhythmia ectopic beats atrial fibrillation. Other readings: resp mean=0.20, bvp mean=-0.15, wrist_temp mean=29.99.",True,False,0.5104,1.2475,-1.47,0.957,-0.326,1.744,0.314,"wrist_eda,ecg"
8,2148,"Biosignal window flagged by both anomaly detectors (Isolation Forest and LOF). Deviating channels show a sustained level shift from this subject's baseline. elevated wrist_eda (z=+3.1 vs subject baseline, mean=19.04) elevated wrist_temp (z=+1.0 vs subject baseline, mean=31.04) Relevant topics: electrodermal activity skin conductance sympathetic stress arousal sweat response skin temperature thermal perfusion vasomotor ambient temperature sensor effects. Other readings: ecg mean=0.00, resp mean=0.18, bvp mean=-0.13.",True,True,0.5195,1.6337,0.129,0.875,-0.274,3.062,0.953,"wrist_eda,wrist_temp"
8,2149,"Biosignal window flagged by both anomaly detectors (Isolation Forest and LOF). Deviating channels show a sustained level shift from this subject's baseline. elevated wrist_eda (z=+3.2 vs subject baseline, mean=19.51) reduced resp (z=-1.0 vs subject baseline, mean=-0.10) Relevant topics: electrodermal activity skin conductance sympathetic stress arousal sweat response respiration rate breathing pattern tachypnea bradypnea ventilation. Other readings: ecg mean=0.00, bvp mean=0.02, wrist_temp mean=31.07.",True,True,0.5417,1.5864,-0.937,-1.001,0.026,3.166,0.972,"wrist_eda,resp"
8,2151,"Biosignal window flagged by the Isolation Forest anomaly detector. Deviating channels show a sustained level shift from this subject's baseline. elevated wrist_eda (z=+3.4 vs subject baseline, mean=20.47) reduced resp (z=-2.0 vs subject baseline, mean=-0.25) Relevant topics: electrodermal activity skin conductance sympathetic stress arousal sweat response respiration rate breathing pattern tachypnea bradypnea ventilation. Other readings: ecg mean=0.00, bvp mean=-0.06, wrist_temp mean=31.13.",True,False,0.5233,1.1994,-0.118,-2.019,-0.127,3.377,1.005,"wrist_eda,resp"
8,2153,"Biosignal window flagged by the Isolation Forest anomaly detector. Deviating channels show an abrupt, high-amplitude pattern (elevated kurtosis/peak-to-peak vs this subject's baseline). reduced bvp (z=-4.4 vs subject baseline, mean=-2.13) elevated wrist_eda (z=+3.9 vs subject baseline, mean=22.91) Relevant topics: photoplethysmography pulse waveform amplitude perfusion signal quality motion artifact atrial fibrillation screening electrodermal activity skin conductance sympathetic stress arousal sweat response. Other readings: ecg mean=0.00, resp mean=0.05, wrist_temp mean=31.06.",True,False,0.5611,1.2601,0.469,0.011,-4.381,3.917,0.966,"bvp,wrist_eda"
8,2154,"Biosignal window flagged by the Isolation Forest anomaly detector. Deviating channels show an abrupt, high-amplitude pattern (elevated kurtosis/peak-to-peak vs this subject's baseline). elevated bvp (z=+4.4 vs subject baseline, mean=2.17) elevated wrist_eda (z=+3.0 vs subject baseline, mean=18.90) Relevant topics: photoplethysmography pulse waveform amplitude perfusion signal quality motion artifact atrial fibrillation screening electrodermal activity skin conductance sympathetic stress arousal sweat response. Other readings: ecg mean=0.00, resp mean=0.20, wrist_temp mean=31.18.",True,False,0.5526,1.1742,0.352,0.971,4.449,3.031,1.037,"bvp,wrist_eda"
8,2156,"Biosignal window flagged by the Isolation Forest anomaly detector. Deviating channels show an abrupt, high-amplitude pattern (elevated kurtosis/peak-to-peak vs this subject's baseline). elevated wrist_eda (z=+3.1 vs subject baseline, mean=19.23) elevated bvp (z=+1.4 vs subject baseline, mean=0.68) Relevant topics: electrodermal activity skin conductance sympathetic stress arousal sweat response photoplethysmography pulse waveform amplitude perfusion signal quality motion artifact atrial fibrillation screening. Other readings: ecg mean=0.00, resp mean=0.01, wrist_temp mean=31.04.",True,False,0.5158,1.109,0.167,-0.282,1.378,3.104,0.952,"wrist_eda,bvp"
8,2158,"Biosignal window flagged by the Isolation Forest anomaly detector. Deviating channels show an abrupt, high-amplitude pattern (elevated kurtosis/peak-to-peak vs this subject's baseline). reduced bvp (z=-2.9 vs subject baseline, mean=-1.43) elevated wrist_eda (z=+2.5 vs subject baseline, mean=16.32) Relevant topics: photoplethysmography pulse waveform amplitude perfusion signal quality motion artifact atrial fibrillation screening electrodermal activity skin conductance sympathetic stress arousal sweat response. Other readings: ecg mean=0.00, resp mean=-0.00, wrist_temp mean=31.17.",True,False,0.5391,1.2606,0.256,-0.357,-2.944,2.46,1.03,"bvp,wrist_eda"
8,2168,"Biosignal window flagged by the LOF anomaly detector. Deviating channels show an abrupt, high-amplitude pattern (elevated kurtosis/peak-to-peak vs this subject's baseline). elevated wrist_temp (z=+1.7 vs subject baseline, mean=32.33) elevated ecg (z=+0.8 vs subject baseline, mean=0.00) Relevant topics: skin temperature thermal perfusion vasomotor ambient temperature sensor effects electrocardiogram rhythm irregularity heart rate variability arrhythmia ectopic beats atrial fibrillation. Other readings: resp mean=-0.06, bvp mean=-0.01, wrist_eda mean=8.58.",False,True,0.4946,1.336,0.795,-0.778,-0.028,0.75,1.74,"wrist_temp,ecg"
8,2177,"Biosignal window flagged by the LOF anomaly detector. Deviating channels show a sustained level shift from this subject's baseline. elevated wrist_temp (z=+1.7 vs subject baseline, mean=32.27) reduced resp (z=-1.1 vs subject baseline, mean=-0.12) Relevant topics: skin temperature thermal perfusion vasomotor ambient temperature sensor effects respiration rate breathing pattern tachypnea bradypnea ventilation. Other readings: ecg mean=0.00, bvp mean=-0.50, wrist_eda mean=4.51.",False,True,0.4351,1.2996,0.458,-1.124,-1.038,-0.148,1.699,"wrist_temp,resp"
8,2179,"Biosignal window flagged by the LOF anomaly detector. Deviating channels show an abrupt, high-amplitude pattern (elevated kurtosis/peak-to-peak vs this subject's baseline). reduced ecg (z=-1.5 vs subject baseline, mean=-0.00) elevated wrist_temp (z=+1.5 vs subject baseline, mean=31.89) Relevant topics: electrocardiogram rhythm irregularity heart rate variability arrhythmia ectopic beats atrial fibrillation skin temperature thermal perfusion vasomotor ambient temperature sensor effects. Other readings: resp mean=-0.08, bvp mean=0.01, wrist_eda mean=3.93.",False,True,0.4372,1.5402,-1.481,-0.851,0.017,-0.276,1.471,"ecg,wrist_temp"
8,2191,"Biosignal window flagged by the LOF anomaly detector. Deviating channels show an abrupt, high-amplitude pattern (elevated kurtosis/peak-to-peak vs this subject's baseline). elevated resp (z=+2.0 vs subject baseline, mean=0.36) reduced wrist_eda (z=-0.6 vs subject baseline, mean=2.26) Relevant topics: respiration rate breathing pattern tachypnea bradypnea ventilation electrodermal activity skin conductance sympathetic stress arousal sweat response. Other readings: ecg mean=0.00, bvp mean=-0.06, wrist_temp mean=30.22.",False,True,0.4888,1.5736,0.173,2.025,-0.144,-0.645,0.452,"resp,wrist_eda"
8,2193,"Biosignal window flagged by the LOF anomaly detector. Deviating channels show an abrupt, high-amplitude pattern (elevated kurtosis/peak-to-peak vs this subject's baseline). reduced resp (z=-1.3 vs subject baseline, mean=-0.14) reduced wrist_eda (z=-0.7 vs subject baseline, mean=2.05) Relevant topics: respiration rate breathing pattern tachypnea bradypnea ventilation electrodermal activity skin conductance sympathetic stress arousal sweat response. Other readings: ecg mean=0.00, bvp mean=-0.24, wrist_temp mean=30.09.",False,True,0.4582,1.3762,0.131,-1.303,-0.502,-0.691,0.374,"resp,wrist_eda"
8,2196,"Biosignal window flagged by the LOF anomaly detector. Deviating channels show an abrupt, high-amplitude pattern (elevated kurtosis/peak-to-peak vs this subject's baseline). elevated bvp (z=+1.0 vs subject baseline, mean=0.51) reduced wrist_eda (z=-0.7 vs subject baseline, mean=1.98) Relevant topics: photoplethysmography pulse waveform amplitude perfusion signal quality motion artifact atrial fibrillation screening electrodermal activity skin conductance sympathetic stress arousal sweat response. Other readings: ecg mean=0.00, resp mean=-0.04, wrist_temp mean=30.14.",False,True,0.45,1.3035,-0.056,-0.647,1.043,-0.707,0.403,"bvp,wrist_eda"
8,2208,"Biosignal window flagged by the LOF anomaly detector. Deviating channels show an abrupt, high-amplitude pattern (elevated kurtosis/peak-to-peak vs this subject's baseline). reduced bvp (z=-2.7 vs subject baseline, mean=-1.32) reduced wrist_eda (z=-0.8 vs subject baseline, mean=1.39) Relevant topics: photoplethysmography pulse waveform amplitude perfusion signal quality motion artifact atrial fibrillation screening electrodermal activity skin conductance sympathetic stress arousal sweat response. Other readings: ecg mean=0.00, resp mean=0.04, wrist_temp mean=30.36.",False,True,0.4418,1.4174,-0.041,-0.091,-2.727,-0.837,0.536,"bvp,wrist_eda"
8,2224,"Biosignal window flagged by the LOF anomaly detector. Deviating channels show an abrupt, high-amplitude pattern (elevated kurtosis/peak-to-peak vs this subject's baseline). elevated wrist_temp (z=+1.2 vs subject baseline, mean=31.41) reduced wrist_eda (z=-0.9 vs subject baseline, mean=1.05) Relevant topics: skin temperature thermal perfusion vasomotor ambient temperature sensor effects electrodermal activity skin conductance sympathetic stress arousal sweat response. Other readings: ecg mean=0.00, resp mean=0.09, bvp mean=-0.19.",False,True,0.4297,1.3076,0.01,0.228,-0.4,-0.913,1.176,"wrist_temp,wrist_eda"
8,2231,"Biosignal window flagged by the LOF anomaly detector. Deviating channels show an abrupt, high-amplitude pattern (elevated kurtosis/peak-to-peak vs this subject's baseline). reduced bvp (z=-1.7 vs subject baseline, mean=-0.82) elevated wrist_temp (z=+1.5 vs subject baseline, mean=31.87) Relevant topics: photoplethysmography pulse waveform amplitude perfusion signal quality motion artifact atrial fibrillation screening skin temperature thermal perfusion vasomotor ambient temperature sensor effects. Other readings: ecg mean=0.00, resp mean=0.18, wrist_eda mean=0.98.",False,True,0.4412,1.4444,-0.721,0.866,-1.701,-0.928,1.46,"bvp,wrist_temp"
8,2232,"Biosignal window flagged by the LOF anomaly detector. Deviating channels show an abrupt, high-amplitude pattern (elevated kurtosis/peak-to-peak vs this subject's baseline). elevated bvp (z=+2.6 vs subject baseline, mean=1.28) reduced resp (z=-1.6 vs subject baseline, mean=-0.19) Relevant topics: photoplethysmography pulse waveform amplitude perfusion signal quality motion artifact atrial fibrillation screening respiration rate breathing pattern tachypnea bradypnea ventilation. Other readings: ecg mean=0.00, wrist_eda mean=0.94, wrist_temp mean=31.91.",False,True,0.4277,1.3514,0.419,-1.644,2.607,-0.936,1.479,"bvp,resp"
8,2233,"Biosignal window flagged by the LOF anomaly detector. Deviating channels show an abrupt, high-amplitude pattern (elevated kurtosis/peak-to-peak vs this subject's baseline). reduced bvp (z=-4.8 vs subject baseline, mean=-2.32) elevated wrist_temp (z=+1.5 vs subject baseline, mean=31.96) Relevant topics: photoplethysmography pulse waveform amplitude perfusion signal quality motion artifact atrial fibrillation screening skin temperature thermal perfusion vasomotor ambient temperature sensor effects. Other readings: ecg mean=0.00, resp mean=0.18, wrist_eda mean=0.87.",False,True,0.4797,2.3648,-0.237,0.839,-4.762,-0.952,1.513,"bvp,wrist_temp"
8,2234,"Biosignal window flagged by the LOF anomaly detector. Deviating channels show an abrupt, high-amplitude pattern (elevated kurtosis/peak-to-peak vs this subject's baseline). elevated bvp (z=+4.0 vs subject baseline, mean=1.93) elevated ecg (z=+1.7 vs subject baseline, mean=0.00) Relevant topics: photoplethysmography pulse waveform amplitude perfusion signal quality motion artifact atrial fibrillation screening electrocardiogram rhythm irregularity heart rate variability arrhythmia ectopic beats atrial fibrillation. Other readings: resp mean=0.16, wrist_eda mean=0.97, wrist_temp mean=31.88.",False,True,0.4779,1.9436,1.659,0.703,3.958,-0.929,1.461,"bvp,ecg"
8,2238,"Biosignal window flagged by the LOF anomaly detector. Deviating channels show an abrupt, high-amplitude pattern (elevated kurtosis/peak-to-peak vs this subject's baseline). elevated bvp (z=+2.9 vs subject baseline, mean=1.40) elevated wrist_temp (z=+1.4 vs subject baseline, mean=31.75) Relevant topics: photoplethysmography pulse waveform amplitude perfusion signal quality motion artifact atrial fibrillation screening skin temperature thermal perfusion vasomotor ambient temperature sensor effects. Other readings: ecg mean=0.00, resp mean=0.07, wrist_eda mean=0.91.",False,True,0.4671,1.5329,0.81,0.099,2.858,-0.944,1.385,"bvp,wrist_temp"
9,2301,"Biosignal window flagged by the LOF anomaly detector. Deviating channels show a sustained level shift from this subject's baseline. elevated ecg (z=+6.1 vs subject baseline, mean=0.02) elevated wrist_eda (z=+1.1 vs subject baseline, mean=2.15) Relevant topics: electrocardiogram rhythm irregularity heart rate variability arrhythmia ectopic beats atrial fibrillation electrodermal activity skin conductance sympathetic stress arousal sweat response. Other readings: resp mean=-0.03, bvp mean=0.23, wrist_temp mean=31.59.",False,True,0.3996,1.3127,6.12,-0.374,0.281,1.098,-0.136,"ecg,wrist_eda"
9,2302,"Biosignal window flagged by the LOF anomaly detector. Deviating channels show a sustained level shift from this subject's baseline. reduced ecg (z=-6.2 vs subject baseline, mean=-0.02) elevated wrist_eda (z=+1.2 vs subject baseline, mean=2.29) Relevant topics: electrocardiogram rhythm irregularity heart rate variability arrhythmia ectopic beats atrial fibrillation electrodermal activity skin conductance sympathetic stress arousal sweat response. Other readings: resp mean=0.16, bvp mean=-0.44, wrist_temp mean=31.59.",False,True,0.4299,1.3866,-6.151,0.513,-0.499,1.244,-0.134,"ecg,wrist_eda"
9,2320,"Biosignal window flagged by the LOF anomaly detector. Deviating channels show an abrupt, high-amplitude pattern (elevated kurtosis/peak-to-peak vs this subject's baseline). elevated ecg (z=+5.8 vs subject baseline, mean=0.02) reduced resp (z=-0.8 vs subject baseline, mean=-0.12) Relevant topics: electrocardiogram rhythm irregularity heart rate variability arrhythmia ectopic beats atrial fibrillation respiration rate breathing pattern tachypnea bradypnea ventilation. Other readings: bvp mean=0.34, wrist_eda mean=1.42, wrist_temp mean=31.56.",False,True,0.4395,1.3281,5.839,-0.808,0.401,0.337,-0.172,"ecg,resp"
9,2340,"Biosignal window flagged by the LOF anomaly detector. Deviating channels show an abrupt, high-amplitude pattern (elevated kurtosis/peak-to-peak vs this subject's baseline). elevated resp (z=+4.8 vs subject baseline, mean=1.04) reduced wrist_temp (z=-2.1 vs subject baseline, mean=29.63) Relevant topics: respiration rate breathing pattern tachypnea bradypnea ventilation skin temperature thermal perfusion vasomotor ambient temperature sensor effects. Other readings: ecg mean=-0.00, bvp mean=-0.94, wrist_eda mean=2.00.",False,True,0.4724,1.3715,-0.281,4.81,-1.079,0.937,-2.109,"resp,wrist_temp"
9,2341,"Biosignal window flagged by the LOF anomaly detector. Deviating channels show an abrupt, high-amplitude pattern (elevated kurtosis/peak-to-peak vs this subject's baseline). reduced resp (z=-4.0 vs subject baseline, mean=-0.77) reduced wrist_temp (z=-2.2 vs subject baseline, mean=29.50) Relevant topics: respiration rate breathing pattern tachypnea bradypnea ventilation skin temperature thermal perfusion vasomotor ambient temperature sensor effects. Other readings: ecg mean=0.01, bvp mean=0.06, wrist_eda mean=2.41.",False,True,0.4592,1.3091,2.234,-3.952,0.079,1.366,-2.247,"resp,wrist_temp"
9,2344,"Biosignal window flagged by the LOF anomaly detector. Deviating channels show an abrupt, high-amplitude pattern (elevated kurtosis/peak-to-peak vs this subject's baseline). elevated wrist_eda (z=+3.3 vs subject baseline, mean=4.24) reduced wrist_temp (z=-1.8 vs subject baseline, mean=29.97) Relevant topics: electrodermal activity skin conductance sympathetic stress arousal sweat response skin temperature thermal perfusion vasomotor ambient temperature sensor effects. Other readings: ecg mean=0.00, resp mean=0.02, bvp mean=0.81.",False,True,0.4798,1.2884,0.402,-0.141,0.948,3.267,-1.767,"wrist_eda,wrist_temp"
9,2345,"Biosignal window flagged by both anomaly detectors (Isolation Forest and LOF). Deviating channels show an abrupt, high-amplitude pattern (elevated kurtosis/peak-to-peak vs this subject's baseline). elevated wrist_eda (z=+4.9 vs subject baseline, mean=5.81) elevated ecg (z=+2.2 vs subject baseline, mean=0.01) Relevant topics: electrodermal activity skin conductance sympathetic stress arousal sweat response electrocardiogram rhythm irregularity heart rate variability arrhythmia ectopic beats atrial fibrillation. Other readings: resp mean=0.35, bvp mean=0.00, wrist_temp mean=30.25.",True,True,0.5134,1.5815,2.159,1.451,0.012,4.912,-1.49,"wrist_eda,ecg"
9,2346,"Biosignal window flagged by the LOF anomaly detector. Deviating channels show an abrupt, high-amplitude pattern (elevated kurtosis/peak-to-peak vs this subject's baseline). reduced ecg (z=-4.4 vs subject baseline, mean=-0.01) elevated wrist_eda (z=+3.7 vs subject baseline, mean=4.60) Relevant topics: electrocardiogram rhythm irregularity heart rate variability arrhythmia ectopic beats atrial fibrillation electrodermal activity skin conductance sympathetic stress arousal sweat response. Other readings: resp mean=-0.44, bvp mean=0.27, wrist_temp mean=30.43.",False,True,0.4406,1.3038,-4.422,-2.365,0.319,3.652,-1.311,"ecg,wrist_eda"
9,2379,"Biosignal window flagged by the LOF anomaly detector. Deviating channels show an abrupt, high-amplitude pattern (elevated kurtosis/peak-to-peak vs this subject's baseline). elevated wrist_temp (z=+0.9 vs subject baseline, mean=32.65) elevated resp (z=+0.9 vs subject baseline, mean=0.23) Relevant topics: skin temperature thermal perfusion vasomotor ambient temperature sensor effects respiration rate breathing pattern tachypnea bradypnea ventilation. Other readings: ecg mean=0.00, bvp mean=0.18, wrist_eda mean=1.69.",False,True,0.4522,1.3706,0.064,0.88,0.223,0.617,0.933,"wrist_temp,resp"
9,2401,"Biosignal window flagged by the LOF anomaly detector. Deviating channels show an abrupt, high-amplitude pattern (elevated kurtosis/peak-to-peak vs this subject's baseline). reduced bvp (z=-1.5 vs subject baseline, mean=-1.34) elevated resp (z=+1.4 vs subject baseline, mean=0.33) Relevant topics: photoplethysmography pulse waveform amplitude perfusion signal quality motion artifact atrial fibrillation screening respiration rate breathing pattern tachypnea bradypnea ventilation. Other readings: ecg mean=0.00, wrist_eda mean=1.69, wrist_temp mean=31.66.",False,True,0.4501,1.3478,0.669,1.363,-1.534,0.618,-0.07,"bvp,resp"
9,2427,"Biosignal window flagged by the LOF anomaly detector. Deviating channels show an abrupt, high-amplitude pattern (elevated kurtosis/peak-to-peak vs this subject's baseline). elevated resp (z=+1.2 vs subject baseline, mean=0.30) elevated wrist_temp (z=+1.1 vs subject baseline, mean=32.84) Relevant topics: respiration rate breathing pattern tachypnea bradypnea ventilation skin temperature thermal perfusion vasomotor ambient temperature sensor effects. Other readings: ecg mean=0.00, bvp mean=0.48, wrist_eda mean=0.49.",False,True,0.4487,1.3226,0.248,1.2,0.571,-0.633,1.119,"resp,wrist_temp"
9,2442,"Biosignal window flagged by the LOF anomaly detector. Deviating channels show a sustained level shift from this subject's baseline. elevated wrist_temp (z=+2.1 vs subject baseline, mean=33.82) elevated resp (z=+1.2 vs subject baseline, mean=0.29) Relevant topics: skin temperature thermal perfusion vasomotor ambient temperature sensor effects respiration rate breathing pattern tachypnea bradypnea ventilation. Other readings: ecg mean=0.00, bvp mean=-0.37, wrist_eda mean=0.24.",False,True,0.4749,1.4315,0.14,1.16,-0.42,-0.897,2.106,"wrist_temp,resp"
9,2454,"Biosignal window flagged by the LOF anomaly detector. Deviating channels show an abrupt, high-amplitude pattern (elevated kurtosis/peak-to-peak vs this subject's baseline). elevated wrist_temp (z=+1.7 vs subject baseline, mean=33.46) elevated bvp (z=+1.6 vs subject baseline, mean=1.33) Relevant topics: skin temperature thermal perfusion vasomotor ambient temperature sensor effects photoplethysmography pulse waveform amplitude perfusion signal quality motion artifact atrial fibrillation screening. Other readings: ecg mean=0.00, resp mean=-0.02, wrist_eda mean=0.26.",False,True,0.4945,4.9803,0.07,-0.353,1.552,-0.876,1.75,"wrist_temp,bvp"
9,2474,"Biosignal window flagged by the LOF anomaly detector. Deviating channels show an abrupt, high-amplitude pattern (elevated kurtosis/peak-to-peak vs this subject's baseline). elevated bvp (z=+1.3 vs subject baseline, mean=1.10) elevated resp (z=+0.4 vs subject baseline, mean=0.14) Relevant topics: photoplethysmography pulse waveform amplitude perfusion signal quality motion artifact atrial fibrillation screening respiration rate breathing pattern tachypnea bradypnea ventilation. Other readings: ecg mean=0.00, wrist_eda mean=1.41, wrist_temp mean=31.51.",False,True,0.4502,1.4097,0.379,0.421,1.286,0.321,-0.22,"bvp,resp"
9,2476,"Biosignal window flagged by both anomaly detectors (Isolation Forest and LOF). Deviating channels show an abrupt, high-amplitude pattern (elevated kurtosis/peak-to-peak vs this subject's baseline). reduced resp (z=-1.9 vs subject baseline, mean=-0.35) reduced bvp (z=-1.1 vs subject baseline, mean=-0.96) Relevant topics: respiration rate breathing pattern tachypnea bradypnea ventilation photoplethysmography pulse waveform amplitude perfusion signal quality motion artifact atrial fibrillation screening. Other readings: ecg mean=0.00, wrist_eda mean=1.15, wrist_temp mean=30.99.",True,True,0.5209,1.4644,0.327,-1.938,-1.095,0.056,-0.737,"resp,bvp"
9,2477,"Biosignal window flagged by the LOF anomaly detector. Deviating channels show an abrupt, high-amplitude pattern (elevated kurtosis/peak-to-peak vs this subject's baseline). elevated bvp (z=+1.7 vs subject baseline, mean=1.50) reduced wrist_temp (z=-1.2 vs subject baseline, mean=30.54) Relevant topics: photoplethysmography pulse waveform amplitude perfusion signal quality motion artifact atrial fibrillation screening skin temperature thermal perfusion vasomotor ambient temperature sensor effects. Other readings: ecg mean=0.00, resp mean=0.11, wrist_eda mean=0.99.",False,True,0.4831,1.3797,0.213,0.302,1.747,-0.111,-1.193,"bvp,wrist_temp"
9,2518,"Biosignal window flagged by the Isolation Forest anomaly detector. Deviating channels show an abrupt, high-amplitude pattern (elevated kurtosis/peak-to-peak vs this subject's baseline). reduced resp (z=-3.4 vs subject baseline, mean=-0.65) reduced wrist_eda (z=-1.0 vs subject baseline, mean=0.11) Relevant topics: respiration rate breathing pattern tachypnea bradypnea ventilation electrodermal activity skin conductance sympathetic stress arousal sweat response. Other readings: ecg mean=0.00, bvp mean=0.78, wrist_temp mean=31.71.",True,False,0.506,1.2628,0.356,-3.375,0.911,-1.028,-0.014,"resp,wrist_eda"
9,2519,"Biosignal window flagged by the LOF anomaly detector. Deviating channels show an abrupt, high-amplitude pattern (elevated kurtosis/peak-to-peak vs this subject's baseline). elevated resp (z=+4.2 vs subject baseline, mean=0.92) reduced wrist_eda (z=-1.0 vs subject baseline, mean=0.12) Relevant topics: respiration rate breathing pattern tachypnea bradypnea ventilation electrodermal activity skin conductance sympathetic stress arousal sweat response. Other readings: ecg mean=0.00, bvp mean=-0.51, wrist_temp mean=31.76.",False,True,0.4855,1.6607,0.144,4.198,-0.581,-1.02,0.039,"resp,wrist_eda"
9,2523,"Biosignal window flagged by the LOF anomaly detector. Deviating channels show an abrupt, high-amplitude pattern (elevated kurtosis/peak-to-peak vs this subject's baseline). reduced wrist_eda (z=-1.0 vs subject baseline, mean=0.11) reduced bvp (z=-0.7 vs subject baseline, mean=-0.59) Relevant topics: electrodermal activity skin conductance sympathetic stress arousal sweat response photoplethysmography pulse waveform amplitude perfusion signal quality motion artifact atrial fibrillation screening. Other readings: ecg mean=0.00, resp mean=-0.02, wrist_temp mean=31.87.",False,True,0.4834,1.3594,0.056,-0.343,-0.67,-1.032,0.145,"wrist_eda,bvp"
10,2524,"Biosignal window flagged by the LOF anomaly detector. Deviating channels show a sustained level shift from this subject's baseline. reduced wrist_temp (z=-1.6 vs subject baseline, mean=30.66) elevated resp (z=+1.1 vs subject baseline, mean=0.26) Relevant topics: skin temperature thermal perfusion vasomotor ambient temperature sensor effects respiration rate breathing pattern tachypnea bradypnea ventilation. Other readings: ecg mean=0.00, bvp mean=-0.02, wrist_eda mean=0.12.",False,True,0.4486,1.3732,0.128,1.093,-0.031,-0.44,-1.639,"wrist_temp,resp"
10,2548,"Biosignal window flagged by the LOF anomaly detector. Deviating channels show an abrupt, high-amplitude pattern (elevated kurtosis/peak-to-peak vs this subject's baseline). reduced wrist_temp (z=-1.1 vs subject baseline, mean=31.34) elevated bvp (z=+1.1 vs subject baseline, mean=0.62) Relevant topics: skin temperature thermal perfusion vasomotor ambient temperature sensor effects photoplethysmography pulse waveform amplitude perfusion signal quality motion artifact atrial fibrillation screening. Other readings: ecg mean=0.00, resp mean=0.07, wrist_eda mean=0.18.",False,True,0.4133,1.3607,-0.09,0.059,1.095,-0.419,-1.135,"wrist_temp,bvp"
10,2565,"Biosignal window flagged by the LOF anomaly detector. Deviating channels show an abrupt, high-amplitude pattern (elevated kurtosis/peak-to-peak vs this subject's baseline). reduced bvp (z=-4.2 vs subject baseline, mean=-2.37) reduced ecg (z=-2.4 vs subject baseline, mean=-0.00) Relevant topics: photoplethysmography pulse waveform amplitude perfusion signal quality motion artifact atrial fibrillation screening electrocardiogram rhythm irregularity heart rate variability arrhythmia ectopic beats atrial fibrillation. Other readings: resp mean=-0.27, wrist_eda mean=0.18, wrist_temp mean=30.95.",False,True,0.4708,1.3815,-2.375,-1.681,-4.155,-0.421,-1.422,"bvp,ecg"
10,2568,"Biosignal window flagged by the Isolation Forest anomaly detector. Deviating channels show an abrupt, high-amplitude pattern (elevated kurtosis/peak-to-peak vs this subject's baseline). reduced ecg (z=-1.8 vs subject baseline, mean=-0.00) reduced wrist_temp (z=-1.5 vs subject baseline, mean=30.89) Relevant topics: electrocardiogram rhythm irregularity heart rate variability arrhythmia ectopic beats atrial fibrillation skin temperature thermal perfusion vasomotor ambient temperature sensor effects. Other readings: resp mean=0.20, bvp mean=-0.14, wrist_eda mean=0.17.",True,False,0.5138,1.2463,-1.836,0.744,-0.248,-0.424,-1.468,"ecg,wrist_temp"
10,2570,"Biosignal window flagged by the LOF anomaly detector. Deviating channels show an abrupt, high-amplitude pattern (elevated kurtosis/peak-to-peak vs this subject's baseline). reduced wrist_temp (z=-1.5 vs subject baseline, mean=30.85) reduced wrist_eda (z=-0.4 vs subject baseline, mean=0.18) Relevant topics: skin temperature thermal perfusion vasomotor ambient temperature sensor effects electrodermal activity skin conductance sympathetic stress arousal sweat response. Other readings: ecg mean=0.00, resp mean=0.07, bvp mean=0.20.",False,True,0.4981,1.32,-0.032,0.059,0.352,-0.42,-1.498,"wrist_temp,wrist_eda"
10,2573,"Biosignal window flagged by the Isolation Forest anomaly detector. Deviating channels show a sustained level shift from this subject's baseline. reduced ecg (z=-4.2 vs subject baseline, mean=-0.01) reduced wrist_temp (z=-1.5 vs subject baseline, mean=30.83) Relevant topics: electrocardiogram rhythm irregularity heart rate variability arrhythmia ectopic beats atrial fibrillation skin temperature thermal perfusion vasomotor ambient temperature sensor effects. Other readings: resp mean=0.02, bvp mean=-0.13, wrist_eda mean=0.16.",True,False,0.5082,1.062,-4.243,-0.172,-0.225,-0.425,-1.509,"ecg,wrist_temp"
10,2574,"Biosignal window flagged by the Isolation Forest anomaly detector. Deviating channels show a sustained level shift from this subject's baseline. reduced ecg (z=-3.2 vs subject baseline, mean=-0.01) reduced wrist_temp (z=-1.5 vs subject baseline, mean=30.84) Relevant topics: electrocardiogram rhythm irregularity heart rate variability arrhythmia ectopic beats atrial fibrillation skin temperature thermal perfusion vasomotor ambient temperature sensor effects. Other readings: resp mean=-0.09, bvp mean=-0.01, wrist_eda mean=0.16.",True,False,0.5233,1.1164,-3.189,-0.782,-0.01,-0.425,-1.507,"ecg,wrist_temp"
10,2575,"Biosignal window flagged by the Isolation Forest anomaly detector. Deviating channels show a sustained level shift from this subject's baseline. reduced ecg (z=-2.9 vs subject baseline, mean=-0.01) reduced wrist_temp (z=-1.5 vs subject baseline, mean=30.84) Relevant topics: electrocardiogram rhythm irregularity heart rate variability arrhythmia ectopic beats atrial fibrillation skin temperature thermal perfusion vasomotor ambient temperature sensor effects. Other readings: resp mean=0.25, bvp mean=0.07, wrist_eda mean=0.17.",True,False,0.5221,1.125,-2.888,1.014,0.115,-0.425,-1.506,"ecg,wrist_temp"
10,2576,"Biosignal window flagged by the Isolation Forest anomaly detector. Deviating channels show a sustained level shift from this subject's baseline. reduced ecg (z=-4.9 vs subject baseline, mean=-0.01) reduced wrist_temp (z=-1.5 vs subject baseline, mean=30.82) Relevant topics: electrocardiogram rhythm irregularity heart rate variability arrhythmia ectopic beats atrial fibrillation skin temperature thermal perfusion vasomotor ambient temperature sensor effects. Other readings: resp mean=0.01, bvp mean=-0.18, wrist_eda mean=0.17.",True,False,0.5035,1.0505,-4.872,-0.249,-0.313,-0.423,-1.517,"ecg,wrist_temp"
10,2577,"Biosignal window flagged by the Isolation Forest anomaly detector. Deviating channels show a sustained level shift from this subject's baseline. elevated ecg (z=+3.8 vs subject baseline, mean=0.01) reduced wrist_temp (z=-1.5 vs subject baseline, mean=30.82) Relevant topics: electrocardiogram rhythm irregularity heart rate variability arrhythmia ectopic beats atrial fibrillation skin temperature thermal perfusion vasomotor ambient temperature sensor effects. Other readings: resp mean=-0.06, bvp mean=0.47, wrist_eda mean=0.17.",True,False,0.5195,1.2022,3.842,-0.589,0.821,-0.422,-1.519,"ecg,wrist_temp"
10,2581,"Biosignal window flagged by the Isolation Forest anomaly detector. Deviating channels show an abrupt, high-amplitude pattern (elevated kurtosis/peak-to-peak vs this subject's baseline). elevated ecg (z=+6.7 vs subject baseline, mean=0.02) elevated bvp (z=+1.6 vs subject baseline, mean=0.91) Relevant topics: electrocardiogram rhythm irregularity heart rate variability arrhythmia ectopic beats atrial fibrillation photoplethysmography pulse waveform amplitude perfusion signal quality motion artifact atrial fibrillation screening. Other readings: resp mean=-0.04, wrist_eda mean=0.19, wrist_temp mean=30.76.",True,False,0.5041,1.2622,6.713,-0.505,1.593,-0.418,-1.56,"ecg,bvp"
10,2582,"Biosignal window flagged by the LOF anomaly detector. Deviating channels show an abrupt, high-amplitude pattern (elevated kurtosis/peak-to-peak vs this subject's baseline). reduced bvp (z=-2.4 vs subject baseline, mean=-1.36) reduced wrist_temp (z=-1.6 vs subject baseline, mean=30.75) Relevant topics: photoplethysmography pulse waveform amplitude perfusion signal quality motion artifact atrial fibrillation screening skin temperature thermal perfusion vasomotor ambient temperature sensor effects. Other readings: ecg mean=0.00, resp mean=-0.07, wrist_eda mean=0.21.",False,True,0.4912,1.3188,-0.309,-0.642,-2.397,-0.41,-1.568,"bvp,wrist_temp"
10,2619,"Biosignal window flagged by the LOF anomaly detector. Deviating channels show an abrupt, high-amplitude pattern (elevated kurtosis/peak-to-peak vs this subject's baseline). reduced ecg (z=-2.6 vs subject baseline, mean=-0.01) reduced resp (z=-1.7 vs subject baseline, mean=-0.28) Relevant topics: electrocardiogram rhythm irregularity heart rate variability arrhythmia ectopic beats atrial fibrillation respiration rate breathing pattern tachypnea bradypnea ventilation. Other readings: bvp mean=-0.20, wrist_eda mean=0.09, wrist_temp mean=32.39.",False,True,0.4868,1.3737,-2.596,-1.74,-0.344,-0.452,-0.367,"ecg,resp"
10,2620,"Biosignal window flagged by the LOF anomaly detector. Deviating channels show a sustained level shift from this subject's baseline. reduced ecg (z=-1.5 vs subject baseline, mean=-0.00) elevated resp (z=+1.3 vs subject baseline, mean=0.30) Relevant topics: electrocardiogram rhythm irregularity heart rate variability arrhythmia ectopic beats atrial fibrillation respiration rate breathing pattern tachypnea bradypnea ventilation. Other readings: bvp mean=0.28, wrist_eda mean=0.08, wrist_temp mean=32.43.",False,True,0.4462,1.5397,-1.539,1.27,0.496,-0.453,-0.34,"ecg,resp"
10,2621,"Biosignal window flagged by the LOF anomaly detector. Deviating channels are only mildly unusual vs this subject's baseline. elevated ecg (z=+0.9 vs subject baseline, mean=0.00) reduced wrist_eda (z=-0.5 vs subject baseline, mean=0.08) Relevant topics: electrocardiogram rhythm irregularity heart rate variability arrhythmia ectopic beats atrial fibrillation electrodermal activity skin conductance sympathetic stress arousal sweat response. Other readings: resp mean=0.05, bvp mean=0.10, wrist_temp mean=32.48.",False,True,0.4486,1.3533,0.883,-0.038,0.17,-0.455,-0.301,"ecg,wrist_eda"
10,2628,"Biosignal window flagged by the LOF anomaly detector. Deviating channels show a sustained level shift from this subject's baseline. elevated ecg (z=+3.0 vs subject baseline, mean=0.01) reduced bvp (z=-1.2 vs subject baseline, mean=-0.68) Relevant topics: electrocardiogram rhythm irregularity heart rate variability arrhythmia ectopic beats atrial fibrillation photoplethysmography pulse waveform amplitude perfusion signal quality motion artifact atrial fibrillation screening. Other readings: resp mean=-0.12, wrist_eda mean=0.54, wrist_temp mean=32.36.",False,True,0.4713,1.3471,2.967,-0.896,-1.188,-0.297,-0.394,"ecg,bvp"
10,2652,"Biosignal window flagged by the LOF anomaly detector. Deviating channels show an abrupt, high-amplitude pattern (elevated kurtosis/peak-to-peak vs this subject's baseline). elevated ecg (z=+4.9 vs subject baseline, mean=0.01) elevated wrist_eda (z=+2.5 vs subject baseline, mean=8.70) Relevant topics: electrocardiogram rhythm irregularity heart rate variability arrhythmia ectopic beats atrial fibrillation electrodermal activity skin conductance sympathetic stress arousal sweat response. Other readings: resp mean=0.22, bvp mean=1.19, wrist_temp mean=31.02.",False,True,0.4583,1.3902,4.924,0.862,2.095,2.514,-1.374,"ecg,wrist_eda"
10,2653,"Biosignal window flagged by the LOF anomaly detector. Deviating channels show an abrupt, high-amplitude pattern (elevated kurtosis/peak-to-peak vs this subject's baseline). reduced ecg (z=-9.6 vs subject baseline, mean=-0.02) elevated wrist_eda (z=+3.4 vs subject baseline, mean=11.41) Relevant topics: electrocardiogram rhythm irregularity heart rate variability arrhythmia ectopic beats atrial fibrillation electrodermal activity skin conductance sympathetic stress arousal sweat response. Other readings: resp mean=-0.08, bvp mean=-1.10, wrist_temp mean=31.10.",False,True,0.4395,1.3092,-9.606,-0.729,-1.933,3.449,-1.311,"ecg,wrist_eda"
10,2687,"Biosignal window flagged by the LOF anomaly detector. Deviating channels show an abrupt, high-amplitude pattern (elevated kurtosis/peak-to-peak vs this subject's baseline). elevated bvp (z=+4.7 vs subject baseline, mean=2.66) elevated wrist_temp (z=+1.1 vs subject baseline, mean=34.43) Relevant topics: photoplethysmography pulse waveform amplitude perfusion signal quality motion artifact atrial fibrillation screening skin temperature thermal perfusion vasomotor ambient temperature sensor effects. Other readings: ecg mean=0.00, resp mean=0.05, wrist_eda mean=2.89.",False,True,0.4598,1.3412,0.301,-0.017,4.676,0.512,1.124,"bvp,wrist_temp"
10,2756,"Biosignal window flagged by the LOF anomaly detector. Deviating channels show an abrupt, high-amplitude pattern (elevated kurtosis/peak-to-peak vs this subject's baseline). elevated wrist_temp (z=+1.1 vs subject baseline, mean=34.34) reduced bvp (z=-0.5 vs subject baseline, mean=-0.29) Relevant topics: skin temperature thermal perfusion vasomotor ambient temperature sensor effects photoplethysmography pulse waveform amplitude perfusion signal quality motion artifact atrial fibrillation screening. Other readings: ecg mean=-0.00, resp mean=0.01, wrist_eda mean=0.25.",False,True,0.4317,1.3259,-0.421,-0.214,-0.511,-0.396,1.058,"wrist_temp,bvp"
10,2829,"Biosignal window flagged by the LOF anomaly detector. Deviating channels are only mildly unusual vs this subject's baseline. reduced wrist_temp (z=-0.6 vs subject baseline, mean=32.14) elevated resp (z=+0.5 vs subject baseline, mean=0.16) Relevant topics: skin temperature thermal perfusion vasomotor ambient temperature sensor effects respiration rate breathing pattern tachypnea bradypnea ventilation. Other readings: ecg mean=0.00, bvp mean=-0.22, wrist_eda mean=0.30.",False,True,0.416,1.2987,-0.033,0.544,-0.384,-0.379,-0.553,"wrist_temp,resp"
10,2847,"Biosignal window flagged by the LOF anomaly detector. Deviating channels show an abrupt, high-amplitude pattern (elevated kurtosis/peak-to-peak vs this subject's baseline). elevated bvp (z=+1.3 vs subject baseline, mean=0.73) reduced ecg (z=-0.5 vs subject baseline, mean=-0.00) Relevant topics: photoplethysmography pulse waveform amplitude perfusion signal quality motion artifact atrial fibrillation screening electrocardiogram rhythm irregularity heart rate variability arrhythmia ectopic beats atrial fibrillation. Other readings: resp mean=0.07, wrist_eda mean=0.22, wrist_temp mean=33.06.",False,True,0.4452,1.308,-0.473,0.09,1.287,-0.406,0.12,"bvp,ecg"
11,2917,"Biosignal window flagged by the LOF anomaly detector. Deviating channels show an abrupt, high-amplitude pattern (elevated kurtosis/peak-to-peak vs this subject's baseline). reduced ecg (z=-2.2 vs subject baseline, mean=-0.00) reduced wrist_temp (z=-1.9 vs subject baseline, mean=32.61) Relevant topics: electrocardiogram rhythm irregularity heart rate variability arrhythmia ectopic beats atrial fibrillation skin temperature thermal perfusion vasomotor ambient temperature sensor effects. Other readings: resp mean=0.12, bvp mean=-0.10, wrist_eda mean=2.65.",False,True,0.4345,1.3931,-2.223,0.287,-0.129,-0.167,-1.925,"ecg,wrist_temp"
11,2918,"Biosignal window flagged by the LOF anomaly detector. Deviating channels show an abrupt, high-amplitude pattern (elevated kurtosis/peak-to-peak vs this subject's baseline). reduced wrist_temp (z=-1.7 vs subject baseline, mean=32.82) reduced resp (z=-1.3 vs subject baseline, mean=-0.19) Relevant topics: skin temperature thermal perfusion vasomotor ambient temperature sensor effects respiration rate breathing pattern tachypnea bradypnea ventilation. Other readings: ecg mean=0.00, bvp mean=0.25, wrist_eda mean=2.58.",False,True,0.4195,1.3619,0.219,-1.295,0.426,-0.185,-1.662,"wrist_temp,resp"
11,2930,"Biosignal window flagged by the LOF anomaly detector. Deviating channels show an abrupt, high-amplitude pattern (elevated kurtosis/peak-to-peak vs this subject's baseline). reduced ecg (z=-1.8 vs subject baseline, mean=-0.00) elevated wrist_eda (z=+0.9 vs subject baseline, mean=6.79) Relevant topics: electrocardiogram rhythm irregularity heart rate variability arrhythmia ectopic beats atrial fibrillation electrodermal activity skin conductance sympathetic stress arousal sweat response. Other readings: resp mean=0.00, bvp mean=0.09, wrist_temp mean=33.65.",False,True,0.4261,1.322,-1.762,-0.31,0.179,0.871,-0.617,"ecg,wrist_eda"
11,2981,"Biosignal window flagged by the Isolation Forest anomaly detector. Deviating channels show an abrupt, high-amplitude pattern (elevated kurtosis/peak-to-peak vs this subject's baseline). elevated ecg (z=+2.3 vs subject baseline, mean=0.01) reduced resp (z=-1.8 vs subject baseline, mean=-0.29) Relevant topics: electrocardiogram rhythm irregularity heart rate variability arrhythmia ectopic beats atrial fibrillation respiration rate breathing pattern tachypnea bradypnea ventilation. Other readings: bvp mean=0.85, wrist_eda mean=9.13, wrist_temp mean=35.00.",True,False,0.5041,1.2094,2.308,-1.833,1.376,1.457,1.063,"ecg,resp"
11,2986,"Biosignal window flagged by the Isolation Forest anomaly detector. Deviating channels show an abrupt, high-amplitude pattern (elevated kurtosis/peak-to-peak vs this subject's baseline). elevated wrist_eda (z=+4.3 vs subject baseline, mean=20.65) reduced resp (z=-3.9 vs subject baseline, mean=-0.69) Relevant topics: electrodermal activity skin conductance sympathetic stress arousal sweat response respiration rate breathing pattern tachypnea bradypnea ventilation. Other readings: ecg mean=0.00, bvp mean=1.00, wrist_temp mean=35.49.",True,False,0.5181,1.167,1.047,-3.873,1.624,4.349,1.673,"wrist_eda,resp"
11,2995,"Biosignal window flagged by the Isolation Forest anomaly detector. Deviating channels show an abrupt, high-amplitude pattern (elevated kurtosis/peak-to-peak vs this subject's baseline). elevated wrist_eda (z=+2.8 vs subject baseline, mean=14.47) reduced resp (z=-2.7 vs subject baseline, mean=-0.47) Relevant topics: electrodermal activity skin conductance sympathetic stress arousal sweat response respiration rate breathing pattern tachypnea bradypnea ventilation. Other readings: ecg mean=0.00, bvp mean=-0.45, wrist_temp mean=36.09.",True,False,0.4995,1.0921,0.3,-2.725,-0.682,2.797,2.43,"wrist_eda,resp"
11,3000,"Biosignal window flagged by the Isolation Forest anomaly detector. Deviating channels show an abrupt, high-amplitude pattern (elevated kurtosis/peak-to-peak vs this subject's baseline). elevated wrist_eda (z=+2.6 vs subject baseline, mean=13.57) elevated wrist_temp (z=+2.4 vs subject baseline, mean=36.09) Relevant topics: electrodermal activity skin conductance sympathetic stress arousal sweat response skin temperature thermal perfusion vasomotor ambient temperature sensor effects. Other readings: ecg mean=-0.00, resp mean=0.05, bvp mean=-0.20.",True,False,0.5116,1.1697,-1.989,-0.05,-0.289,2.572,2.425,"wrist_eda,wrist_temp"
11,3001,"Biosignal window flagged by the LOF anomaly detector. Deviating channels show an abrupt, high-amplitude pattern (elevated kurtosis/peak-to-peak vs this subject's baseline). elevated wrist_temp (z=+2.4 vs subject baseline, mean=36.10) reduced resp (z=-2.0 vs subject baseline, mean=-0.33) Relevant topics: skin temperature thermal perfusion vasomotor ambient temperature sensor effects respiration rate breathing pattern tachypnea bradypnea ventilation. Other readings: ecg mean=0.00, bvp mean=0.68, wrist_eda mean=8.97.",False,True,0.4741,1.469,0.524,-2.028,1.109,1.418,2.439,"wrist_temp,resp"
11,3006,"Biosignal window flagged by the LOF anomaly detector. Deviating channels show an abrupt, high-amplitude pattern (elevated kurtosis/peak-to-peak vs this subject's baseline). elevated wrist_temp (z=+2.5 vs subject baseline, mean=36.12) elevated bvp (z=+1.5 vs subject baseline, mean=0.94) Relevant topics: skin temperature thermal perfusion vasomotor ambient temperature sensor effects photoplethysmography pulse waveform amplitude perfusion signal quality motion artifact atrial fibrillation screening. Other readings: ecg mean=0.00, resp mean=-0.22, wrist_eda mean=4.10.",False,True,0.4562,1.3661,0.065,-1.456,1.522,0.195,2.468,"wrist_temp,bvp"
11,3034,"Biosignal window flagged by the LOF anomaly detector. Deviating channels show an abrupt, high-amplitude pattern (elevated kurtosis/peak-to-peak vs this subject's baseline). reduced ecg (z=-0.7 vs subject baseline, mean=-0.00) elevated wrist_temp (z=+0.4 vs subject baseline, mean=34.50) Relevant topics: electrocardiogram rhythm irregularity heart rate variability arrhythmia ectopic beats atrial fibrillation skin temperature thermal perfusion vasomotor ambient temperature sensor effects. Other readings: resp mean=0.07, bvp mean=-0.12, wrist_eda mean=4.09.",False,True,0.4539,1.3185,-0.735,0.061,-0.157,0.192,0.439,"ecg,wrist_temp"
11,3098,"Biosignal window flagged by the LOF anomaly detector. Deviating channels show an abrupt, high-amplitude pattern (elevated kurtosis/peak-to-peak vs this subject's baseline). elevated bvp (z=+1.1 vs subject baseline, mean=0.66) reduced wrist_temp (z=-0.8 vs subject baseline, mean=33.53) Relevant topics: photoplethysmography pulse waveform amplitude perfusion signal quality motion artifact atrial fibrillation screening skin temperature thermal perfusion vasomotor ambient temperature sensor effects. Other readings: ecg mean=0.00, resp mean=-0.07, wrist_eda mean=0.35.",False,True,0.4243,1.3678,0.032,-0.679,1.088,-0.746,-0.772,"bvp,wrist_temp"
11,3131,"Biosignal window flagged by the LOF anomaly detector. Deviating channels show an abrupt, high-amplitude pattern (elevated kurtosis/peak-to-peak vs this subject's baseline). elevated ecg (z=+7.3 vs subject baseline, mean=0.01) elevated resp (z=+1.8 vs subject baseline, mean=0.42) Relevant topics: electrocardiogram rhythm irregularity heart rate variability arrhythmia ectopic beats atrial fibrillation respiration rate breathing pattern tachypnea bradypnea ventilation. Other readings: bvp mean=0.43, wrist_eda mean=3.35, wrist_temp mean=33.57.",False,True,0.4524,1.377,7.35,1.831,0.72,0.007,-0.717,"ecg,resp"
11,3161,"Biosignal window flagged by the LOF anomaly detector. Deviating channels show a moderate shift from this subject's baseline. elevated bvp (z=+1.0 vs subject baseline, mean=0.62) reduced wrist_eda (z=-0.6 vs subject baseline, mean=0.86) Relevant topics: photoplethysmography pulse waveform amplitude perfusion signal quality motion artifact atrial fibrillation screening electrodermal activity skin conductance sympathetic stress arousal sweat response. Other readings: ecg mean=0.00, resp mean=-0.00, wrist_temp mean=34.50.",False,True,0.4328,1.3186,-0.121,-0.319,1.013,-0.618,0.436,"bvp,wrist_eda"
12,3182,"Biosignal window flagged by the LOF anomaly detector. Deviating channels show an abrupt, high-amplitude pattern (elevated kurtosis/peak-to-peak vs this subject's baseline). reduced wrist_temp (z=-1.9 vs subject baseline, mean=32.84) reduced wrist_eda (z=-0.9 vs subject baseline, mean=0.83) Relevant topics: skin temperature thermal perfusion vasomotor ambient temperature sensor effects electrodermal activity skin conductance sympathetic stress arousal sweat response. Other readings: ecg mean=0.00, resp mean=-0.08, bvp mean=-0.37.",False,True,0.4308,1.3979,0.441,-0.779,-0.241,-0.865,-1.867,"wrist_temp,wrist_eda"
12,3194,"Biosignal window flagged by the LOF anomaly detector. Deviating channels show an abrupt, high-amplitude pattern (elevated kurtosis/peak-to-peak vs this subject's baseline). reduced wrist_temp (z=-1.3 vs subject baseline, mean=33.15) reduced wrist_eda (z=-1.1 vs subject baseline, mean=0.11) Relevant topics: skin temperature thermal perfusion vasomotor ambient temperature sensor effects electrodermal activity skin conductance sympathetic stress arousal sweat response. Other readings: ecg mean=0.00, resp mean=0.07, bvp mean=0.14.",False,True,0.4337,1.3937,-0.238,0.093,0.059,-1.052,-1.291,"wrist_temp,wrist_eda"
12,3219,"Biosignal window flagged by the Isolation Forest anomaly detector. Deviating channels show an abrupt, high-amplitude pattern (elevated kurtosis/peak-to-peak vs this subject's baseline). elevated wrist_eda (z=+2.8 vs subject baseline, mean=14.99) reduced wrist_temp (z=-0.8 vs subject baseline, mean=33.40) Relevant topics: electrodermal activity skin conductance sympathetic stress arousal sweat response skin temperature thermal perfusion vasomotor ambient temperature sensor effects. Other readings: ecg mean=-0.00, resp mean=0.01, bvp mean=-0.40.",True,False,0.5324,1.147,-0.739,-0.272,-0.26,2.849,-0.808,"wrist_eda,wrist_temp"
12,3220,"Biosignal window flagged by the Isolation Forest anomaly detector. Deviating channels show a sustained level shift from this subject's baseline. elevated wrist_eda (z=+3.3 vs subject baseline, mean=16.84) elevated bvp (z=+1.4 vs subject baseline, mean=2.38) Relevant topics: electrodermal activity skin conductance sympathetic stress arousal sweat response photoplethysmography pulse waveform amplitude perfusion signal quality motion artifact atrial fibrillation screening. Other readings: ecg mean=0.00, resp mean=-0.04, wrist_temp mean=33.37.",True,False,0.5456,1.0898,0.623,-0.529,1.395,3.333,-0.872,"wrist_eda,bvp"
12,3221,"Biosignal window flagged by the Isolation Forest anomaly detector. Deviating channels show an abrupt, high-amplitude pattern (elevated kurtosis/peak-to-peak vs this subject's baseline). elevated wrist_eda (z=+3.4 vs subject baseline, mean=16.99) reduced bvp (z=-2.8 vs subject baseline, mean=-4.65) Relevant topics: electrodermal activity skin conductance sympathetic stress arousal sweat response photoplethysmography pulse waveform amplitude perfusion signal quality motion artifact atrial fibrillation screening. Other readings: ecg mean=0.00, resp mean=0.32, wrist_temp mean=33.33.",True,False,0.51,1.1312,-0.02,1.596,-2.793,3.373,-0.941,"wrist_eda,bvp"
12,3222,"Biosignal window flagged by the Isolation Forest anomaly detector. Deviating channels show an abrupt, high-amplitude pattern (elevated kurtosis/peak-to-peak vs this subject's baseline). elevated wrist_eda (z=+3.0 vs subject baseline, mean=15.60) elevated bvp (z=+2.2 vs subject baseline, mean=3.81) Relevant topics: electrodermal activity skin conductance sympathetic stress arousal sweat response photoplethysmography pulse waveform amplitude perfusion signal quality motion artifact atrial fibrillation screening. Other readings: ecg mean=-0.00, resp mean=-0.12, wrist_temp mean=33.30.",True,False,0.5481,1.0867,-0.998,-1.026,2.246,3.01,-1.001,"wrist_eda,bvp"
12,3223,"Biosignal window flagged by the Isolation Forest anomaly detector. Deviating channels show an abrupt, high-amplitude pattern (elevated kurtosis/peak-to-peak vs this subject's baseline). elevated wrist_eda (z=+2.7 vs subject baseline, mean=14.61) reduced wrist_temp (z=-1.0 vs subject baseline, mean=33.30) Relevant topics: electrodermal activity skin conductance sympathetic stress arousal sweat response skin temperature thermal perfusion vasomotor ambient temperature sensor effects. Other readings: ecg mean=0.00, resp mean=0.03, bvp mean=1.39.",True,False,0.54,1.0915,0.036,-0.111,0.807,2.749,-0.993,"wrist_eda,wrist_temp"
12,3224,"Biosignal window flagged by the Isolation Forest anomaly detector. Deviating channels show an abrupt, high-amplitude pattern (elevated kurtosis/peak-to-peak vs this subject's baseline). elevated wrist_eda (z=+2.8 vs subject baseline, mean=14.98) elevated bvp (z=+1.5 vs subject baseline, mean=2.52) Relevant topics: electrodermal activity skin conductance sympathetic stress arousal sweat response photoplethysmography pulse waveform amplitude perfusion signal quality motion artifact atrial fibrillation screening. Other readings: ecg mean=0.00, resp mean=0.02, wrist_temp mean=33.33.",True,False,0.5213,1.2035,0.351,-0.208,1.477,2.847,-0.939,"wrist_eda,bvp"
12,3235,"Biosignal window flagged by the LOF anomaly detector. Deviating channels show an abrupt, high-amplitude pattern (elevated kurtosis/peak-to-peak vs this subject's baseline). reduced wrist_temp (z=-1.5 vs subject baseline, mean=33.05) elevated wrist_eda (z=+1.4 vs subject baseline, mean=9.40) Relevant topics: skin temperature thermal perfusion vasomotor ambient temperature sensor effects electrodermal activity skin conductance sympathetic stress arousal sweat response. Other readings: ecg mean=-0.00, resp mean=-0.07, bvp mean=-0.88.",False,True,0.4618,1.3889,-0.335,-0.701,-0.547,1.384,-1.472,"wrist_temp,wrist_eda"
12,3247,"Biosignal window flagged by the LOF anomaly detector. Deviating channels show a sustained level shift from this subject's baseline. reduced bvp (z=-4.3 vs subject baseline, mean=-7.16) elevated wrist_eda (z=+2.4 vs subject baseline, mean=13.27) Relevant topics: photoplethysmography pulse waveform amplitude perfusion signal quality motion artifact atrial fibrillation screening electrodermal activity skin conductance sympathetic stress arousal sweat response. Other readings: ecg mean=0.00, resp mean=0.10, wrist_temp mean=32.84.",False,True,0.4689,1.4819,1.078,0.291,-4.289,2.397,-1.877,"bvp,wrist_eda"
12,3248,"Biosignal window flagged by the LOF anomaly detector. Deviating channels show a sustained level shift from this subject's baseline. reduced resp (z=-2.7 vs subject baseline, mean=-0.41) elevated bvp (z=+1.9 vs subject baseline, mean=3.22) Relevant topics: respiration rate breathing pattern tachypnea bradypnea ventilation photoplethysmography pulse waveform amplitude perfusion signal quality motion artifact atrial fibrillation screening. Other readings: ecg mean=-0.00, wrist_eda mean=7.26, wrist_temp mean=32.93.",False,True,0.4526,1.3905,-1.098,-2.723,1.893,0.821,-1.707,"resp,bvp"
12,3258,"Biosignal window flagged by the Isolation Forest anomaly detector. Deviating channels show an abrupt, high-amplitude pattern (elevated kurtosis/peak-to-peak vs this subject's baseline). elevated bvp (z=+3.0 vs subject baseline, mean=5.11) reduced wrist_temp (z=-0.9 vs subject baseline, mean=33.33) Relevant topics: photoplethysmography pulse waveform amplitude perfusion signal quality motion artifact atrial fibrillation screening skin temperature thermal perfusion vasomotor ambient temperature sensor effects. Other readings: ecg mean=0.00, resp mean=-0.08, wrist_eda mean=5.41.",True,False,0.5143,1.1971,0.106,-0.808,3.021,0.336,-0.933,"bvp,wrist_temp"
12,3259,"Biosignal window flagged by the Isolation Forest anomaly detector. Deviating channels show an abrupt, high-amplitude pattern (elevated kurtosis/peak-to-peak vs this subject's baseline). elevated wrist_eda (z=+1.6 vs subject baseline, mean=10.13) reduced wrist_temp (z=-0.8 vs subject baseline, mean=33.41) Relevant topics: electrodermal activity skin conductance sympathetic stress arousal sweat response skin temperature thermal perfusion vasomotor ambient temperature sensor effects. Other readings: ecg mean=0.00, resp mean=-0.02, bvp mean=0.38.",True,False,0.5131,1.2038,0.107,-0.425,0.206,1.575,-0.798,"wrist_eda,wrist_temp"
12,3260,"Biosignal window flagged by the Isolation Forest anomaly detector. Deviating channels show a sustained level shift from this subject's baseline. elevated wrist_eda (z=+2.4 vs subject baseline, mean=13.27) reduced bvp (z=-1.1 vs subject baseline, mean=-1.85) Relevant topics: electrodermal activity skin conductance sympathetic stress arousal sweat response photoplethysmography pulse waveform amplitude perfusion signal quality motion artifact atrial fibrillation screening. Other readings: ecg mean=0.00, resp mean=0.03, wrist_temp mean=33.49.",True,False,0.5201,1.2067,-0.327,-0.112,-1.123,2.399,-0.633,"wrist_eda,bvp"
12,3261,"Biosignal window flagged by the Isolation Forest anomaly detector. Deviating channels show an abrupt, high-amplitude pattern (elevated kurtosis/peak-to-peak vs this subject's baseline). elevated wrist_eda (z=+2.7 vs subject baseline, mean=14.58) elevated ecg (z=+0.6 vs subject baseline, mean=0.00) Relevant topics: electrodermal activity skin conductance sympathetic stress arousal sweat response electrocardiogram rhythm irregularity heart rate variability arrhythmia ectopic beats atrial fibrillation. Other readings: resp mean=0.05, bvp mean=0.11, wrist_temp mean=33.59.",True,False,0.545,1.1134,0.587,-0.043,0.043,2.741,-0.438,"wrist_eda,ecg"
12,3262,"Biosignal window flagged by the Isolation Forest anomaly detector. Deviating channels show an abrupt, high-amplitude pattern (elevated kurtosis/peak-to-peak vs this subject's baseline). elevated wrist_eda (z=+2.4 vs subject baseline, mean=13.46) elevated resp (z=+1.1 vs subject baseline, mean=0.23) Relevant topics: electrodermal activity skin conductance sympathetic stress arousal sweat response respiration rate breathing pattern tachypnea bradypnea ventilation. Other readings: ecg mean=-0.00, bvp mean=0.78, wrist_temp mean=33.66.",True,False,0.5031,1.1522,-0.388,1.055,0.442,2.447,-0.308,"wrist_eda,resp"
12,3263,"Biosignal window flagged by the Isolation Forest anomaly detector. Deviating channels show an abrupt, high-amplitude pattern (elevated kurtosis/peak-to-peak vs this subject's baseline). reduced resp (z=-3.5 vs subject baseline, mean=-0.55) elevated wrist_eda (z=+2.6 vs subject baseline, mean=14.11) Relevant topics: respiration rate breathing pattern tachypnea bradypnea ventilation electrodermal activity skin conductance sympathetic stress arousal sweat response. Other readings: ecg mean=0.00, bvp mean=3.97, wrist_temp mean=33.70.",True,False,0.5566,1.1996,0.416,-3.547,2.342,2.618,-0.231,"resp,wrist_eda"
12,3264,"Biosignal window flagged by the Isolation Forest anomaly detector. Deviating channels show an abrupt, high-amplitude pattern (elevated kurtosis/peak-to-peak vs this subject's baseline). elevated wrist_eda (z=+5.1 vs subject baseline, mean=23.40) elevated resp (z=+2.9 vs subject baseline, mean=0.54) Relevant topics: electrodermal activity skin conductance sympathetic stress arousal sweat response respiration rate breathing pattern tachypnea bradypnea ventilation. Other readings: ecg mean=-0.00, bvp mean=0.01, wrist_temp mean=33.74.",True,False,0.5591,1.1228,-0.686,2.901,-0.017,5.054,-0.162,"wrist_eda,resp"
12,3265,"Biosignal window flagged by both anomaly detectors (Isolation Forest and LOF). Deviating channels show an abrupt, high-amplitude pattern (elevated kurtosis/peak-to-peak vs this subject's baseline). elevated wrist_eda (z=+6.2 vs subject baseline, mean=27.85) reduced bvp (z=-6.2 vs subject baseline, mean=-10.38) Relevant topics: electrodermal activity skin conductance sympathetic stress arousal sweat response photoplethysmography pulse waveform amplitude perfusion signal quality motion artifact atrial fibrillation screening. Other readings: ecg mean=0.00, resp mean=0.41, wrist_temp mean=33.71.",True,True,0.6441,1.7863,1.141,2.142,-6.204,6.222,-0.213,"wrist_eda,bvp"
12,3266,"Biosignal window flagged by the Isolation Forest anomaly detector. Deviating channels show an abrupt, high-amplitude pattern (elevated kurtosis/peak-to-peak vs this subject's baseline). elevated wrist_eda (z=+6.2 vs subject baseline, mean=27.65) elevated bvp (z=+2.2 vs subject baseline, mean=3.70) Relevant topics: electrodermal activity skin conductance sympathetic stress arousal sweat response photoplethysmography pulse waveform amplitude perfusion signal quality motion artifact atrial fibrillation screening. Other readings: ecg mean=-0.00, resp mean=-0.08, wrist_temp mean=33.59.",True,False,0.549,1.2661,-0.685,-0.758,2.179,6.168,-0.446,"wrist_eda,bvp"
12,3267,"Biosignal window flagged by the Isolation Forest anomaly detector. Deviating channels show an abrupt, high-amplitude pattern (elevated kurtosis/peak-to-peak vs this subject's baseline). elevated wrist_eda (z=+6.4 vs subject baseline, mean=28.66) elevated bvp (z=+1.3 vs subject baseline, mean=2.19) Relevant topics: electrodermal activity skin conductance sympathetic stress arousal sweat response photoplethysmography pulse waveform amplitude perfusion signal quality motion artifact atrial fibrillation screening. Other readings: ecg mean=0.00, resp mean=0.16, wrist_temp mean=33.56.",True,False,0.5719,1.1238,-0.163,0.615,1.283,6.434,-0.502,"wrist_eda,bvp"
12,3268,"Biosignal window flagged by the Isolation Forest anomaly detector. Deviating channels show an abrupt, high-amplitude pattern (elevated kurtosis/peak-to-peak vs this subject's baseline). elevated wrist_eda (z=+5.3 vs subject baseline, mean=24.21) reduced resp (z=-1.3 vs subject baseline, mean=-0.16) Relevant topics: electrodermal activity skin conductance sympathetic stress arousal sweat response respiration rate breathing pattern tachypnea bradypnea ventilation. Other readings: ecg mean=0.00, bvp mean=-0.08, wrist_temp mean=33.56.",True,False,0.5604,1.1766,-0.005,-1.286,-0.068,5.268,-0.506,"wrist_eda,resp"
12,3269,"Biosignal window flagged by the Isolation Forest anomaly detector. Deviating channels show an abrupt, high-amplitude pattern (elevated kurtosis/peak-to-peak vs this subject's baseline). elevated wrist_eda (z=+4.8 vs subject baseline, mean=22.25) reduced bvp (z=-0.7 vs subject baseline, mean=-1.22) Relevant topics: electrodermal activity skin conductance sympathetic stress arousal sweat response photoplethysmography pulse waveform amplitude perfusion signal quality motion artifact atrial fibrillation screening. Other readings: ecg mean=0.00, resp mean=-0.04, wrist_temp mean=33.56.",True,False,0.5241,1.0547,-0.227,-0.559,-0.747,4.752,-0.499,"wrist_eda,bvp"
12,3270,"Biosignal window flagged by the Isolation Forest anomaly detector. Deviating channels show an abrupt, high-amplitude pattern (elevated kurtosis/peak-to-peak vs this subject's baseline). elevated wrist_eda (z=+4.2 vs subject baseline, mean=19.95) reduced resp (z=-1.5 vs subject baseline, mean=-0.20) Relevant topics: electrodermal activity skin conductance sympathetic stress arousal sweat response respiration rate breathing pattern tachypnea bradypnea ventilation. Other readings: ecg mean=0.00, bvp mean=-2.41, wrist_temp mean=33.56.",True,False,0.5289,1.1059,0.066,-1.503,-1.457,4.15,-0.511,"wrist_eda,resp"
12,3271,"Biosignal window flagged by the Isolation Forest anomaly detector. Deviating channels show an abrupt, high-amplitude pattern (elevated kurtosis/peak-to-peak vs this subject's baseline). elevated wrist_eda (z=+3.8 vs subject baseline, mean=18.64) elevated bvp (z=+1.9 vs subject baseline, mean=3.26) Relevant topics: electrodermal activity skin conductance sympathetic stress arousal sweat response photoplethysmography pulse waveform amplitude perfusion signal quality motion artifact atrial fibrillation screening. Other readings: ecg mean=0.00, resp mean=0.18, wrist_temp mean=33.51.",True,False,0.5366,1.0834,0.737,0.767,1.917,3.805,-0.608,"wrist_eda,bvp"
12,3272,"Biosignal window flagged by the Isolation Forest anomaly detector. Deviating channels show an abrupt, high-amplitude pattern (elevated kurtosis/peak-to-peak vs this subject's baseline). elevated wrist_eda (z=+3.6 vs subject baseline, mean=17.78) reduced ecg (z=-1.0 vs subject baseline, mean=-0.00) Relevant topics: electrodermal activity skin conductance sympathetic stress arousal sweat response electrocardiogram rhythm irregularity heart rate variability arrhythmia ectopic beats atrial fibrillation. Other readings: resp mean=0.20, bvp mean=-0.89, wrist_temp mean=33.46.",True,False,0.5216,1.2055,-0.994,0.883,-0.552,3.581,-0.693,"wrist_eda,ecg"
12,3273,"Biosignal window flagged by the Isolation Forest anomaly detector. Deviating channels show an abrupt, high-amplitude pattern (elevated kurtosis/peak-to-peak vs this subject's baseline). elevated wrist_eda (z=+3.9 vs subject baseline, mean=19.10) reduced ecg (z=-2.8 vs subject baseline, mean=-0.01) Relevant topics: electrodermal activity skin conductance sympathetic stress arousal sweat response electrocardiogram rhythm irregularity heart rate variability arrhythmia ectopic beats atrial fibrillation. Other readings: resp mean=0.03, bvp mean=0.68, wrist_temp mean=33.42.",True,False,0.5335,1.0527,-2.824,-0.11,0.384,3.926,-0.764,"wrist_eda,ecg"
12,3274,"Biosignal window flagged by both anomaly detectors (Isolation Forest and LOF). Deviating channels show an abrupt, high-amplitude pattern (elevated kurtosis/peak-to-peak vs this subject's baseline). elevated wrist_eda (z=+5.1 vs subject baseline, mean=23.59) elevated ecg (z=+3.0 vs subject baseline, mean=0.01) Relevant topics: electrodermal activity skin conductance sympathetic stress arousal sweat response electrocardiogram rhythm irregularity heart rate variability arrhythmia ectopic beats atrial fibrillation. Other readings: resp mean=-0.29, bvp mean=4.05, wrist_temp mean=33.35.",True,True,0.6013,1.7491,2.952,-2.045,2.387,5.104,-0.906,"wrist_eda,ecg"
12,3275,"Biosignal window flagged by the Isolation Forest anomaly detector. Deviating channels show an abrupt, high-amplitude pattern (elevated kurtosis/peak-to-peak vs this subject's baseline). elevated wrist_eda (z=+5.0 vs subject baseline, mean=23.32) reduced bvp (z=-1.9 vs subject baseline, mean=-3.15) Relevant topics: electrodermal activity skin conductance sympathetic stress arousal sweat response photoplethysmography pulse waveform amplitude perfusion signal quality motion artifact atrial fibrillation screening. Other readings: ecg mean=0.00, resp mean=0.34, wrist_temp mean=33.18.",True,False,0.5264,1.1555,0.389,1.698,-1.898,5.034,-1.232,"wrist_eda,bvp"
12,3276,"Biosignal window flagged by the Isolation Forest anomaly detector. Deviating channels show an abrupt, high-amplitude pattern (elevated kurtosis/peak-to-peak vs this subject's baseline). elevated wrist_eda (z=+5.2 vs subject baseline, mean=23.93) reduced ecg (z=-1.8 vs subject baseline, mean=-0.00) Relevant topics: electrodermal activity skin conductance sympathetic stress arousal sweat response electrocardiogram rhythm irregularity heart rate variability arrhythmia ectopic beats atrial fibrillation. Other readings: resp mean=-0.10, bvp mean=-0.70, wrist_temp mean=33.07.",True,False,0.5031,1.1163,-1.83,-0.916,-0.44,5.194,-1.434,"wrist_eda,ecg"
12,3278,"Biosignal window flagged by the Isolation Forest anomaly detector. Deviating channels show an abrupt, high-amplitude pattern (elevated kurtosis/peak-to-peak vs this subject's baseline). elevated wrist_eda (z=+4.1 vs subject baseline, mean=19.71) reduced wrist_temp (z=-1.3 vs subject baseline, mean=33.13) Relevant topics: electrodermal activity skin conductance sympathetic stress arousal sweat response skin temperature thermal perfusion vasomotor ambient temperature sensor effects. Other readings: ecg mean=-0.00, resp mean=-0.17, bvp mean=-1.54.",True,False,0.5035,1.1175,-1.101,-1.313,-0.941,4.088,-1.322,"wrist_eda,wrist_temp"
12,3284,"Biosignal window flagged by the LOF anomaly detector. Deviating channels show a sustained level shift from this subject's baseline. elevated bvp (z=+2.7 vs subject baseline, mean=4.51) reduced wrist_temp (z=-1.3 vs subject baseline, mean=33.15) Relevant topics: photoplethysmography pulse waveform amplitude perfusion signal quality motion artifact atrial fibrillation screening skin temperature thermal perfusion vasomotor ambient temperature sensor effects. Other readings: ecg mean=0.00, resp mean=0.17, wrist_eda mean=8.10.",False,True,0.4468,1.2939,0.819,0.694,2.666,1.042,-1.282,"bvp,wrist_temp"
12,3311,"Biosignal window flagged by the LOF anomaly detector. Deviating channels show an abrupt, high-amplitude pattern (elevated kurtosis/peak-to-peak vs this subject's baseline). reduced bvp (z=-2.0 vs subject baseline, mean=-3.39) elevated wrist_temp (z=+1.3 vs subject baseline, mean=34.50) Relevant topics: photoplethysmography pulse waveform amplitude perfusion signal quality motion artifact atrial fibrillation screening skin temperature thermal perfusion vasomotor ambient temperature sensor effects. Other readings: ecg mean=0.00, resp mean=0.05, wrist_eda mean=3.45.",False,True,0.4613,1.6572,0.251,-0.036,-2.039,-0.178,1.281,"bvp,wrist_temp"
12,3323,"Biosignal window flagged by the Isolation Forest anomaly detector. Deviating channels show a sustained level shift from this subject's baseline. reduced bvp (z=-2.3 vs subject baseline, mean=-3.90) reduced resp (z=-2.1 vs subject baseline, mean=-0.30) Relevant topics: photoplethysmography pulse waveform amplitude perfusion signal quality motion artifact atrial fibrillation screening respiration rate breathing pattern tachypnea bradypnea ventilation. Other readings: ecg mean=-0.00, wrist_eda mean=11.47, wrist_temp mean=34.36.",True,False,0.5141,1.1088,-0.615,-2.067,-2.343,1.926,1.025,"bvp,resp"
12,3324,"Biosignal window flagged by both anomaly detectors (Isolation Forest and LOF). Deviating channels show a sustained level shift from this subject's baseline. elevated wrist_eda (z=+1.9 vs subject baseline, mean=11.46) reduced ecg (z=-1.4 vs subject baseline, mean=-0.00) Relevant topics: electrodermal activity skin conductance sympathetic stress arousal sweat response electrocardiogram rhythm irregularity heart rate variability arrhythmia ectopic beats atrial fibrillation. Other readings: resp mean=0.10, bvp mean=-1.42, wrist_temp mean=34.34.",True,True,0.504,1.3736,-1.382,0.273,-0.868,1.923,0.977,"wrist_eda,ecg"
12,3332,"Biosignal window flagged by the LOF anomaly detector. Deviating channels show an abrupt, high-amplitude pattern (elevated kurtosis/peak-to-peak vs this subject's baseline). reduced ecg (z=-1.6 vs subject baseline, mean=-0.00) elevated wrist_eda (z=+1.6 vs subject baseline, mean=10.22) Relevant topics: electrocardiogram rhythm irregularity heart rate variability arrhythmia ectopic beats atrial fibrillation electrodermal activity skin conductance sympathetic stress arousal sweat response. Other readings: resp mean=-0.01, bvp mean=0.03, wrist_temp mean=33.96.",False,True,0.4775,1.5748,-1.617,-0.357,-0.003,1.598,0.255,"ecg,wrist_eda"
12,3343,"Biosignal window flagged by the LOF anomaly detector. Deviating channels show an abrupt, high-amplitude pattern (elevated kurtosis/peak-to-peak vs this subject's baseline). reduced bvp (z=-1.4 vs subject baseline, mean=-2.30) elevated wrist_eda (z=+0.8 vs subject baseline, mean=7.27) Relevant topics: photoplethysmography pulse waveform amplitude perfusion signal quality motion artifact atrial fibrillation screening electrodermal activity skin conductance sympathetic stress arousal sweat response. Other readings: ecg mean=-0.00, resp mean=0.01, wrist_temp mean=34.10.",False,True,0.4532,1.3673,-0.665,-0.226,-1.394,0.825,0.527,"bvp,wrist_eda"
12,3361,"Biosignal window flagged by the LOF anomaly detector. Deviating channels show an abrupt, high-amplitude pattern (elevated kurtosis/peak-to-peak vs this subject's baseline). elevated resp (z=+4.7 vs subject baseline, mean=0.85) elevated wrist_temp (z=+1.0 vs subject baseline, mean=34.38) Relevant topics: respiration rate breathing pattern tachypnea bradypnea ventilation skin temperature thermal perfusion vasomotor ambient temperature sensor effects. Other readings: ecg mean=-0.00, bvp mean=0.76, wrist_eda mean=0.99.",False,True,0.438,1.3175,-0.668,4.712,0.431,-0.823,1.048,"resp,wrist_temp"
12,3386,"Biosignal window flagged by the Isolation Forest anomaly detector. Deviating channels show a moderate shift from this subject's baseline. elevated ecg (z=+1.5 vs subject baseline, mean=0.01) reduced bvp (z=-1.3 vs subject baseline, mean=-2.16) Relevant topics: electrocardiogram rhythm irregularity heart rate variability arrhythmia ectopic beats atrial fibrillation photoplethysmography pulse waveform amplitude perfusion signal quality motion artifact atrial fibrillation screening. Other readings: resp mean=0.16, wrist_eda mean=4.15, wrist_temp mean=34.22.",True,False,0.4989,1.1047,1.471,0.622,-1.311,0.005,0.75,"ecg,bvp"
12,3435,"Biosignal window flagged by the LOF anomaly detector. Deviating channels show an abrupt, high-amplitude pattern (elevated kurtosis/peak-to-peak vs this subject's baseline). reduced resp (z=-1.5 vs subject baseline, mean=-0.20) reduced bvp (z=-1.3 vs subject baseline, mean=-2.12) Relevant topics: respiration rate breathing pattern tachypnea bradypnea ventilation photoplethysmography pulse waveform amplitude perfusion signal quality motion artifact atrial fibrillation screening. Other readings: ecg mean=-0.00, wrist_eda mean=0.70, wrist_temp mean=34.45.",False,True,0.4562,1.421,-1.044,-1.471,-1.288,-0.898,1.189,"resp,bvp"
13,3464,"Biosignal window flagged by the LOF anomaly detector. Deviating channels show an abrupt, high-amplitude pattern (elevated kurtosis/peak-to-peak vs this subject's baseline). reduced wrist_temp (z=-1.2 vs subject baseline, mean=32.15) reduced wrist_eda (z=-1.0 vs subject baseline, mean=0.10) Relevant topics: skin temperature thermal perfusion vasomotor ambient temperature sensor effects electrodermal activity skin conductance sympathetic stress arousal sweat response. Other readings: ecg mean=0.00, resp mean=0.06, bvp mean=0.45.",False,True,0.4254,1.3509,-0.069,-0.011,0.621,-0.982,-1.248,"wrist_temp,wrist_eda"
13,3476,"Biosignal window flagged by the LOF anomaly detector. Deviating channels show an abrupt, high-amplitude pattern (elevated kurtosis/peak-to-peak vs this subject's baseline). elevated resp (z=+6.3 vs subject baseline, mean=1.27) reduced wrist_temp (z=-2.1 vs subject baseline, mean=31.16) Relevant topics: respiration rate breathing pattern tachypnea bradypnea ventilation skin temperature thermal perfusion vasomotor ambient temperature sensor effects. Other readings: ecg mean=-0.00, bvp mean=0.30, wrist_eda mean=1.92.",False,True,0.4604,1.5195,-0.947,6.256,0.416,-0.547,-2.13,"resp,wrist_temp"
13,3477,"Biosignal window flagged by the LOF anomaly detector. Deviating channels show an abrupt, high-amplitude pattern (elevated kurtosis/peak-to-peak vs this subject's baseline). reduced resp (z=-7.7 vs subject baseline, mean=-1.44) reduced wrist_temp (z=-2.2 vs subject baseline, mean=31.04) Relevant topics: respiration rate breathing pattern tachypnea bradypnea ventilation skin temperature thermal perfusion vasomotor ambient temperature sensor effects. Other readings: ecg mean=-0.00, bvp mean=-0.36, wrist_eda mean=2.72.",False,True,0.4736,1.6061,-0.45,-7.74,-0.463,-0.356,-2.242,"resp,wrist_temp"
13,3482,"Biosignal window flagged by the LOF anomaly detector. Deviating channels show an abrupt, high-amplitude pattern (elevated kurtosis/peak-to-peak vs this subject's baseline). elevated resp (z=+4.8 vs subject baseline, mean=0.99) reduced wrist_temp (z=-2.6 vs subject baseline, mean=30.59) Relevant topics: respiration rate breathing pattern tachypnea bradypnea ventilation skin temperature thermal perfusion vasomotor ambient temperature sensor effects. Other readings: ecg mean=-0.00, bvp mean=-0.29, wrist_eda mean=3.67.",False,True,0.4371,1.2963,-0.529,4.795,-0.37,-0.129,-2.64,"resp,wrist_temp"
13,3483,"Biosignal window flagged by the LOF anomaly detector. Deviating channels show an abrupt, high-amplitude pattern (elevated kurtosis/peak-to-peak vs this subject's baseline). reduced resp (z=-6.4 vs subject baseline, mean=-1.18) reduced wrist_temp (z=-2.7 vs subject baseline, mean=30.53) Relevant topics: respiration rate breathing pattern tachypnea bradypnea ventilation skin temperature thermal perfusion vasomotor ambient temperature sensor effects. Other readings: ecg mean=-0.01, bvp mean=-0.11, wrist_eda mean=4.22.",False,True,0.4912,1.5849,-2.668,-6.405,-0.125,0.003,-2.695,"resp,wrist_temp"
13,3540,"Biosignal window flagged by the Isolation Forest anomaly detector. Deviating channels show an abrupt, high-amplitude pattern (elevated kurtosis/peak-to-peak vs this subject's baseline). elevated wrist_eda (z=+2.2 vs subject baseline, mean=13.27) elevated bvp (z=+0.6 vs subject baseline, mean=0.43) Relevant topics: electrodermal activity skin conductance sympathetic stress arousal sweat response photoplethysmography pulse waveform amplitude perfusion signal quality motion artifact atrial fibrillation screening. Other readings: ecg mean=-0.00, resp mean=-0.05, wrist_temp mean=33.25.",True,False,0.4995,1.0692,-0.404,-0.592,0.593,2.166,-0.273,"wrist_eda,bvp"
13,3550,"Biosignal window flagged by the Isolation Forest anomaly detector. Deviating channels show an abrupt, high-amplitude pattern (elevated kurtosis/peak-to-peak vs this subject's baseline). elevated wrist_eda (z=+2.7 vs subject baseline, mean=15.64) reduced ecg (z=-1.2 vs subject baseline, mean=-0.00) Relevant topics: electrodermal activity skin conductance sympathetic stress arousal sweat response electrocardiogram rhythm irregularity heart rate variability arrhythmia ectopic beats atrial fibrillation. Other readings: resp mean=-0.09, bvp mean=-0.76, wrist_temp mean=33.00.",True,False,0.5045,1.0868,-1.233,-0.754,-0.996,2.733,-0.493,"wrist_eda,ecg"
13,3554,"Biosignal window flagged by the Isolation Forest anomaly detector. Deviating channels show an abrupt, high-amplitude pattern (elevated kurtosis/peak-to-peak vs this subject's baseline). elevated wrist_eda (z=+4.5 vs subject baseline, mean=22.83) reduced resp (z=-3.4 vs subject baseline, mean=-0.59) Relevant topics: electrodermal activity skin conductance sympathetic stress arousal sweat response respiration rate breathing pattern tachypnea bradypnea ventilation. Other readings: ecg mean=0.01, bvp mean=-0.29, wrist_temp mean=33.51.",True,False,0.5136,1.1037,2.567,-3.372,-0.365,4.452,-0.034,"wrist_eda,resp"
13,3620,"Biosignal window flagged by the LOF anomaly detector. Deviating channels are only mildly unusual vs this subject's baseline. reduced resp (z=-0.9 vs subject baseline, mean=-0.11) elevated wrist_temp (z=+0.8 vs subject baseline, mean=34.50) Relevant topics: respiration rate breathing pattern tachypnea bradypnea ventilation skin temperature thermal perfusion vasomotor ambient temperature sensor effects. Other readings: ecg mean=0.00, bvp mean=-0.20, wrist_eda mean=1.98.",False,True,0.4133,1.3759,0.091,-0.858,-0.254,-0.534,0.848,"resp,wrist_temp"
13,3632,"Biosignal window flagged by the LOF anomaly detector. Deviating channels show an abrupt, high-amplitude pattern (elevated kurtosis/peak-to-peak vs this subject's baseline). reduced resp (z=-1.8 vs subject baseline, mean=-0.28) elevated wrist_temp (z=+0.7 vs subject baseline, mean=34.34) Relevant topics: respiration rate breathing pattern tachypnea bradypnea ventilation skin temperature thermal perfusion vasomotor ambient temperature sensor effects. Other readings: ecg mean=0.00, bvp mean=0.43, wrist_eda mean=1.88.",False,True,0.4214,1.2958,0.477,-1.767,0.599,-0.557,0.701,"resp,wrist_temp"
13,3634,"Biosignal window flagged by the LOF anomaly detector. Deviating channels show an abrupt, high-amplitude pattern (elevated kurtosis/peak-to-peak vs this subject's baseline). elevated resp (z=+0.8 vs subject baseline, mean=0.21) elevated wrist_temp (z=+0.7 vs subject baseline, mean=34.33) Relevant topics: respiration rate breathing pattern tachypnea bradypnea ventilation skin temperature thermal perfusion vasomotor ambient temperature sensor effects. Other readings: ecg mean=0.00, bvp mean=0.03, wrist_eda mean=2.00.",False,True,0.4133,1.378,0.585,0.775,0.056,-0.529,0.692,"resp,wrist_temp"
13,3692,"Biosignal window flagged by the LOF anomaly detector. Deviating channels show an abrupt, high-amplitude pattern (elevated kurtosis/peak-to-peak vs this subject's baseline). elevated bvp (z=+6.9 vs subject baseline, mean=5.12) reduced resp (z=-2.1 vs subject baseline, mean=-0.34) Relevant topics: photoplethysmography pulse waveform amplitude perfusion signal quality motion artifact atrial fibrillation screening respiration rate breathing pattern tachypnea bradypnea ventilation. Other readings: ecg mean=-0.00, wrist_eda mean=6.96, wrist_temp mean=33.60.",False,True,0.4439,1.4336,-1.597,-2.067,6.869,0.658,0.044,"bvp,resp"
13,3720,"Biosignal window flagged by the LOF anomaly detector. Deviating channels show an abrupt, high-amplitude pattern (elevated kurtosis/peak-to-peak vs this subject's baseline). elevated wrist_temp (z=+1.0 vs subject baseline, mean=34.66) reduced bvp (z=-1.0 vs subject baseline, mean=-0.73) Relevant topics: skin temperature thermal perfusion vasomotor ambient temperature sensor effects photoplethysmography pulse waveform amplitude perfusion signal quality motion artifact atrial fibrillation screening. Other readings: ecg mean=0.00, resp mean=0.07, wrist_eda mean=0.85.",False,True,0.452,1.3715,0.53,0.022,-0.953,-0.802,0.99,"wrist_temp,bvp"
14,3768,"Biosignal window flagged by the LOF anomaly detector. Deviating channels show an abrupt, high-amplitude pattern (elevated kurtosis/peak-to-peak vs this subject's baseline). reduced wrist_temp (z=-1.2 vs subject baseline, mean=33.16) elevated resp (z=+1.2 vs subject baseline, mean=0.20) Relevant topics: skin temperature thermal perfusion vasomotor ambient temperature sensor effects respiration rate breathing pattern tachypnea bradypnea ventilation. Other readings: ecg mean=0.00, bvp mean=-0.25, wrist_eda mean=0.43.",False,True,0.424,1.3451,-0.363,1.192,-0.173,-0.795,-1.212,"wrist_temp,resp"
14,3773,"Biosignal window flagged by the LOF anomaly detector. Deviating channels show an abrupt, high-amplitude pattern (elevated kurtosis/peak-to-peak vs this subject's baseline). reduced wrist_temp (z=-1.0 vs subject baseline, mean=33.34) elevated resp (z=+1.0 vs subject baseline, mean=0.18) Relevant topics: skin temperature thermal perfusion vasomotor ambient temperature sensor effects respiration rate breathing pattern tachypnea bradypnea ventilation. Other readings: ecg mean=0.00, bvp mean=0.50, wrist_eda mean=0.50.",False,True,0.4259,1.3667,-0.416,1.021,0.53,-0.786,-1.036,"wrist_temp,resp"
14,3788,"Biosignal window flagged by the Isolation Forest anomaly detector. Deviating channels show an abrupt, high-amplitude pattern (elevated kurtosis/peak-to-peak vs this subject's baseline). elevated wrist_eda (z=+2.7 vs subject baseline, mean=25.78) elevated resp (z=+2.1 vs subject baseline, mean=0.32) Relevant topics: electrodermal activity skin conductance sympathetic stress arousal sweat response respiration rate breathing pattern tachypnea bradypnea ventilation. Other readings: ecg mean=0.00, bvp mean=-0.74, wrist_temp mean=32.58.",True,False,0.5337,1.0603,0.215,2.096,-0.622,2.7,-1.787,"wrist_eda,resp"
14,3789,"Biosignal window flagged by the Isolation Forest anomaly detector. Deviating channels show a sustained level shift from this subject's baseline. elevated wrist_eda (z=+3.2 vs subject baseline, mean=29.32) reduced resp (z=-2.9 vs subject baseline, mean=-0.32) Relevant topics: electrodermal activity skin conductance sympathetic stress arousal sweat response respiration rate breathing pattern tachypnea bradypnea ventilation. Other readings: ecg mean=-0.00, bvp mean=0.79, wrist_temp mean=32.67.",True,False,0.4991,1.0386,-0.78,-2.868,0.794,3.188,-1.698,"wrist_eda,resp"
14,3790,"Biosignal window flagged by the Isolation Forest anomaly detector. Deviating channels show an abrupt, high-amplitude pattern (elevated kurtosis/peak-to-peak vs this subject's baseline). elevated wrist_eda (z=+3.4 vs subject baseline, mean=31.17) reduced wrist_temp (z=-1.6 vs subject baseline, mean=32.82) Relevant topics: electrodermal activity skin conductance sympathetic stress arousal sweat response skin temperature thermal perfusion vasomotor ambient temperature sensor effects. Other readings: ecg mean=0.00, resp mean=0.00, bvp mean=-0.78.",True,False,0.5057,1.0325,0.189,-0.386,-0.656,3.443,-1.554,"wrist_eda,wrist_temp"
14,3791,"Biosignal window flagged by the Isolation Forest anomaly detector. Deviating channels show an abrupt, high-amplitude pattern (elevated kurtosis/peak-to-peak vs this subject's baseline). elevated wrist_eda (z=+3.4 vs subject baseline, mean=30.73) reduced wrist_temp (z=-1.4 vs subject baseline, mean=32.98) Relevant topics: electrodermal activity skin conductance sympathetic stress arousal sweat response skin temperature thermal perfusion vasomotor ambient temperature sensor effects. Other readings: ecg mean=0.00, resp mean=0.20, bvp mean=0.51.",True,False,0.5077,1.0163,-0.07,1.161,0.535,3.383,-1.392,"wrist_eda,wrist_temp"
14,3792,"Biosignal window flagged by the Isolation Forest anomaly detector. Deviating channels show a sustained level shift from this subject's baseline. elevated wrist_eda (z=+3.1 vs subject baseline, mean=28.64) elevated bvp (z=+3.0 vs subject baseline, mean=3.15) Relevant topics: electrodermal activity skin conductance sympathetic stress arousal sweat response photoplethysmography pulse waveform amplitude perfusion signal quality motion artifact atrial fibrillation screening. Other readings: ecg mean=0.00, resp mean=-0.07, wrist_temp mean=33.10.",True,False,0.512,1.0375,0.117,-0.929,2.98,3.095,-1.269,"wrist_eda,bvp"
14,3793,"Biosignal window flagged by the Isolation Forest anomaly detector. Deviating channels show an abrupt, high-amplitude pattern (elevated kurtosis/peak-to-peak vs this subject's baseline). elevated wrist_eda (z=+3.0 vs subject baseline, mean=27.68) reduced bvp (z=-2.9 vs subject baseline, mean=-3.22) Relevant topics: electrodermal activity skin conductance sympathetic stress arousal sweat response photoplethysmography pulse waveform amplitude perfusion signal quality motion artifact atrial fibrillation screening. Other readings: ecg mean=-0.01, resp mean=0.12, wrist_temp mean=33.18.",True,False,0.5179,1.0675,-2.097,0.525,-2.926,2.963,-1.192,"wrist_eda,bvp"
14,3795,"Biosignal window flagged by both anomaly detectors (Isolation Forest and LOF). Deviating channels show an abrupt, high-amplitude pattern (elevated kurtosis/peak-to-peak vs this subject's baseline). elevated wrist_eda (z=+2.8 vs subject baseline, mean=26.40) elevated bvp (z=+1.5 vs subject baseline, mean=1.60) Relevant topics: electrodermal activity skin conductance sympathetic stress arousal sweat response photoplethysmography pulse waveform amplitude perfusion signal quality motion artifact atrial fibrillation screening. Other readings: ecg mean=0.00, resp mean=0.04, wrist_temp mean=33.28.",True,True,0.5494,1.3285,0.154,-0.048,1.547,2.785,-1.089,"wrist_eda,bvp"
14,3797,"Biosignal window flagged by both anomaly detectors (Isolation Forest and LOF). Deviating channels show an abrupt, high-amplitude pattern (elevated kurtosis/peak-to-peak vs this subject's baseline). elevated bvp (z=+6.2 vs subject baseline, mean=6.62) elevated wrist_eda (z=+2.7 vs subject baseline, mean=25.62) Relevant topics: photoplethysmography pulse waveform amplitude perfusion signal quality motion artifact atrial fibrillation screening electrodermal activity skin conductance sympathetic stress arousal sweat response. Other readings: ecg mean=0.00, resp mean=0.19, wrist_temp mean=33.28.",True,True,0.5437,1.6309,-0.04,1.107,6.198,2.678,-1.089,"bvp,wrist_eda"
14,3815,"Biosignal window flagged by both anomaly detectors (Isolation Forest and LOF). Deviating channels show an abrupt, high-amplitude pattern (elevated kurtosis/peak-to-peak vs this subject's baseline). reduced resp (z=-28.4 vs subject baseline, mean=-3.57) elevated ecg (z=+1.9 vs subject baseline, mean=0.01) Relevant topics: respiration rate breathing pattern tachypnea bradypnea ventilation electrocardiogram rhythm irregularity heart rate variability arrhythmia ectopic beats atrial fibrillation. Other readings: bvp mean=1.52, wrist_eda mean=17.99, wrist_temp mean=33.26.",True,True,0.569,2.3871,1.934,-28.376,1.468,1.626,-1.109,"resp,ecg"
14,3816,"Biosignal window flagged by both anomaly detectors (Isolation Forest and LOF). Deviating channels show an abrupt, high-amplitude pattern (elevated kurtosis/peak-to-peak vs this subject's baseline). elevated resp (z=+26.3 vs subject baseline, mean=3.41) elevated bvp (z=+1.7 vs subject baseline, mean=1.74) Relevant topics: respiration rate breathing pattern tachypnea bradypnea ventilation photoplethysmography pulse waveform amplitude perfusion signal quality motion artifact atrial fibrillation screening. Other readings: ecg mean=-0.00, wrist_eda mean=17.58, wrist_temp mean=33.27.",True,True,0.5573,2.5242,-1.36,26.283,1.676,1.569,-1.098,"resp,bvp"
14,3820,"Biosignal window flagged by the LOF anomaly detector. Deviating channels are only mildly unusual vs this subject's baseline. reduced ecg (z=-0.9 vs subject baseline, mean=-0.00) reduced wrist_temp (z=-0.8 vs subject baseline, mean=33.62) Relevant topics: electrocardiogram rhythm irregularity heart rate variability arrhythmia ectopic beats atrial fibrillation skin temperature thermal perfusion vasomotor ambient temperature sensor effects. Other readings: resp mean=0.04, bvp mean=-0.23, wrist_eda mean=11.42.",False,True,0.4527,1.3482,-0.932,-0.049,-0.148,0.72,-0.755,"ecg,wrist_temp"
14,3830,"Biosignal window flagged by the Isolation Forest anomaly detector. Deviating channels show an abrupt, high-amplitude pattern (elevated kurtosis/peak-to-peak vs this subject's baseline). reduced resp (z=-1.6 vs subject baseline, mean=-0.15) elevated bvp (z=+1.1 vs subject baseline, mean=1.07) Relevant topics: respiration rate breathing pattern tachypnea bradypnea ventilation photoplethysmography pulse waveform amplitude perfusion signal quality motion artifact atrial fibrillation screening. Other readings: ecg mean=-0.00, wrist_eda mean=8.35, wrist_temp mean=34.28.",True,False,0.5221,1.2777,-0.832,-1.567,1.052,0.297,-0.09,"resp,bvp"
14,3835,"Biosignal window flagged by the LOF anomaly detector. Deviating channels show an abrupt, high-amplitude pattern (elevated kurtosis/peak-to-peak vs this subject's baseline). reduced bvp (z=-1.4 vs subject baseline, mean=-1.55) elevated wrist_temp (z=+0.8 vs subject baseline, mean=35.19) Relevant topics: photoplethysmography pulse waveform amplitude perfusion signal quality motion artifact atrial fibrillation screening skin temperature thermal perfusion vasomotor ambient temperature sensor effects. Other readings: ecg mean=0.00, resp mean=0.14, wrist_eda mean=11.54.",False,True,0.4976,1.2987,-0.225,0.724,-1.378,0.737,0.817,"bvp,wrist_temp"
14,3836,"Biosignal window flagged by the Isolation Forest anomaly detector. Deviating channels show an abrupt, high-amplitude pattern (elevated kurtosis/peak-to-peak vs this subject's baseline). elevated wrist_eda (z=+1.0 vs subject baseline, mean=13.36) elevated wrist_temp (z=+0.8 vs subject baseline, mean=35.15) Relevant topics: electrodermal activity skin conductance sympathetic stress arousal sweat response skin temperature thermal perfusion vasomotor ambient temperature sensor effects. Other readings: ecg mean=0.00, resp mean=0.08, bvp mean=0.01.",True,False,0.5232,1.2277,-0.394,0.203,0.075,0.987,0.778,"wrist_eda,wrist_temp"
14,3838,"Biosignal window flagged by the Isolation Forest anomaly detector. Deviating channels show an abrupt, high-amplitude pattern (elevated kurtosis/peak-to-peak vs this subject's baseline). elevated wrist_eda (z=+2.6 vs subject baseline, mean=25.11) elevated resp (z=+1.4 vs subject baseline, mean=0.23) Relevant topics: electrodermal activity skin conductance sympathetic stress arousal sweat response respiration rate breathing pattern tachypnea bradypnea ventilation. Other readings: ecg mean=-0.00, bvp mean=0.45, wrist_temp mean=35.19.",True,False,0.5149,1.1333,-0.655,1.371,0.477,2.608,0.81,"wrist_eda,resp"
14,3839,"Biosignal window flagged by the Isolation Forest anomaly detector. Deviating channels show an abrupt, high-amplitude pattern (elevated kurtosis/peak-to-peak vs this subject's baseline). elevated wrist_eda (z=+3.5 vs subject baseline, mean=31.59) elevated ecg (z=+1.3 vs subject baseline, mean=0.01) Relevant topics: electrodermal activity skin conductance sympathetic stress arousal sweat response electrocardiogram rhythm irregularity heart rate variability arrhythmia ectopic beats atrial fibrillation. Other readings: resp mean=-0.04, bvp mean=0.11, wrist_temp mean=35.24.",True,False,0.5277,1.0792,1.324,-0.73,0.16,3.501,0.861,"wrist_eda,ecg"
14,3840,"Biosignal window flagged by the Isolation Forest anomaly detector. Deviating channels show a sustained level shift from this subject's baseline. elevated wrist_eda (z=+3.7 vs subject baseline, mean=32.90) reduced ecg (z=-2.2 vs subject baseline, mean=-0.01) Relevant topics: electrodermal activity skin conductance sympathetic stress arousal sweat response electrocardiogram rhythm irregularity heart rate variability arrhythmia ectopic beats atrial fibrillation. Other readings: resp mean=-0.01, bvp mean=-1.56, wrist_temp mean=35.36.",True,False,0.5342,1.0622,-2.213,-0.477,-1.382,3.682,0.985,"wrist_eda,ecg"
14,3841,"Biosignal window flagged by the Isolation Forest anomaly detector. Deviating channels show an abrupt, high-amplitude pattern (elevated kurtosis/peak-to-peak vs this subject's baseline). elevated wrist_eda (z=+3.6 vs subject baseline, mean=32.20) elevated bvp (z=+1.2 vs subject baseline, mean=1.18) Relevant topics: electrodermal activity skin conductance sympathetic stress arousal sweat response photoplethysmography pulse waveform amplitude perfusion signal quality motion artifact atrial fibrillation screening. Other readings: ecg mean=0.00, resp mean=0.06, wrist_temp mean=35.43.",True,False,0.4994,0.991,-0.461,0.066,1.152,3.586,1.053,"wrist_eda,bvp"
14,3842,"Biosignal window flagged by the Isolation Forest anomaly detector. Deviating channels show an abrupt, high-amplitude pattern (elevated kurtosis/peak-to-peak vs this subject's baseline). elevated wrist_eda (z=+3.4 vs subject baseline, mean=30.62) elevated wrist_temp (z=+1.1 vs subject baseline, mean=35.46) Relevant topics: electrodermal activity skin conductance sympathetic stress arousal sweat response skin temperature thermal perfusion vasomotor ambient temperature sensor effects. Other readings: ecg mean=0.00, resp mean=-0.05, bvp mean=-0.28.",True,False,0.5099,0.9984,-0.027,-0.817,-0.199,3.368,1.081,"wrist_eda,wrist_temp"
14,3846,"Biosignal window flagged by the Isolation Forest anomaly detector. Deviating channels show a sustained level shift from this subject's baseline. elevated wrist_eda (z=+2.8 vs subject baseline, mean=26.40) reduced bvp (z=-1.3 vs subject baseline, mean=-1.46) Relevant topics: electrodermal activity skin conductance sympathetic stress arousal sweat response photoplethysmography pulse waveform amplitude perfusion signal quality motion artifact atrial fibrillation screening. Other readings: ecg mean=0.00, resp mean=0.03, wrist_temp mean=35.46.",True,False,0.5141,1.0694,0.144,-0.131,-1.291,2.785,1.083,"wrist_eda,bvp"
14,3852,"Biosignal window flagged by the Isolation Forest anomaly detector. Deviating channels show an abrupt, high-amplitude pattern (elevated kurtosis/peak-to-peak vs this subject's baseline). elevated wrist_eda (z=+2.6 vs subject baseline, mean=25.41) reduced resp (z=-1.6 vs subject baseline, mean=-0.16) Relevant topics: electrodermal activity skin conductance sympathetic stress arousal sweat response respiration rate breathing pattern tachypnea bradypnea ventilation. Other readings: ecg mean=0.01, bvp mean=-0.33, wrist_temp mean=35.24.",True,False,0.6,1.2672,1.37,-1.644,-0.24,2.649,0.859,"wrist_eda,resp"
14,3853,"Biosignal window flagged by the Isolation Forest anomaly detector. Deviating channels show an abrupt, high-amplitude pattern (elevated kurtosis/peak-to-peak vs this subject's baseline). elevated wrist_eda (z=+3.4 vs subject baseline, mean=31.17) reduced bvp (z=-1.1 vs subject baseline, mean=-1.27) Relevant topics: electrodermal activity skin conductance sympathetic stress arousal sweat response photoplethysmography pulse waveform amplitude perfusion signal quality motion artifact atrial fibrillation screening. Other readings: ecg mean=0.00, resp mean=0.15, wrist_temp mean=35.15.",True,False,0.5525,1.08,-0.307,0.818,-1.113,3.443,0.771,"wrist_eda,bvp"
14,3854,"Biosignal window flagged by the Isolation Forest anomaly detector. Deviating channels show a sustained level shift from this subject's baseline. elevated wrist_eda (z=+3.7 vs subject baseline, mean=33.37) elevated bvp (z=+1.4 vs subject baseline, mean=1.47) Relevant topics: electrodermal activity skin conductance sympathetic stress arousal sweat response photoplethysmography pulse waveform amplitude perfusion signal quality motion artifact atrial fibrillation screening. Other readings: ecg mean=-0.00, resp mean=0.05, wrist_temp mean=35.11.",True,False,0.527,1.0011,-0.489,-0.036,1.423,3.746,0.729,"wrist_eda,bvp"
14,3855,"Biosignal window flagged by the Isolation Forest anomaly detector. Deviating channels show a sustained level shift from this subject's baseline. elevated wrist_eda (z=+3.9 vs subject baseline, mean=34.55) reduced ecg (z=-1.1 vs subject baseline, mean=-0.00) Relevant topics: electrodermal activity skin conductance sympathetic stress arousal sweat response electrocardiogram rhythm irregularity heart rate variability arrhythmia ectopic beats atrial fibrillation. Other readings: resp mean=0.06, bvp mean=-0.52, wrist_temp mean=35.08.",True,False,0.5216,0.9984,-1.057,0.082,-0.416,3.91,0.706,"wrist_eda,ecg"
14,3856,"Biosignal window flagged by the Isolation Forest anomaly detector. Deviating channels show an abrupt, high-amplitude pattern (elevated kurtosis/peak-to-peak vs this subject's baseline). reduced resp (z=-4.9 vs subject baseline, mean=-0.58) elevated wrist_eda (z=+4.0 vs subject baseline, mean=35.50) Relevant topics: respiration rate breathing pattern tachypnea bradypnea ventilation electrodermal activity skin conductance sympathetic stress arousal sweat response. Other readings: ecg mean=0.01, bvp mean=1.13, wrist_temp mean=35.10.",True,False,0.5765,1.1663,0.85,-4.909,1.109,4.041,0.72,"resp,wrist_eda"
14,3857,"Biosignal window flagged by the Isolation Forest anomaly detector. Deviating channels show an abrupt, high-amplitude pattern (elevated kurtosis/peak-to-peak vs this subject's baseline). elevated resp (z=+4.5 vs subject baseline, mean=0.63) elevated wrist_eda (z=+4.3 vs subject baseline, mean=37.46) Relevant topics: respiration rate breathing pattern tachypnea bradypnea ventilation electrodermal activity skin conductance sympathetic stress arousal sweat response. Other readings: ecg mean=-0.00, bvp mean=-0.94, wrist_temp mean=35.12.",True,False,0.5449,1.1054,-0.922,4.519,-0.81,4.31,0.742,"resp,wrist_eda"
14,3858,"Biosignal window flagged by the Isolation Forest anomaly detector. Deviating channels show an abrupt, high-amplitude pattern (elevated kurtosis/peak-to-peak vs this subject's baseline). elevated wrist_eda (z=+4.4 vs subject baseline, mean=38.46) elevated resp (z=+1.2 vs subject baseline, mean=0.20) Relevant topics: electrodermal activity skin conductance sympathetic stress arousal sweat response respiration rate breathing pattern tachypnea bradypnea ventilation. Other readings: ecg mean=0.01, bvp mean=-1.20, wrist_temp mean=35.16.",True,False,0.5753,1.1593,0.451,1.172,-1.052,4.449,0.783,"wrist_eda,resp"
14,3859,"Biosignal window flagged by the Isolation Forest anomaly detector. Deviating channels show an abrupt, high-amplitude pattern (elevated kurtosis/peak-to-peak vs this subject's baseline). elevated wrist_eda (z=+4.3 vs subject baseline, mean=37.20) elevated bvp (z=+1.9 vs subject baseline, mean=1.99) Relevant topics: electrodermal activity skin conductance sympathetic stress arousal sweat response photoplethysmography pulse waveform amplitude perfusion signal quality motion artifact atrial fibrillation screening. Other readings: ecg mean=0.00, resp mean=0.10, wrist_temp mean=35.22.",True,False,0.5528,1.0704,-0.47,0.353,1.909,4.276,0.847,"wrist_eda,bvp"
14,3860,"Biosignal window flagged by the Isolation Forest anomaly detector. Deviating channels show an abrupt, high-amplitude pattern (elevated kurtosis/peak-to-peak vs this subject's baseline). elevated wrist_eda (z=+4.2 vs subject baseline, mean=36.44) reduced resp (z=-1.6 vs subject baseline, mean=-0.15) Relevant topics: electrodermal activity skin conductance sympathetic stress arousal sweat response respiration rate breathing pattern tachypnea bradypnea ventilation. Other readings: ecg mean=-0.00, bvp mean=-1.64, wrist_temp mean=35.31.",True,False,0.5363,1.0168,-0.678,-1.589,-1.455,4.17,0.934,"wrist_eda,resp"
14,3861,"Biosignal window flagged by the Isolation Forest anomaly detector. Deviating channels show a sustained level shift from this subject's baseline. elevated wrist_eda (z=+4.1 vs subject baseline, mean=35.72) elevated bvp (z=+2.0 vs subject baseline, mean=2.14) Relevant topics: electrodermal activity skin conductance sympathetic stress arousal sweat response photoplethysmography pulse waveform amplitude perfusion signal quality motion artifact atrial fibrillation screening. Other readings: ecg mean=0.00, resp mean=0.02, wrist_temp mean=35.43.",True,False,0.5496,1.0046,0.209,-0.272,2.042,4.071,1.052,"wrist_eda,bvp"
14,3862,"Biosignal window flagged by the Isolation Forest anomaly detector. Deviating channels show an abrupt, high-amplitude pattern (elevated kurtosis/peak-to-peak vs this subject's baseline). elevated wrist_eda (z=+4.0 vs subject baseline, mean=35.56) reduced bvp (z=-2.5 vs subject baseline, mean=-2.74) Relevant topics: electrodermal activity skin conductance sympathetic stress arousal sweat response photoplethysmography pulse waveform amplitude perfusion signal quality motion artifact atrial fibrillation screening. Other readings: ecg mean=0.00, resp mean=0.04, wrist_temp mean=35.52.",True,False,0.5387,0.9989,-0.211,-0.043,-2.478,4.049,1.143,"wrist_eda,bvp"
14,3863,"Biosignal window flagged by the Isolation Forest anomaly detector. Deviating channels show an abrupt, high-amplitude pattern (elevated kurtosis/peak-to-peak vs this subject's baseline). elevated wrist_eda (z=+3.9 vs subject baseline, mean=34.40) elevated bvp (z=+1.9 vs subject baseline, mean=1.93) Relevant topics: electrodermal activity skin conductance sympathetic stress arousal sweat response photoplethysmography pulse waveform amplitude perfusion signal quality motion artifact atrial fibrillation screening. Other readings: ecg mean=-0.00, resp mean=0.10, wrist_temp mean=35.59.",True,False,0.5475,0.9872,-0.77,0.4,1.855,3.889,1.217,"wrist_eda,bvp"
14,3864,"Biosignal window flagged by the Isolation Forest anomaly detector. Deviating channels show a sustained level shift from this subject's baseline. elevated wrist_eda (z=+3.8 vs subject baseline, mean=33.53) reduced bvp (z=-3.5 vs subject baseline, mean=-3.84) Relevant topics: electrodermal activity skin conductance sympathetic stress arousal sweat response photoplethysmography pulse waveform amplitude perfusion signal quality motion artifact atrial fibrillation screening. Other readings: ecg mean=0.00, resp mean=0.09, wrist_temp mean=35.65.",True,False,0.5361,1.048,0.061,0.286,-3.495,3.768,1.274,"wrist_eda,bvp"
14,3865,"Biosignal window flagged by the Isolation Forest anomaly detector. Deviating channels show an abrupt, high-amplitude pattern (elevated kurtosis/peak-to-peak vs this subject's baseline). elevated wrist_eda (z=+3.8 vs subject baseline, mean=34.06) elevated bvp (z=+2.3 vs subject baseline, mean=2.44) Relevant topics: electrodermal activity skin conductance sympathetic stress arousal sweat response photoplethysmography pulse waveform amplitude perfusion signal quality motion artifact atrial fibrillation screening. Other readings: ecg mean=0.00, resp mean=-0.01, wrist_temp mean=35.71.",True,False,0.5758,1.1146,-0.037,-0.437,2.327,3.842,1.334,"wrist_eda,bvp"
14,3866,"Biosignal window flagged by the Isolation Forest anomaly detector. Deviating channels show an abrupt, high-amplitude pattern (elevated kurtosis/peak-to-peak vs this subject's baseline). elevated wrist_eda (z=+3.9 vs subject baseline, mean=34.16) elevated wrist_temp (z=+1.4 vs subject baseline, mean=35.80) Relevant topics: electrodermal activity skin conductance sympathetic stress arousal sweat response skin temperature thermal perfusion vasomotor ambient temperature sensor effects. Other readings: ecg mean=0.00, resp mean=0.02, bvp mean=0.69.",True,False,0.5379,1.0193,0.282,-0.263,0.702,3.856,1.418,"wrist_eda,wrist_temp"
14,3867,"Biosignal window flagged by the Isolation Forest anomaly detector. Deviating channels show a sustained level shift from this subject's baseline. elevated wrist_eda (z=+3.7 vs subject baseline, mean=33.35) elevated wrist_temp (z=+1.5 vs subject baseline, mean=35.85) Relevant topics: electrodermal activity skin conductance sympathetic stress arousal sweat response skin temperature thermal perfusion vasomotor ambient temperature sensor effects. Other readings: ecg mean=-0.00, resp mean=0.09, bvp mean=-0.65.",True,False,0.5385,1.0024,-1.241,0.332,-0.539,3.744,1.474,"wrist_eda,wrist_temp"
14,3868,"Biosignal window flagged by the Isolation Forest anomaly detector. Deviating channels show an abrupt, high-amplitude pattern (elevated kurtosis/peak-to-peak vs this subject's baseline). elevated wrist_eda (z=+3.7 vs subject baseline, mean=33.28) elevated bvp (z=+3.1 vs subject baseline, mean=3.30) Relevant topics: electrodermal activity skin conductance sympathetic stress arousal sweat response photoplethysmography pulse waveform amplitude perfusion signal quality motion artifact atrial fibrillation screening. Other readings: ecg mean=-0.00, resp mean=-0.15, wrist_temp mean=35.92.",True,False,0.5561,1.0812,-0.62,-1.541,3.118,3.735,1.543,"wrist_eda,bvp"
14,3869,"Biosignal window flagged by the Isolation Forest anomaly detector. Deviating channels show a sustained level shift from this subject's baseline. elevated wrist_eda (z=+3.7 vs subject baseline, mean=32.78) reduced bvp (z=-2.8 vs subject baseline, mean=-3.08) Relevant topics: electrodermal activity skin conductance sympathetic stress arousal sweat response photoplethysmography pulse waveform amplitude perfusion signal quality motion artifact atrial fibrillation screening. Other readings: ecg mean=0.01, resp mean=0.06, wrist_temp mean=35.99.",True,False,0.5373,1.0487,0.497,0.114,-2.792,3.665,1.611,"wrist_eda,bvp"
14,3870,"Biosignal window flagged by the Isolation Forest anomaly detector. Deviating channels show an abrupt, high-amplitude pattern (elevated kurtosis/peak-to-peak vs this subject's baseline). elevated wrist_eda (z=+3.6 vs subject baseline, mean=32.27) elevated wrist_temp (z=+1.7 vs subject baseline, mean=36.06) Relevant topics: electrodermal activity skin conductance sympathetic stress arousal sweat response skin temperature thermal perfusion vasomotor ambient temperature sensor effects. Other readings: ecg mean=-0.00, resp mean=0.08, bvp mean=1.30.",True,False,0.534,1.0052,-0.584,0.241,1.267,3.596,1.682,"wrist_eda,wrist_temp"
14,3871,"Biosignal window flagged by the Isolation Forest anomaly detector. Deviating channels show a sustained level shift from this subject's baseline. elevated wrist_eda (z=+3.5 vs subject baseline, mean=31.65) elevated wrist_temp (z=+1.7 vs subject baseline, mean=36.11) Relevant topics: electrodermal activity skin conductance sympathetic stress arousal sweat response skin temperature thermal perfusion vasomotor ambient temperature sensor effects. Other readings: ecg mean=-0.00, resp mean=-0.11, bvp mean=-0.59.",True,False,0.5429,0.9918,-0.605,-1.25,-0.486,3.509,1.73,"wrist_eda,wrist_temp"
14,3872,"Biosignal window flagged by the Isolation Forest anomaly detector. Deviating channels show a sustained level shift from this subject's baseline. elevated wrist_eda (z=+3.4 vs subject baseline, mean=30.96) reduced bvp (z=-2.2 vs subject baseline, mean=-2.46) Relevant topics: electrodermal activity skin conductance sympathetic stress arousal sweat response photoplethysmography pulse waveform amplitude perfusion signal quality motion artifact atrial fibrillation screening. Other readings: ecg mean=0.00, resp mean=0.21, wrist_temp mean=36.15.",True,False,0.544,0.9997,-0.398,1.26,-2.221,3.415,1.768,"wrist_eda,bvp"
14,3873,"Biosignal window flagged by the Isolation Forest anomaly detector. Deviating channels show a sustained level shift from this subject's baseline. elevated bvp (z=+4.0 vs subject baseline, mean=4.20) elevated wrist_eda (z=+3.3 vs subject baseline, mean=30.27) Relevant topics: photoplethysmography pulse waveform amplitude perfusion signal quality motion artifact atrial fibrillation screening electrodermal activity skin conductance sympathetic stress arousal sweat response. Other readings: ecg mean=0.00, resp mean=-0.16, wrist_temp mean=36.17.",True,False,0.5422,1.0195,0.14,-1.656,3.958,3.319,1.794,"bvp,wrist_eda"
14,3874,"Biosignal window flagged by the Isolation Forest anomaly detector. Deviating channels show an abrupt, high-amplitude pattern (elevated kurtosis/peak-to-peak vs this subject's baseline). elevated wrist_eda (z=+3.2 vs subject baseline, mean=29.74) reduced bvp (z=-2.3 vs subject baseline, mean=-2.57) Relevant topics: electrodermal activity skin conductance sympathetic stress arousal sweat response photoplethysmography pulse waveform amplitude perfusion signal quality motion artifact atrial fibrillation screening. Other readings: ecg mean=0.00, resp mean=0.21, wrist_temp mean=36.22.",True,False,0.5167,0.9991,-0.193,1.241,-2.325,3.246,1.838,"wrist_eda,bvp"
14,3875,"Biosignal window flagged by the Isolation Forest anomaly detector. Deviating channels show a sustained level shift from this subject's baseline. elevated wrist_eda (z=+3.2 vs subject baseline, mean=29.70) elevated wrist_temp (z=+1.9 vs subject baseline, mean=36.26) Relevant topics: electrodermal activity skin conductance sympathetic stress arousal sweat response skin temperature thermal perfusion vasomotor ambient temperature sensor effects. Other readings: ecg mean=0.00, resp mean=-0.09, bvp mean=-0.17.",True,False,0.5445,0.9985,-0.299,-1.115,-0.092,3.241,1.879,"wrist_eda,wrist_temp"
14,3876,"Biosignal window flagged by the Isolation Forest anomaly detector. Deviating channels show an abrupt, high-amplitude pattern (elevated kurtosis/peak-to-peak vs this subject's baseline). elevated wrist_eda (z=+3.1 vs subject baseline, mean=28.65) elevated wrist_temp (z=+1.9 vs subject baseline, mean=36.29) Relevant topics: electrodermal activity skin conductance sympathetic stress arousal sweat response skin temperature thermal perfusion vasomotor ambient temperature sensor effects. Other readings: ecg mean=0.00, resp mean=-0.10, bvp mean=0.59.",True,False,0.5444,0.9937,-0.408,-1.14,0.612,3.096,1.911,"wrist_eda,wrist_temp"
14,3877,"Biosignal window flagged by the Isolation Forest anomaly detector. Deviating channels show a sustained level shift from this subject's baseline. elevated wrist_eda (z=+2.9 vs subject baseline, mean=27.54) elevated wrist_temp (z=+1.9 vs subject baseline, mean=36.30) Relevant topics: electrodermal activity skin conductance sympathetic stress arousal sweat response skin temperature thermal perfusion vasomotor ambient temperature sensor effects. Other readings: ecg mean=0.00, resp mean=0.15, bvp mean=0.69.",True,False,0.5349,0.9951,-0.41,0.789,0.7,2.942,1.927,"wrist_eda,wrist_temp"
14,3878,"Biosignal window flagged by the Isolation Forest anomaly detector. Deviating channels show an abrupt, high-amplitude pattern (elevated kurtosis/peak-to-peak vs this subject's baseline). elevated wrist_eda (z=+2.9 vs subject baseline, mean=27.59) reduced bvp (z=-2.7 vs subject baseline, mean=-2.95) Relevant topics: electrodermal activity skin conductance sympathetic stress arousal sweat response photoplethysmography pulse waveform amplitude perfusion signal quality motion artifact atrial fibrillation screening. Other readings: ecg mean=0.01, resp mean=-0.04, wrist_temp mean=36.33.",True,False,0.5779,1.1392,0.576,-0.739,-2.668,2.949,1.953,"wrist_eda,bvp"
14,3879,"Biosignal window flagged by the Isolation Forest anomaly detector. Deviating channels show an abrupt, high-amplitude pattern (elevated kurtosis/peak-to-peak vs this subject's baseline). elevated wrist_eda (z=+2.9 vs subject baseline, mean=27.34) elevated bvp (z=+2.3 vs subject baseline, mean=2.39) Relevant topics: electrodermal activity skin conductance sympathetic stress arousal sweat response photoplethysmography pulse waveform amplitude perfusion signal quality motion artifact atrial fibrillation screening. Other readings: ecg mean=0.00, resp mean=0.03, wrist_temp mean=36.36.",True,False,0.5614,1.0105,-0.454,-0.198,2.278,2.916,1.985,"wrist_eda,bvp"
14,3880,"Biosignal window flagged by the Isolation Forest anomaly detector. Deviating channels show an abrupt, high-amplitude pattern (elevated kurtosis/peak-to-peak vs this subject's baseline). elevated wrist_eda (z=+2.9 vs subject baseline, mean=27.04) elevated wrist_temp (z=+2.0 vs subject baseline, mean=36.38) Relevant topics: electrodermal activity skin conductance sympathetic stress arousal sweat response skin temperature thermal perfusion vasomotor ambient temperature sensor effects. Other readings: ecg mean=-0.00, resp mean=-0.02, bvp mean=-0.03.",True,False,0.5557,0.9952,-0.989,-0.556,0.035,2.874,2.006,"wrist_eda,wrist_temp"
14,3881,"Biosignal window flagged by the Isolation Forest anomaly detector. Deviating channels show an abrupt, high-amplitude pattern (elevated kurtosis/peak-to-peak vs this subject's baseline). elevated wrist_eda (z=+2.7 vs subject baseline, mean=25.90) elevated wrist_temp (z=+2.0 vs subject baseline, mean=36.41) Relevant topics: electrodermal activity skin conductance sympathetic stress arousal sweat response skin temperature thermal perfusion vasomotor ambient temperature sensor effects. Other readings: ecg mean=0.00, resp mean=0.11, bvp mean=-1.30.",True,False,0.5548,1.0131,0.36,0.473,-1.144,2.718,2.028,"wrist_eda,wrist_temp"
14,3882,"Biosignal window flagged by the Isolation Forest anomaly detector. Deviating channels show an abrupt, high-amplitude pattern (elevated kurtosis/peak-to-peak vs this subject's baseline). elevated wrist_eda (z=+2.7 vs subject baseline, mean=25.97) elevated wrist_temp (z=+2.0 vs subject baseline, mean=36.41) Relevant topics: electrodermal activity skin conductance sympathetic stress arousal sweat response skin temperature thermal perfusion vasomotor ambient temperature sensor effects. Other readings: ecg mean=-0.00, resp mean=0.02, bvp mean=0.96.",True,False,0.5389,0.9964,-0.817,-0.235,0.949,2.727,2.035,"wrist_eda,wrist_temp"
14,3883,"Biosignal window flagged by the Isolation Forest anomaly detector. Deviating channels show an abrupt, high-amplitude pattern (elevated kurtosis/peak-to-peak vs this subject's baseline). elevated wrist_eda (z=+2.7 vs subject baseline, mean=25.94) elevated wrist_temp (z=+2.1 vs subject baseline, mean=36.43) Relevant topics: electrodermal activity skin conductance sympathetic stress arousal sweat response skin temperature thermal perfusion vasomotor ambient temperature sensor effects. Other readings: ecg mean=0.00, resp mean=0.27, bvp mean=-0.97.",True,False,0.541,1.1216,0.225,1.75,-0.839,2.723,2.057,"wrist_eda,wrist_temp"
14,3884,"Biosignal window flagged by the Isolation Forest anomaly detector. Deviating channels show an abrupt, high-amplitude pattern (elevated kurtosis/peak-to-peak vs this subject's baseline). elevated wrist_eda (z=+2.7 vs subject baseline, mean=25.61) elevated wrist_temp (z=+2.1 vs subject baseline, mean=36.44) Relevant topics: electrodermal activity skin conductance sympathetic stress arousal sweat response skin temperature thermal perfusion vasomotor ambient temperature sensor effects. Other readings: ecg mean=-0.00, resp mean=-0.20, bvp mean=1.72.",True,False,0.5643,1.0266,-0.677,-1.943,1.659,2.676,2.061,"wrist_eda,wrist_temp"
14,3885,"Biosignal window flagged by the Isolation Forest anomaly detector. Deviating channels show a sustained level shift from this subject's baseline. elevated wrist_eda (z=+2.5 vs subject baseline, mean=24.37) elevated wrist_temp (z=+2.1 vs subject baseline, mean=36.43) Relevant topics: electrodermal activity skin conductance sympathetic stress arousal sweat response skin temperature thermal perfusion vasomotor ambient temperature sensor effects. Other readings: ecg mean=0.00, resp mean=0.15, bvp mean=-0.31.",True,False,0.5157,0.9916,-0.431,0.777,-0.227,2.506,2.053,"wrist_eda,wrist_temp"
14,3886,"Biosignal window flagged by the Isolation Forest anomaly detector. Deviating channels show an abrupt, high-amplitude pattern (elevated kurtosis/peak-to-peak vs this subject's baseline). elevated bvp (z=+2.9 vs subject baseline, mean=3.02) elevated wrist_eda (z=+2.4 vs subject baseline, mean=23.76) Relevant topics: photoplethysmography pulse waveform amplitude perfusion signal quality motion artifact atrial fibrillation screening electrodermal activity skin conductance sympathetic stress arousal sweat response. Other readings: ecg mean=-0.00, resp mean=0.21, wrist_temp mean=36.41.",True,False,0.5311,1.01,-0.54,1.216,2.858,2.422,2.033,"bvp,wrist_eda"
14,3887,"Biosignal window flagged by the Isolation Forest anomaly detector. Deviating channels show an abrupt, high-amplitude pattern (elevated kurtosis/peak-to-peak vs this subject's baseline). reduced bvp (z=-4.2 vs subject baseline, mean=-4.56) elevated wrist_eda (z=+2.5 vs subject baseline, mean=24.01) Relevant topics: photoplethysmography pulse waveform amplitude perfusion signal quality motion artifact atrial fibrillation screening electrodermal activity skin conductance sympathetic stress arousal sweat response. Other readings: ecg mean=0.00, resp mean=-0.05, wrist_temp mean=36.42.",True,False,0.5462,1.1034,0.125,-0.787,-4.169,2.457,2.047,"bvp,wrist_eda"
14,3888,"Biosignal window flagged by the Isolation Forest anomaly detector. Deviating channels show an abrupt, high-amplitude pattern (elevated kurtosis/peak-to-peak vs this subject's baseline). reduced bvp (z=-3.5 vs subject baseline, mean=-3.81) elevated wrist_eda (z=+2.4 vs subject baseline, mean=23.31) Relevant topics: photoplethysmography pulse waveform amplitude perfusion signal quality motion artifact atrial fibrillation screening electrodermal activity skin conductance sympathetic stress arousal sweat response. Other readings: ecg mean=0.00, resp mean=-0.23, wrist_temp mean=36.42.",True,False,0.5287,1.1188,0.283,-2.19,-3.468,2.36,2.046,"bvp,wrist_eda"
14,3889,"Biosignal window flagged by the Isolation Forest anomaly detector. Deviating channels show an abrupt, high-amplitude pattern (elevated kurtosis/peak-to-peak vs this subject's baseline). elevated bvp (z=+4.0 vs subject baseline, mean=4.29) elevated wrist_eda (z=+2.1 vs subject baseline, mean=21.58) Relevant topics: photoplethysmography pulse waveform amplitude perfusion signal quality motion artifact atrial fibrillation screening electrodermal activity skin conductance sympathetic stress arousal sweat response. Other readings: ecg mean=0.00, resp mean=0.07, wrist_temp mean=36.41.",True,False,0.5673,1.1726,-0.331,0.13,4.041,2.121,2.034,"bvp,wrist_eda"
14,3890,"Biosignal window flagged by the Isolation Forest anomaly detector. Deviating channels show an abrupt, high-amplitude pattern (elevated kurtosis/peak-to-peak vs this subject's baseline). elevated resp (z=+2.2 vs subject baseline, mean=0.33) elevated wrist_eda (z=+2.1 vs subject baseline, mean=21.51) Relevant topics: respiration rate breathing pattern tachypnea bradypnea ventilation electrodermal activity skin conductance sympathetic stress arousal sweat response. Other readings: ecg mean=0.00, bvp mean=-1.02, wrist_temp mean=36.38.",True,False,0.5593,1.0769,-0.272,2.157,-0.883,2.112,1.997,"resp,wrist_eda"
14,3891,"Biosignal window flagged by the Isolation Forest anomaly detector. Deviating channels show an abrupt, high-amplitude pattern (elevated kurtosis/peak-to-peak vs this subject's baseline). elevated bvp (z=+2.6 vs subject baseline, mean=2.74) elevated wrist_temp (z=+1.9 vs subject baseline, mean=36.32) Relevant topics: photoplethysmography pulse waveform amplitude perfusion signal quality motion artifact atrial fibrillation screening skin temperature thermal perfusion vasomotor ambient temperature sensor effects. Other readings: ecg mean=-0.00, resp mean=0.20, wrist_eda mean=18.65.",True,False,0.505,1.1564,-0.636,1.142,2.607,1.717,1.942,"bvp,wrist_temp"
14,3892,"Biosignal window flagged by both anomaly detectors (Isolation Forest and LOF). Deviating channels show an abrupt, high-amplitude pattern (elevated kurtosis/peak-to-peak vs this subject's baseline). elevated wrist_temp (z=+1.9 vs subject baseline, mean=36.28) elevated resp (z=+1.0 vs subject baseline, mean=0.18) Relevant topics: skin temperature thermal perfusion vasomotor ambient temperature sensor effects respiration rate breathing pattern tachypnea bradypnea ventilation. Other readings: ecg mean=0.00, bvp mean=-0.29, wrist_eda mean=12.70.",True,True,0.5049,1.3124,0.157,0.99,-0.204,0.896,1.906,"wrist_temp,resp"
14,3893,"Biosignal window flagged by the LOF anomaly detector. Deviating channels show a sustained level shift from this subject's baseline. elevated wrist_temp (z=+1.9 vs subject baseline, mean=36.32) reduced resp (z=-0.5 vs subject baseline, mean=-0.02) Relevant topics: skin temperature thermal perfusion vasomotor ambient temperature sensor effects respiration rate breathing pattern tachypnea bradypnea ventilation. Other readings: ecg mean=0.00, bvp mean=-0.18, wrist_eda mean=6.48.",False,True,0.4819,1.5532,-0.34,-0.54,-0.108,0.039,1.938,"wrist_temp,resp"
14,3895,"Biosignal window flagged by the LOF anomaly detector. Deviating channels show an abrupt, high-amplitude pattern (elevated kurtosis/peak-to-peak vs this subject's baseline). elevated wrist_temp (z=+2.0 vs subject baseline, mean=36.35) elevated bvp (z=+0.9 vs subject baseline, mean=0.87) Relevant topics: skin temperature thermal perfusion vasomotor ambient temperature sensor effects photoplethysmography pulse waveform amplitude perfusion signal quality motion artifact atrial fibrillation screening. Other readings: ecg mean=0.00, resp mean=0.08, wrist_eda mean=5.18.",False,True,0.4806,1.3689,-0.369,0.237,0.865,-0.141,1.968,"wrist_temp,bvp"
14,3900,"Biosignal window flagged by the LOF anomaly detector. Deviating channels show a sustained level shift from this subject's baseline. reduced ecg (z=-2.9 vs subject baseline, mean=-0.01) elevated wrist_temp (z=+2.0 vs subject baseline, mean=36.42) Relevant topics: electrocardiogram rhythm irregularity heart rate variability arrhythmia ectopic beats atrial fibrillation skin temperature thermal perfusion vasomotor ambient temperature sensor effects. Other readings: resp mean=0.14, bvp mean=0.16, wrist_eda mean=4.78.",False,True,0.4719,1.4211,-2.908,0.725,0.209,-0.195,2.037,"ecg,wrist_temp"
14,3903,"Biosignal window flagged by the LOF anomaly detector. Deviating channels show a sustained level shift from this subject's baseline. reduced ecg (z=-2.1 vs subject baseline, mean=-0.01) elevated wrist_temp (z=+1.6 vs subject baseline, mean=36.00) Relevant topics: electrocardiogram rhythm irregularity heart rate variability arrhythmia ectopic beats atrial fibrillation skin temperature thermal perfusion vasomotor ambient temperature sensor effects. Other readings: resp mean=-0.04, bvp mean=-0.40, wrist_eda mean=7.71.",False,True,0.4545,1.3362,-2.072,-0.709,-0.309,0.208,1.618,"ecg,wrist_temp"
14,3910,"Biosignal window flagged by the LOF anomaly detector. Deviating channels show a sustained level shift from this subject's baseline. elevated ecg (z=+1.6 vs subject baseline, mean=0.01) elevated wrist_temp (z=+1.4 vs subject baseline, mean=35.78) Relevant topics: electrocardiogram rhythm irregularity heart rate variability arrhythmia ectopic beats atrial fibrillation skin temperature thermal perfusion vasomotor ambient temperature sensor effects. Other readings: resp mean=0.15, bvp mean=-0.62, wrist_eda mean=6.93.",False,True,0.4477,1.3089,1.627,0.818,-0.514,0.1,1.403,"ecg,wrist_temp"
14,3912,"Biosignal window flagged by the LOF anomaly detector. Deviating channels show an abrupt, high-amplitude pattern (elevated kurtosis/peak-to-peak vs this subject's baseline). reduced bvp (z=-4.5 vs subject baseline, mean=-4.88) elevated wrist_temp (z=+1.4 vs subject baseline, mean=35.75) Relevant topics: photoplethysmography pulse waveform amplitude perfusion signal quality motion artifact atrial fibrillation screening skin temperature thermal perfusion vasomotor ambient temperature sensor effects. Other readings: ecg mean=-0.00, resp mean=0.14, wrist_eda mean=5.86.",False,True,0.4802,1.5444,-0.565,0.694,-4.465,-0.046,1.37,"bvp,wrist_temp"
14,3928,"Biosignal window flagged by the LOF anomaly detector. Deviating channels show a sustained level shift from this subject's baseline. elevated bvp (z=+4.3 vs subject baseline, mean=4.54) elevated resp (z=+2.7 vs subject baseline, mean=0.40) Relevant topics: photoplethysmography pulse waveform amplitude perfusion signal quality motion artifact atrial fibrillation screening respiration rate breathing pattern tachypnea bradypnea ventilation. Other readings: ecg mean=0.00, wrist_eda mean=2.29, wrist_temp mean=35.48.",False,True,0.4256,1.3912,-0.231,2.715,4.27,-0.539,1.106,"bvp,resp"
14,3966,"Biosignal window flagged by the LOF anomaly detector. Deviating channels show a sustained level shift from this subject's baseline. elevated ecg (z=+6.9 vs subject baseline, mean=0.04) reduced resp (z=-0.4 vs subject baseline, mean=-0.00) Relevant topics: electrocardiogram rhythm irregularity heart rate variability arrhythmia ectopic beats atrial fibrillation respiration rate breathing pattern tachypnea bradypnea ventilation. Other readings: bvp mean=0.12, wrist_eda mean=4.11, wrist_temp mean=34.32.",False,True,0.4608,1.3571,6.922,-0.417,0.17,-0.288,-0.056,"ecg,resp"
14,3968,"Biosignal window flagged by the LOF anomaly detector. Deviating channels show a sustained level shift from this subject's baseline. elevated ecg (z=+9.9 vs subject baseline, mean=0.06) elevated resp (z=+0.7 vs subject baseline, mean=0.14) Relevant topics: electrocardiogram rhythm irregularity heart rate variability arrhythmia ectopic beats atrial fibrillation respiration rate breathing pattern tachypnea bradypnea ventilation. Other readings: bvp mean=0.38, wrist_eda mean=4.46, wrist_temp mean=34.13.",False,True,0.4641,1.7815,9.915,0.694,0.416,-0.24,-0.242,"ecg,resp"
14,3994,"Biosignal window flagged by the LOF anomaly detector. Deviating channels are only mildly unusual vs this subject's baseline. reduced bvp (z=-0.9 vs subject baseline, mean=-1.04) elevated resp (z=+0.5 vs subject baseline, mean=0.11) Relevant topics: photoplethysmography pulse waveform amplitude perfusion signal quality motion artifact atrial fibrillation screening respiration rate breathing pattern tachypnea bradypnea ventilation. Other readings: ecg mean=0.00, wrist_eda mean=3.63, wrist_temp mean=34.47.",False,True,0.4082,1.3047,-0.366,0.502,-0.905,-0.354,0.098,"bvp,resp"
14,3995,"Biosignal window flagged by the LOF anomaly detector. Deviating channels show a sustained level shift from this subject's baseline. elevated bvp (z=+3.4 vs subject baseline, mean=3.55) reduced ecg (z=-2.8 vs subject baseline, mean=-0.01) Relevant topics: photoplethysmography pulse waveform amplitude perfusion signal quality motion artifact atrial fibrillation screening electrocardiogram rhythm irregularity heart rate variability arrhythmia ectopic beats atrial fibrillation. Other readings: resp mean=0.06, wrist_eda mean=3.42, wrist_temp mean=34.51.",False,True,0.4462,1.7109,-2.751,0.112,3.357,-0.384,0.139,"bvp,ecg"
14,3996,"Biosignal window flagged by the LOF anomaly detector. Deviating channels show a sustained level shift from this subject's baseline. reduced bvp (z=-2.9 vs subject baseline, mean=-3.23) elevated ecg (z=+1.7 vs subject baseline, mean=0.01) Relevant topics: photoplethysmography pulse waveform amplitude perfusion signal quality motion artifact atrial fibrillation screening electrocardiogram rhythm irregularity heart rate variability arrhythmia ectopic beats atrial fibrillation. Other readings: resp mean=-0.10, wrist_eda mean=4.87, wrist_temp mean=34.57.",False,True,0.3999,1.3113,1.681,-1.139,-2.935,-0.183,0.191,"bvp,ecg"
14,4000,"Biosignal window flagged by the LOF anomaly detector. Deviating channels show a sustained level shift from this subject's baseline. reduced resp (z=-1.8 vs subject baseline, mean=-0.18) reduced wrist_eda (z=-0.3 vs subject baseline, mean=3.72) Relevant topics: respiration rate breathing pattern tachypnea bradypnea ventilation electrodermal activity skin conductance sympathetic stress arousal sweat response. Other readings: ecg mean=0.00, bvp mean=0.12, wrist_temp mean=34.65.",False,True,0.4311,1.328,-0.209,-1.823,0.171,-0.342,0.274,"resp,wrist_eda"
14,4002,"Biosignal window flagged by the LOF anomaly detector. Deviating channels are only mildly unusual vs this subject's baseline. elevated bvp (z=+0.7 vs subject baseline, mean=0.71) reduced wrist_eda (z=-0.4 vs subject baseline, mean=2.94) Relevant topics: photoplethysmography pulse waveform amplitude perfusion signal quality motion artifact atrial fibrillation screening electrodermal activity skin conductance sympathetic stress arousal sweat response. Other readings: ecg mean=0.00, resp mean=0.03, wrist_temp mean=34.65.",False,True,0.4334,1.3096,-0.352,-0.137,0.721,-0.449,0.273,"bvp,wrist_eda"
14,4003,"Biosignal window flagged by the LOF anomaly detector. Deviating channels show an abrupt, high-amplitude pattern (elevated kurtosis/peak-to-peak vs this subject's baseline). elevated resp (z=+2.3 vs subject baseline, mean=0.35) reduced wrist_eda (z=-0.5 vs subject baseline, mean=2.84) Relevant topics: respiration rate breathing pattern tachypnea bradypnea ventilation electrodermal activity skin conductance sympathetic stress arousal sweat response. Other readings: ecg mean=0.00, bvp mean=-0.28, wrist_temp mean=34.65.",False,True,0.4681,1.4661,-0.413,2.326,-0.201,-0.463,0.274,"resp,wrist_eda"
14,4009,"Biosignal window flagged by the LOF anomaly detector. Deviating channels are only mildly unusual vs this subject's baseline. reduced bvp (z=-0.9 vs subject baseline, mean=-1.05) reduced wrist_eda (z=-0.5 vs subject baseline, mean=2.35) Relevant topics: photoplethysmography pulse waveform amplitude perfusion signal quality motion artifact atrial fibrillation screening electrodermal activity skin conductance sympathetic stress arousal sweat response. Other readings: ecg mean=0.00, resp mean=0.04, wrist_temp mean=34.83.",False,True,0.4584,1.5887,-0.189,-0.047,-0.912,-0.531,0.456,"bvp,wrist_eda"
14,4012,"Biosignal window flagged by the LOF anomaly detector. Deviating channels show a sustained level shift from this subject's baseline. elevated bvp (z=+3.3 vs subject baseline, mean=3.52) reduced wrist_eda (z=-0.6 vs subject baseline, mean=2.03) Relevant topics: photoplethysmography pulse waveform amplitude perfusion signal quality motion artifact atrial fibrillation screening electrodermal activity skin conductance sympathetic stress arousal sweat response. Other readings: ecg mean=0.00, resp mean=-0.00, wrist_temp mean=34.84.",False,True,0.479,1.2935,-0.313,-0.431,3.321,-0.574,0.469,"bvp,wrist_eda"
14,4028,"Biosignal window flagged by the LOF anomaly detector. Deviating channels show a moderate shift from this subject's baseline. reduced resp (z=-1.1 vs subject baseline, mean=-0.09) reduced ecg (z=-0.7 vs subject baseline, mean=-0.00) Relevant topics: respiration rate breathing pattern tachypnea bradypnea ventilation electrocardiogram rhythm irregularity heart rate variability arrhythmia ectopic beats atrial fibrillation. Other readings: bvp mean=0.56, wrist_eda mean=2.56, wrist_temp mean=34.92.",False,True,0.445,1.3124,-0.729,-1.112,0.582,-0.501,0.545,"resp,ecg"
14,4031,"Biosignal window flagged by both anomaly detectors (Isolation Forest and LOF). Deviating channels are only mildly unusual vs this subject's baseline. reduced resp (z=-0.9 vs subject baseline, mean=-0.07) reduced ecg (z=-0.8 vs subject baseline, mean=-0.00) Relevant topics: respiration rate breathing pattern tachypnea bradypnea ventilation electrocardiogram rhythm irregularity heart rate variability arrhythmia ectopic beats atrial fibrillation. Other readings: bvp mean=0.11, wrist_eda mean=4.40, wrist_temp mean=34.74.",True,True,0.5001,1.3734,-0.782,-0.924,0.166,-0.248,0.36,"resp,ecg"
14,4032,"Biosignal window flagged by the LOF anomaly detector. Deviating channels show an abrupt, high-amplitude pattern (elevated kurtosis/peak-to-peak vs this subject's baseline). elevated bvp (z=+2.2 vs subject baseline, mean=2.30) elevated resp (z=+0.6 vs subject baseline, mean=0.13) Relevant topics: photoplethysmography pulse waveform amplitude perfusion signal quality motion artifact atrial fibrillation screening respiration rate breathing pattern tachypnea bradypnea ventilation. Other readings: ecg mean=-0.00, wrist_eda mean=4.17, wrist_temp mean=34.65.",False,True,0.4155,1.2878,-0.562,0.608,2.191,-0.279,0.272,"bvp,resp"
15,4180,"Biosignal window flagged by the LOF anomaly detector. Deviating channels show a sustained level shift from this subject's baseline. elevated resp (z=+2.6 vs subject baseline, mean=0.55) elevated wrist_temp (z=+1.3 vs subject baseline, mean=34.39) Relevant topics: respiration rate breathing pattern tachypnea bradypnea ventilation skin temperature thermal perfusion vasomotor ambient temperature sensor effects. Other readings: ecg mean=0.01, bvp mean=0.58, wrist_eda mean=2.93.",False,True,0.4549,1.3217,1.055,2.615,0.854,-0.046,1.259,"resp,wrist_temp"
15,4290,"Biosignal window flagged by the LOF anomaly detector. Deviating channels are only mildly unusual vs this subject's baseline. reduced wrist_eda (z=-0.9 vs subject baseline, mean=1.17) elevated wrist_temp (z=+0.8 vs subject baseline, mean=33.76) Relevant topics: electrodermal activity skin conductance sympathetic stress arousal sweat response skin temperature thermal perfusion vasomotor ambient temperature sensor effects. Other readings: ecg mean=-0.00, resp mean=0.09, bvp mean=0.37.",False,True,0.4139,1.4409,-0.499,0.22,0.545,-0.945,0.834,"wrist_eda,wrist_temp"
15,4307,"Biosignal window flagged by the LOF anomaly detector. Deviating channels show a moderate shift from this subject's baseline. elevated resp (z=+1.1 vs subject baseline, mean=0.26) reduced wrist_eda (z=-1.1 vs subject baseline, mean=0.97) Relevant topics: respiration rate breathing pattern tachypnea bradypnea ventilation electrodermal activity skin conductance sympathetic stress arousal sweat response. Other readings: ecg mean=0.00, bvp mean=-0.64, wrist_temp mean=34.00.",False,True,0.4563,1.3015,-0.121,1.097,-0.935,-1.051,0.996,"resp,wrist_eda"
