subject,t_start_sec,t_end_sec,score_if,score_lof,query,explanation,sources,latency_sec
1,30,60,0.4335,1.3521,"Abrupt isolated spike in wearable biosignals. reduced wrist_eda (z=-0.5, mean=6.66) reduced wrist_temp (z=-0.5, mean=32.02) Relevant topics: electrodermal activity skin conductance sympathetic stress arousal sweat response skin temperature thermal perfusion vasomotor ambient temperature sensor effects. Other readings: ecg mean=0.00, resp mean=0.16, bvp mean=0.73.","DETECTED: The abrupt spike combined with reduced skin temperature and EDA likely represents a motion artifact or sensor displacement rather than genuine stress, as wrist-worn devices are prone to signal inaccuracies during movement [PMC12635167].
EVIDENCE: Literature notes that collecting EDA signals using wristbands is not very accurate and artifacts can affect data collection results; additionally, motion artifacts from electrode displacement produce sharp transients indistinguishable from genuine stress responses [PMC12828444]. Skin temperature also varies widely based on activity type and ambient conditions rather than just physiological state [PMC12635167].
RECOMMENDATION: Review accelerometer data for concurrent movement; if motion is detected, treat the signal as an artifact. Verify sensor placement and ensure stable skin contact before relying on these readings for stress assessment.
DISCLAIMER: Research decision-support tool. Not a diagnostic device. Does not replace clinical judgment.","['PMC12635167_a_multimodal_stress_detection_dataset_with_facial_expression', 'PMC13213813_human_experience_in_regulated_offices_hero_dataset_synchroni', 'PMC13068604_physiological_responses_to_emotional_video_stimuli_ecg_eda_a', 'PMC13259440_hybrid_feature_learning_for_wearable_stress_detection_combin', 'PMC12828444_using_wearable_technology_to_evaluate_the_electrodermal_acti']",8.3
1,180,210,0.4375,1.358,"Abrupt isolated spike in wearable biosignals. reduced wrist_eda (z=-0.7, mean=5.47) reduced wrist_temp (z=-0.5, mean=32.00) Relevant topics: electrodermal activity skin conductance sympathetic stress arousal sweat response skin temperature thermal perfusion vasomotor ambient temperature sensor effects. Other readings: ecg mean=0.00, resp mean=0.21, bvp mean=-0.37.","DETECTED: The abrupt spike suggests a potential motion artifact or sensor displacement rather than genuine stress, as wrist-worn EDA signals are prone to inaccuracies from movement and electrode shifts [PMC12635167]. Additionally, sharp transients in the signal can be indistinguishable from real physiological peaks caused by motion artifacts during physical activity [PMC13259440].

EVIDENCE: Literature notes that collecting EDA using wristbands is not very accurate and some artifacts affect data collection results, including those caused by electrode displacement during movement [PMC12635167]. Motion artifacts from physical movement produce sharp signal transients indistinguishable in shape from genuine stress responses [PMC13259440].

RECOMMENDATION: Review the user's activity log for sudden movements or device displacement during the 30-second window. If motion is confirmed, disregard this spike as a likely artifact rather than a stress indicator [PMC12635167].

DISCLAIMER: Research decision-support tool. Not a diagnostic device. Does not replace clinical judgment.","['PMC12635167_a_multimodal_stress_detection_dataset_with_facial_expression', 'PMC13213813_human_experience_in_regulated_offices_hero_dataset_synchroni', 'PMC13068604_physiological_responses_to_emotional_video_stimuli_ecg_eda_a', 'PMC13259440_hybrid_feature_learning_for_wearable_stress_detection_combin', 'PMC12828444_using_wearable_technology_to_evaluate_the_electrodermal_acti']",9.8
1,390,420,0.425,1.2885,"Abrupt isolated spike in wearable biosignals. reduced wrist_eda (z=-0.8, mean=3.63) reduced wrist_temp (z=-0.5, mean=32.05) Relevant topics: electrodermal activity skin conductance sympathetic stress arousal sweat response skin temperature thermal perfusion vasomotor ambient temperature sensor effects. Other readings: ecg mean=-0.00, resp mean=-0.01, bvp mean=0.24.","DETECTED: The abrupt spike suggests a potential motion artifact or sensor displacement rather than genuine stress, as wrist-worn EDA signals are prone to inaccuracies from movement and poor contact [PMC12635167]. Additionally, high ambient temperature can elevate skin conductance independently of psychological stress [PMC13259440], which may explain the concurrent reduction in wrist temperature.

EVIDENCE: Literature notes that collecting EDA using wristbands is not very accurate and artifacts from motion or electrode displacement can produce sharp signal transients indistinguishable from genuine stress responses [PMC13259440]. Environmental factors like ambient temperature also influence skin conductance levels independently of arousal [PMC13259440].

RECOMMENDATION: Review accelerometer data for sudden movement or device orientation changes that could cause the signal spike. Verify environmental conditions to rule out thermal effects on sensor readings before concluding a stress event occurred.

DISCLAIMER: Research decision-support tool. Not a diagnostic device. Does not replace clinical judgment.","['PMC12635167_a_multimodal_stress_detection_dataset_with_facial_expression', 'PMC13213813_human_experience_in_regulated_offices_hero_dataset_synchroni', 'PMC13068604_physiological_responses_to_emotional_video_stimuli_ecg_eda_a', 'PMC13259440_hybrid_feature_learning_for_wearable_stress_detection_combin', 'PMC12828444_using_wearable_technology_to_evaluate_the_electrodermal_acti']",9.1
1,2280,2310,0.4428,1.3334,"Abrupt isolated spike in wearable biosignals. reduced bvp (z=-2.3, mean=-3.90) reduced wrist_temp (z=-1.1, mean=30.76) Relevant topics: photoplethysmography pulse waveform amplitude perfusion signal quality motion artifact skin temperature thermal perfusion vasomotor ambient temperature sensor effects. Other readings: ecg mean=0.00, resp mean=0.05, wrist_eda mean=5.56.","DETECTED: The abrupt spike with reduced blood volume pulse (BVP) and skin temperature likely indicates motion artifact or sensor displacement rather than true physiological change, as PPG signals are highly susceptible to noise from movement [PMC12300191].

EVIDENCE: Wrist photoplethysmogram (PPG) signals are widely used but highly susceptible to noise which can reduce accuracy of monitored parameters [PMC12204546]. Motion artifacts significantly affect PPG signal quality, particularly when the arm is not at heart height or during physical activity [PMC12300191].

RECOMMENDATION: Verify patient position and ensure the sensor is at heart level to improve signal quality [PMC12204546]. If motion occurred, disregard this 30-second window as a likely artifact rather than a clinical event.

DISCLAIMER: Research decision-support tool. Not a diagnostic device. Does not replace clinical judgment.","['PMC12300191_a_stability_and_aggregationbased_method_for_heart_rate_estim', 'PMC12204546_determinants_of_photoplethysmography_signal_quality_at_the_w', 'PMC12694438_realtime_subjectspecific_predictive_modeling_of_ppg_signals_', 'PMC13210545_signal_quality_of_reflectivemode_photoplethysmograms_across_', 'PMC12736534_signal_quality_assessment_and_reconstruction_of_ppgderived_s']",14.8
1,2940,2970,0.5264,1.5333,"Robust anomaly confirmed by two independent detectors. reduced wrist_temp (z=-1.5, mean=30.00) elevated bvp (z=+0.9, mean=1.58) Relevant topics: skin temperature thermal perfusion vasomotor ambient temperature sensor effects photoplethysmography pulse waveform amplitude perfusion signal quality motion artifact. Other readings: ecg mean=-0.00, resp mean=-0.28, wrist_eda mean=13.61.","DETECTED: The pattern suggests a potential measurement artifact rather than true physiological change, likely caused by reduced skin perfusion or sensor contact issues affecting the wrist PPG signal.

EVIDENCE: Wrist PPG signals are highly susceptible to noise and motion artifacts which can distort waveform amplitude [PMC12736534]. Signal quality at the wrist is also influenced by posture; for instance, standing with arms hanging results in lower signal quality compared to supine or sitting positions where the arm rests higher [PMC12204546].

RECOMMENDATION: Verify sensor placement and ensure adequate skin perfusion. Check if the patient's position (e.g., standing vs. lying down) correlates with reduced wrist temperature, as posture significantly impacts signal fidelity at this site [PMC12204546]. Re-evaluate after improving contact or changing position.

DISCLAIMER: Research decision-support tool. Not a diagnostic device. Does not replace clinical judgment.","['PMC12204546_determinants_of_photoplethysmography_signal_quality_at_the_w', 'PMC12300191_a_stability_and_aggregationbased_method_for_heart_rate_estim', 'PMC12736534_signal_quality_assessment_and_reconstruction_of_ppgderived_s', 'PMC12110636_fully_automated_photoplethysmographybased_wearable_atrial_fi', 'PMC12694438_realtime_subjectspecific_predictive_modeling_of_ppg_signals_']",11.5
1,2970,3000,0.4834,1.293,"Abrupt isolated spike in wearable biosignals. reduced wrist_temp (z=-1.4, mean=30.03) reduced resp (z=-1.4, mean=-0.53) Relevant topics: skin temperature thermal perfusion vasomotor ambient temperature sensor effects respiration rate breathing pattern tachypnea bradypnea ventilation. Other readings: ecg mean=0.00, bvp mean=0.68, wrist_eda mean=15.17.","DETECTED: The abrupt spike combined with reduced wrist temperature suggests a motion artifact or sensor displacement rather than true physiological tachypnea, as PPG signals are highly susceptible to movement and perfusion changes [PMC12795177].

EVIDENCE: Wearable photoplethysmography (PPG) accuracy is significantly affected by motion artifacts and measurement site conditions, which can cause signal instability unrelated to actual heart rate or respiration changes [PMC12300191]. Additionally, peripheral skin temperature sensors are influenced by ambient factors and thermal perfusion states; a sudden drop often indicates vasoconstriction due to cold exposure or sensor contact loss rather than autonomic nervous system recovery issues [PMC13263368].

RECOMMENDATION: Verify the device's physical placement and check for skin cooling from ambient temperature. Do not interpret this isolated 30-second event as acute respiratory distress without corroborating clinical signs or a stable baseline trend [PMC12795177].

DISCLAIMER: Research decision-support tool. Not a diagnostic device. Does not replace clinical judgment.","['PMC12300191_a_stability_and_aggregationbased_method_for_heart_rate_estim', 'PMC13263368_pulse_rate_variability_is_not_the_same_as_heart_rate_variabi', 'PMC13213813_human_experience_in_regulated_offices_hero_dataset_synchroni', 'PMC12795177_ringtype_ppg_sensor_for_the_detection_of_ventricular_arrhyth', 'PMC13259056_physiological_monitoring_applications_of_wearable_multimodal']",14.6
1,3060,3090,0.4964,1.3229,"Abrupt isolated spike in wearable biosignals. reduced wrist_temp (z=-1.2, mean=30.46) elevated ecg (z=+0.1, mean=0.00) Relevant topics: skin temperature thermal perfusion vasomotor ambient temperature sensor effects electrocardiogram rhythm irregularity heart rate variability arrhythmia ectopic beats. Other readings: resp mean=0.02, bvp mean=-0.02, wrist_eda mean=13.00.","DETECTED: The abrupt isolated spike suggests a potential arrhythmia or ectopic beat rather than motion artifact, especially given the concurrent drop in wrist temperature which may indicate peripheral vasoconstriction during an event.

EVIDENCE: Literature indicates that while PPG is prone to motion artifacts and signal degradation under poor perfusion (PMC12789550), specific wearable patterns can coincide with symptoms distinct from motion noise, as seen in athletes where abrupt heart rate increases were confirmed arrhythmias rather than artifacts (PMC13027176). Additionally, skin temperature changes alongside EDA and PPG are noted to capture stress-related peripheral vasoconstriction (PMC12789550), which aligns with the observed reduced wrist_temp.

RECOMMENDATION: Clinical follow-up should prioritize ruling out arrhythmia via standard diagnostic methods like ambulatory ECG, as wearable data alone has variable accuracy and PPG metrics may not fully substitute for HRV derived from ECG (PMC12736534). Given the isolated nature of the spike and temperature drop, further investigation is warranted.

DISCLAIMER: Research decision-support tool. Not a diagnostic device. Does not replace clinical judgment.","['PMC12300191_a_stability_and_aggregationbased_method_for_heart_rate_estim', 'PMC13263368_pulse_rate_variability_is_not_the_same_as_heart_rate_variabi', 'PMC12789550_wearable_devices_for_anxiety_assessment_a_systematic_review', 'PMC12736534_signal_quality_assessment_and_reconstruction_of_ppgderived_s', 'PMC13027176_the_use_of_digital_devices_in_the_management_of_athletes_wit']",14.4
1,3090,3120,0.5061,1.3084,"Robust anomaly confirmed by two independent detectors. reduced wrist_temp (z=-1.2, mean=30.66) elevated ecg (z=+0.3, mean=0.00) Relevant topics: skin temperature thermal perfusion vasomotor ambient temperature sensor effects electrocardiogram rhythm irregularity heart rate variability arrhythmia ectopic beats. Other readings: resp mean=0.03, bvp mean=0.61, wrist_eda mean=12.87.","DETECTED: Reduced wrist skin temperature suggests peripheral vasoconstriction often associated with stress or anxiety, while elevated ECG readings may indicate arrhythmia detection challenges due to motion artifacts.

EVIDENCE: Skin temperature (SKT) captures stress-related peripheral vasoconstriction and is used alongside other signals for anxiety detection [PMC12789550]. PPG sensors are more prone to signal degradation under poor perfusion, which can be influenced by local body temperature changes [PMC12789550]. Additionally, factors like individual variations in skin tone or ambient conditions can modify PPG intensity and waveform quality [PMC13094953].

RECOMMENDATION: Correlate the reduced wrist temperature with patient-reported stress levels. Verify if elevated ECG readings persist after accounting for potential motion artifacts or poor perfusion, as these factors are known to degrade signal reliability in ambulatory settings [PMC12789550][PMC13094953].

DISCLAIMER: Research decision-support tool. Not a diagnostic device. Does not replace clinical judgment.","['PMC12789550_wearable_devices_for_anxiety_assessment_a_systematic_review', 'PMC12110636_fully_automated_photoplethysmographybased_wearable_atrial_fi', 'PMC12031393_reliable_ecg_anomaly_detection_on_edge_devices_for_internet_', 'PMC12736534_signal_quality_assessment_and_reconstruction_of_ppgderived_s', 'PMC13094953_continuous_remote_monitoring_of_postoperative_vital_signs_wi']",11.4
1,4050,4080,0.4125,1.5664,"Abrupt isolated spike in wearable biosignals. elevated resp (z=+3.3, mean=1.28) reduced wrist_eda (z=-0.6, mean=5.66) Relevant topics: respiration rate breathing pattern tachypnea bradypnea ventilation electrodermal activity skin conductance sympathetic stress arousal sweat response. Other readings: ecg mean=0.00, bvp mean=-0.18, wrist_temp mean=33.08.","DETECTED: The abrupt spike in respiration rate combined with reduced skin conductance likely represents motion artifact or environmental interference rather than genuine physiological stress, as high ambient temperatures can elevate baseline arousal independently of psychological factors [PMC13259440]. Additionally, sharp signal transients from physical movement are often indistinguishable from real sympathetic activation peaks in EDA data [PMC13259440].

EVIDENCE: High ambient temperature and humidity can raise tonic skin conductance levels without actual stress. Motion artifacts caused by electrode displacement create sharp transients that mimic genuine responses. A high-pass filter cutoff of 0.05 Hz is standard to remove slow baseline drifts but may not eliminate rapid motion spikes [PMC13259440].

RECOMMENDATION: Verify the patient's activity level and ambient environment before interpreting this as tachypnea or stress. Review raw signal quality for movement artifacts, particularly given the reduced wrist EDA which suggests sensor displacement rather than true sympathetic withdrawal [PMC13259440].

DISCLAIMER: Research decision-support tool. Not a diagnostic device. Does not replace clinical judgment.","['PMC13259440_hybrid_feature_learning_for_wearable_stress_detection_combin', 'PMC13068127_mcardiacdx_radardriven_contactless_monitoring_and_diagnosis_', 'PMC12635167_a_multimodal_stress_detection_dataset_with_facial_expression', 'PMC13213813_human_experience_in_regulated_offices_hero_dataset_synchroni', 'PMC11679670_wearable_solutions_using_physiological_signals_for_stress_mo']",11.9
1,8730,8760,0.4187,1.452,"Abrupt isolated spike in wearable biosignals. reduced wrist_eda (z=-1.0, mean=2.40) elevated wrist_temp (z=+0.5, mean=34.33) Relevant topics: electrodermal activity skin conductance sympathetic stress arousal sweat response skin temperature thermal perfusion vasomotor ambient temperature sensor effects. Other readings: ecg mean=0.00, resp mean=0.14, bvp mean=-0.30.","DETECTED: The pattern suggests a potential motion artifact or sensor displacement rather than genuine stress, given the simultaneous drop in EDA and rise in skin temperature alongside other stable signals.

EVIDENCE: Wrist-worn EDA sensors are noted to be inaccurate with artifacts affecting data collection; sharp signal transients from electrode displacement during movement can mimic real responses [PMC12635167]. Additionally, high ambient temperatures or sensor warm-up can cause baseline drift and elevate tonic skin conductance levels independently of psychological stress [PMC13068604]. Skin temperature varies widely based on activity type and ambient conditions rather than just blood flow changes alone [PMC12635167].

RECOMMENDATION: Verify device fit for loose electrodes or displacement; check ambient room temperature against baseline. If motion occurred, treat the spike as an artifact until stability is confirmed.

DISCLAIMER: Research decision-support tool. Not a diagnostic device. Does not replace clinical judgment.","['PMC12635167_a_multimodal_stress_detection_dataset_with_facial_expression', 'PMC13213813_human_experience_in_regulated_offices_hero_dataset_synchroni', 'PMC13068604_physiological_responses_to_emotional_video_stimuli_ecg_eda_a', 'PMC13259440_hybrid_feature_learning_for_wearable_stress_detection_combin', 'PMC12828444_using_wearable_technology_to_evaluate_the_electrodermal_acti']",10.5
1,8910,8940,0.4492,1.3787,"Abrupt isolated spike in wearable biosignals. reduced wrist_eda (z=-1.0, mean=2.25) elevated bvp (z=+0.6, mean=1.18) Relevant topics: electrodermal activity skin conductance sympathetic stress arousal sweat response photoplethysmography pulse waveform amplitude perfusion signal quality motion artifact. Other readings: ecg mean=0.00, resp mean=-0.01, wrist_temp mean=34.33.","DETECTED: The pattern suggests a potential motion artifact or signal quality issue rather than true physiological stress, given the simultaneous drop in skin conductance and rise in pulse amplitude.

EVIDENCE: Literature indicates that collecting EDA signals using wristbands is not very accurate and can be affected by artifacts [PMC12635167]. Additionally, PPG-based heart rate monitoring is known to be significantly affected by motion artifacts during physical activities or movement .

RECOMMENDATION: Verify if the patient was moving vigorously at that moment. If no significant activity occurred, review raw signal traces for noise spikes before interpreting as a clinical event.

DISCLAIMER: Research decision-support tool. Not a diagnostic device. Does not replace clinical judgment.","['PMC12635167_a_multimodal_stress_detection_dataset_with_facial_expression', 'PMC12300191_a_stability_and_aggregationbased_method_for_heart_rate_estim', 'PMC12736534_signal_quality_assessment_and_reconstruction_of_ppgderived_s', 'PMC12204546_determinants_of_photoplethysmography_signal_quality_at_the_w', 'PMC13182813_automated_cardiac_arrest_detection_using_wristworn_photoplet']",11.3
2,630,660,0.3963,1.392,"Abrupt isolated spike in wearable biosignals. reduced wrist_eda (z=-1.1, mean=0.44) reduced wrist_temp (z=-0.5, mean=32.01) Relevant topics: electrodermal activity skin conductance sympathetic stress arousal sweat response skin temperature thermal perfusion vasomotor ambient temperature sensor effects. Other readings: ecg mean=0.00, resp mean=-0.18, bvp mean=-0.18.","DETECTED: The abrupt spike suggests a potential motion artifact or sensor displacement rather than genuine stress, given simultaneous reductions in skin temperature and EDA which contradict typical sympathetic activation patterns.

EVIDENCE: Wrist-worn EDA signals are noted to be inaccurate with artifacts affecting data collection; sharp transients can mimic real responses if caused by electrode movement during physical activity. Additionally, high ambient temperatures or sensor warm-up can cause baseline drifts that alter readings independently of psychological stress. Skin temperature varies widely based on ambient conditions and blood flow rather than just autonomic arousal.

RECOMMENDATION: Verify device fit for loose electrodes causing motion artifacts; check ambient room temperature as a confounding factor before interpreting the spike as physiological stress.

DISCLAIMER: Research decision-support tool. Not a diagnostic device. Does not replace clinical judgment.","['PMC12635167_a_multimodal_stress_detection_dataset_with_facial_expression', 'PMC13213813_human_experience_in_regulated_offices_hero_dataset_synchroni', 'PMC13259440_hybrid_feature_learning_for_wearable_stress_detection_combin', 'PMC13068604_physiological_responses_to_emotional_video_stimuli_ecg_eda_a', 'PMC12828444_using_wearable_technology_to_evaluate_the_electrodermal_acti']",9.8
2,1290,1320,0.4662,1.3443,"Abrupt isolated spike in wearable biosignals. reduced wrist_temp (z=-1.3, mean=30.42) elevated resp (z=+1.1, mean=0.45) Relevant topics: skin temperature thermal perfusion vasomotor ambient temperature sensor effects respiration rate breathing pattern tachypnea bradypnea ventilation. Other readings: ecg mean=0.00, bvp mean=-0.01, wrist_eda mean=3.12.","DETECTED: The abrupt spike in respiration combined with reduced wrist temperature likely indicates a transient thermal or motion artifact rather than true tachypnea, as wearable skin temperature sensors are highly sensitive to ambient conditions and perfusion changes [PMC13068604].

EVIDENCE: Skin temperature readings can be influenced by peripheral thermal regulation and environmental factors like air velocity, which may cause isolated drops unrelated to core physiology or respiratory distress [PMC13213813]. Additionally, PPG-based respiration signals are susceptible to motion artifacts that can mimic physiological spikes during intense activity [PMC12300191].

RECOMMENDATION: Review concurrent accelerometer data for sudden movement; if no significant motion is detected and the patient reports discomfort, monitor core temperature trends. If symptoms persist or worsen, seek immediate clinical evaluation.

DISCLAIMER: Research decision-support tool. Not a diagnostic device. Does not replace clinical judgment.","['PMC13263368_pulse_rate_variability_is_not_the_same_as_heart_rate_variabi', 'PMC12300191_a_stability_and_aggregationbased_method_for_heart_rate_estim', 'PMC13213813_human_experience_in_regulated_offices_hero_dataset_synchroni', 'PMC13068604_physiological_responses_to_emotional_video_stimuli_ecg_eda_a', 'PMC13259056_physiological_monitoring_applications_of_wearable_multimodal']",12.3
2,1320,1350,0.4797,1.3608,"Abrupt isolated spike in wearable biosignals. reduced wrist_temp (z=-1.5, mean=29.91) reduced resp (z=-0.9, mean=-0.33) Relevant topics: skin temperature thermal perfusion vasomotor ambient temperature sensor effects respiration rate breathing pattern tachypnea bradypnea ventilation. Other readings: ecg mean=-0.00, bvp mean=-0.11, wrist_eda mean=4.66.","DETECTED: The abrupt spike combined with reduced wrist temperature suggests a motion artifact or sensor displacement rather than true physiological tachypnea, as PPG signals are highly susceptible to movement and ambient changes [PMC12795177].
EVIDENCE: Literature indicates that photoplethysmography (PPG) measurements in wearable devices face challenges from motion artifacts, which can corrupt heart rate and respiratory data derived from pulse waveforms [PMC12300191]. Additionally, wrist skin temperature is influenced by ambient conditions and perfusion changes that may not reflect core thermal status during sudden activity shifts [PMC13213813].
RECOMMENDATION: Verify the patient's actual respiratory rate via manual auscultation or a chest-mounted sensor if available, as wrist-based PPG readings may be unreliable during motion. Check for loose fit on the device that could cause temperature drops and signal loss [PMC12795177].
DISCLAIMER: Research decision-support tool. Not a diagnostic device. Does not replace clinical judgment.","['PMC12300191_a_stability_and_aggregationbased_method_for_heart_rate_estim', 'PMC13263368_pulse_rate_variability_is_not_the_same_as_heart_rate_variabi', 'PMC13213813_human_experience_in_regulated_offices_hero_dataset_synchroni', 'PMC12795177_ringtype_ppg_sensor_for_the_detection_of_ventricular_arrhyth', 'PMC13259056_physiological_monitoring_applications_of_wearable_multimodal']",14.1
2,1350,1380,0.5154,1.3723,"Robust anomaly confirmed by two independent detectors. reduced wrist_temp (z=-1.8, mean=29.22) elevated resp (z=+0.8, mean=0.33) Relevant topics: skin temperature thermal perfusion vasomotor ambient temperature sensor effects respiration rate breathing pattern tachypnea bradypnea ventilation. Other readings: ecg mean=0.00, bvp mean=-0.11, wrist_eda mean=7.29.","DETECTED: The pattern suggests reduced skin perfusion (low temperature) combined with elevated respiration rate.
EVIDENCE: Local body temperature is identified as a physiological process that can modify photoplethysmography signals and vital sign readings [PMC13094953]. Peripheral sites like the wrist are more susceptible to ambient effects and vasoconstriction compared to central sites, which may explain reduced thermal perfusion readings in cooler environments or during stress responses [PMC12300191].
RECOMMENDATION: Verify if the patient is experiencing cold exposure or vasomotor changes. Monitor for signs of respiratory distress given the elevated rate, but recognize that wrist-based temperature and respiration data can be influenced by ambient conditions and motion artifacts [PMC12300191].
DISCLAIMER: Research decision-support tool. Not a diagnostic device. Does not replace clinical judgment.","['PMC12204546_determinants_of_photoplethysmography_signal_quality_at_the_w', 'PMC13094953_continuous_remote_monitoring_of_postoperative_vital_signs_wi', 'PMC12300191_a_stability_and_aggregationbased_method_for_heart_rate_estim', 'PMC13210545_signal_quality_of_reflectivemode_photoplethysmograms_across_', 'PMC12110636_fully_automated_photoplethysmographybased_wearable_atrial_fi']",11.5
2,1380,1410,0.5065,1.2706,"Subtle distributed anomaly, gradual drift from baseline. reduced wrist_temp (z=-2.0, mean=28.78) elevated resp (z=+0.8, mean=0.31) Relevant topics: skin temperature thermal perfusion vasomotor ambient temperature sensor effects respiration rate breathing pattern tachypnea bradypnea ventilation. Other readings: ecg mean=0.00, bvp mean=0.10, wrist_eda mean=10.08.","DETECTED: The pattern suggests reduced skin perfusion (cooling) combined with increased respiratory effort, which may indicate physiological stress or an environmental change affecting sensor accuracy.

EVIDENCE: Wrist PPG signals are highly susceptible to noise and quality varies significantly based on posture; signal quality is greatest when supine compared to sitting or standing [PMC12204546]. Additionally, ambient temperature effects can influence skin thermal perfusion readings in wearable devices [ANOMALY description].

RECOMMENDATION: Verify the patient's position (supine vs. upright) and check for changes in room temperature that could alter wrist sensor performance or cause vasomotor responses. Correlate with clinical assessment of respiratory rate if tachypnea is suspected, noting that short-term HRV analysis from PPG may have limited validity [PMC12736534].

DISCLAIMER: Research decision-support tool. Not a diagnostic device. Does not replace clinical judgment.","['PMC12204546_determinants_of_photoplethysmography_signal_quality_at_the_w', 'PMC12592569_photoplethysmography_in_diverse_skin_tones_evaluating_bias_i', 'PMC12736534_signal_quality_assessment_and_reconstruction_of_ppgderived_s', 'PMC12989444_colorfilterarraybased_multispectral_photoplethysmography_opt', 'PMC11679670_wearable_solutions_using_physiological_signals_for_stress_mo']",12.0
2,1500,1530,0.5189,1.0966,"Subtle distributed anomaly, gradual drift from baseline. reduced wrist_temp (z=-2.3, mean=28.08) reduced resp (z=-0.4, mean=-0.12) Relevant topics: skin temperature thermal perfusion vasomotor ambient temperature sensor effects respiration rate breathing pattern tachypnea bradypnea ventilation. Other readings: ecg mean=0.00, bvp mean=-0.07, wrist_eda mean=15.21.","DETECTED: The gradual drop in wrist temperature likely reflects reduced peripheral blood flow (vasomotor response) or sensor drift due to ambient conditions, rather than an acute respiratory event like tachypnea given the minimal change in respiration rate.

EVIDENCE: Wrist photoplethysmogram signals are highly susceptible to noise and environmental factors; signal quality varies significantly with posture and arm position relative to heart height [PMC12204546]. Skin pigmentation can also impact optical sensor accuracy for perfusion-related metrics like temperature or oxygen saturation .

RECOMMENDATION: Verify the device's skin contact and ambient room temperature. Check if the arm position has changed (e.g., standing vs. sitting). If symptoms persist despite stable environmental factors, consult a clinician to rule out vasomotor issues or sensor malfunction [PMC12204546].

DISCLAIMER: Research decision-support tool. Not a diagnostic device. Does not replace clinical judgment.","['PMC12592569_photoplethysmography_in_diverse_skin_tones_evaluating_bias_i', 'PMC12204546_determinants_of_photoplethysmography_signal_quality_at_the_w', 'PMC12736534_signal_quality_assessment_and_reconstruction_of_ppgderived_s', 'PMC12989444_colorfilterarraybased_multispectral_photoplethysmography_opt', 'PMC11679670_wearable_solutions_using_physiological_signals_for_stress_mo']",12.4
2,1530,1560,0.5165,1.0799,"Subtle distributed anomaly, gradual drift from baseline. reduced wrist_temp (z=-2.3, mean=28.16) elevated wrist_eda (z=+0.3, mean=15.24) Relevant topics: skin temperature thermal perfusion vasomotor ambient temperature sensor effects electrodermal activity skin conductance sympathetic stress arousal sweat response. Other readings: ecg mean=0.00, resp mean=0.10, bvp mean=0.24.","DETECTED: The pattern suggests a gradual physiological drift likely caused by environmental factors rather than acute stress, given reduced skin temperature and only mildly elevated sweat activity.

EVIDENCE: Skin temperature varies widely based on ambient temperature and activity length [PMC12635167]. EDA tonic levels (baseline conductance) can be independently elevated by high ambient humidity or temperature without psychological stress [PMC13259440]. Raw signals often exhibit baseline drift due to gradual changes in ambient conditions or sensor warm-up, which are non-physiological shifts requiring filtering [PMC13259440].

RECOMMENDATION: Monitor for sustained environmental exposure; do not interpret this as immediate stress without corroborating context. Verify device contact and check room temperature/humidity levels before clinical action.

DISCLAIMER: Research decision-support tool. Not a diagnostic device. Does not replace clinical judgment.","['PMC12635167_a_multimodal_stress_detection_dataset_with_facial_expression', 'PMC12736534_signal_quality_assessment_and_reconstruction_of_ppgderived_s', 'PMC13213813_human_experience_in_regulated_offices_hero_dataset_synchroni', 'PMC13259440_hybrid_feature_learning_for_wearable_stress_detection_combin', 'PMC13203100_from_biosignals_to_bedside_a_review_of_realtime_edge_machine']",10.4
2,1560,1590,0.5121,1.1281,"Subtle distributed anomaly, gradual drift from baseline. reduced wrist_temp (z=-2.3, mean=28.25) reduced ecg (z=-0.5, mean=-0.00) Relevant topics: skin temperature thermal perfusion vasomotor ambient temperature sensor effects electrocardiogram rhythm irregularity heart rate variability arrhythmia ectopic beats. Other readings: resp mean=0.09, bvp mean=-0.48, wrist_eda mean=15.42.","DETECTED: The pattern suggests a signal quality issue rather than true physiological change, likely due to reduced skin perfusion or motion artifact affecting the wrist sensor.

EVIDENCE: Wearable optical sensors like PPG are more prone to signal degradation under poor perfusion and motion artifacts compared to ECG [PMC12789550]. For both ECG and PPG, changes in contact pressure, sweat volume, and ambient conditions can bias estimates and introduce baseline drift or noise [PMC13203100]. Skin temperature drops often indicate vasoconstriction (reduced blood flow), which degrades optical signal quality by reducing light absorption from pulsatile blood [PMC12789550].

RECOMMENDATION: Verify the reading with a chest-strap ECG or manual pulse check. Do not interpret reduced wrist temperature and weak PPG signals as arrhythmia without confirming signal quality, as these conditions lead to unreliable HRV metrics [PMC12789550].

DISCLAIMER: Research decision-support tool. Not a diagnostic device. Does not replace clinical judgment.","['PMC12736534_signal_quality_assessment_and_reconstruction_of_ppgderived_s', 'PMC12592569_photoplethysmography_in_diverse_skin_tones_evaluating_bias_i', 'PMC12789550_wearable_devices_for_anxiety_assessment_a_systematic_review', 'PMC13203100_from_biosignals_to_bedside_a_review_of_realtime_edge_machine', 'PMC12731301_diagnostic_accuracy_of_wearable_ecg_devices_for_atrial_fibri']",13.0
2,1590,1620,0.5039,1.1006,"Subtle distributed anomaly, gradual drift from baseline. reduced wrist_temp (z=-2.2, mean=28.33) reduced resp (z=-0.9, mean=-0.32) Relevant topics: skin temperature thermal perfusion vasomotor ambient temperature sensor effects respiration rate breathing pattern tachypnea bradypnea ventilation. Other readings: ecg mean=0.00, bvp mean=-0.10, wrist_eda mean=15.34.","DETECTED: The gradual drop in wrist temperature and respiration rate likely reflects sensor signal degradation due to reduced blood perfusion (vasomotor changes) or poor contact, rather than a true physiological decline like bradypnea.

EVIDENCE: Wrist photoplethysmogram signals are highly susceptible to noise which can reduce the accuracy of monitored parameters [PMC12204546]. Signal quality is also influenced by posture and arm position relative to heart height, affecting perfusion index measurements [PMC12204546].

RECOMMENDATION: Verify sensor placement (ensure natural height or lap position) and check for vasomotor changes like vasoconstriction. Re-evaluate the reading after warming the wrist if skin temperature is low.

DISCLAIMER: Research decision-support tool. Not a diagnostic device. Does not replace clinical judgment.","['PMC12204546_determinants_of_photoplethysmography_signal_quality_at_the_w', 'PMC12592569_photoplethysmography_in_diverse_skin_tones_evaluating_bias_i', 'PMC12736534_signal_quality_assessment_and_reconstruction_of_ppgderived_s', 'PMC12989444_colorfilterarraybased_multispectral_photoplethysmography_opt', 'PMC13265936_wearable_ecg_and_ppg_for_anxiety_detection_a_translational_d']",10.7
2,1680,1710,0.5105,1.2134,"Subtle distributed anomaly, gradual drift from baseline. reduced wrist_temp (z=-2.0, mean=28.93) elevated resp (z=+0.4, mean=0.17) Relevant topics: skin temperature thermal perfusion vasomotor ambient temperature sensor effects respiration rate breathing pattern tachypnea bradypnea ventilation. Other readings: ecg mean=0.00, bvp mean=-0.08, wrist_eda mean=15.31.","DETECTED: The gradual drop in wrist temperature suggests reduced skin perfusion, which can degrade PPG signal quality by lowering the Perfusion Index (PI) [PMC12204546]. Concurrently, an elevated respiratory rate may indicate physiological stress or tachypnea rather than a sensor error alone [PMC11679670].

EVIDENCE: Research indicates that wrist PPG signals are highly susceptible to noise and quality varies significantly with posture; signal-to-noise ratio is lowest when standing compared to supine positions, potentially causing gradual drifts in baseline metrics like temperature or heart rate variability [PMC12204546]. Additionally, elevated respiratory rates detected by wearables can be a valid indicator of tachypnea and physiological stress responses rather than just artifact [PMC11679670].

RECOMMENDATION: Verify the patient's posture (supine is optimal for signal quality) and ambient temperature to rule out sensor artifacts. If clinical signs of distress are present, prioritize respiratory assessment over relying solely on wrist-derived metrics which may be compromised by poor perfusion [PMC12204546].

DISCLAIMER: Research decision-support tool. Not a diagnostic device. Does not replace clinical judgment.","['PMC12204546_determinants_of_photoplethysmography_signal_quality_at_the_w', 'PMC12592569_photoplethysmography_in_diverse_skin_tones_evaluating_bias_i', 'PMC12736534_signal_quality_assessment_and_reconstruction_of_ppgderived_s', 'PMC12989444_colorfilterarraybased_multispectral_photoplethysmography_opt', 'PMC11679670_wearable_solutions_using_physiological_signals_for_stress_mo']",13.5
2,1710,1740,0.5009,1.2508,"Subtle distributed anomaly, gradual drift from baseline. reduced wrist_temp (z=-1.7, mean=29.40) reduced resp (z=-0.2, mean=-0.07) Relevant topics: skin temperature thermal perfusion vasomotor ambient temperature sensor effects respiration rate breathing pattern tachypnea bradypnea ventilation. Other readings: ecg mean=0.00, bvp mean=0.16, wrist_eda mean=14.53.","DETECTED: The gradual drift in wrist temperature likely reflects normal thermal changes or sensor noise rather than acute pathology, as wearable optical sensors are highly susceptible to environmental factors like ambient temperature and skin perfusion [PMC12592569].

EVIDENCE: Wrist photoplethysmogram (PPG) signals used for monitoring parameters such as respiration are susceptible to noise influenced by posture, ambient temperature, and skin perfusion [PMC12592569]. Signal quality can vary significantly based on arm position relative to heart height [PMC12204546].

RECOMMENDATION: Verify the patient's posture and ambient environment; ensure the wrist is at heart level if possible. Monitor for clinical correlation rather than relying solely on this isolated 30-second drift, as motion artifacts or environmental shifts are common causes of such patterns in consumer wearables [PMC12592569].

DISCLAIMER: Research decision-support tool. Not a diagnostic device. Does not replace clinical judgment.","['PMC12592569_photoplethysmography_in_diverse_skin_tones_evaluating_bias_i', 'PMC12204546_determinants_of_photoplethysmography_signal_quality_at_the_w', 'PMC12736534_signal_quality_assessment_and_reconstruction_of_ppgderived_s', 'PMC12989444_colorfilterarraybased_multispectral_photoplethysmography_opt', 'PMC11679670_wearable_solutions_using_physiological_signals_for_stress_mo']",14.2
2,2430,2460,0.4992,1.6046,"Robust anomaly confirmed by two independent detectors. reduced wrist_temp (z=-1.2, mean=30.52) elevated ecg (z=+0.5, mean=0.00) Relevant topics: skin temperature thermal perfusion vasomotor ambient temperature sensor effects electrocardiogram rhythm irregularity heart rate variability arrhythmia ectopic beats. Other readings: resp mean=0.12, bvp mean=0.89, wrist_eda mean=9.21.","DETECTED: Reduced wrist skin temperature and elevated ECG readings may indicate stress-related vasoconstriction or signal artifacts rather than a definitive cardiac event in this short window.

EVIDENCE: Skin temperature can capture stress-related peripheral vasoconstriction [PMC12789550]. PPG signals (often used for heart rate) are more prone to motion artifacts and degradation under poor perfusion, such as low skin temperature [PMC12789550]. ECG typically requires multi-electrode setups which can limit wearability compared to wrist-worn devices that may be affected by ambient factors like body site variations [PMC13094953].

RECOMMENDATION: Correlate with clinical context; do not act on isolated 30-second anomalies without verifying signal quality or patient symptoms.

DISCLAIMER: Research decision-support tool. Not a diagnostic device. Does not replace clinical judgment.","['PMC12789550_wearable_devices_for_anxiety_assessment_a_systematic_review', 'PMC12110636_fully_automated_photoplethysmographybased_wearable_atrial_fi', 'PMC12736534_signal_quality_assessment_and_reconstruction_of_ppgderived_s', 'PMC12031393_reliable_ecg_anomaly_detection_on_edge_devices_for_internet_', 'PMC13094953_continuous_remote_monitoring_of_postoperative_vital_signs_wi']",9.8
2,2460,2490,0.505,1.2826,"Subtle distributed anomaly, gradual drift from baseline. reduced wrist_temp (z=-1.1, mean=30.78) reduced bvp (z=-0.4, mean=-0.60) Relevant topics: skin temperature thermal perfusion vasomotor ambient temperature sensor effects photoplethysmography pulse waveform amplitude perfusion signal quality motion artifact. Other readings: ecg mean=0.00, resp mean=0.04, wrist_eda mean=15.32.","DETECTED: Reduced wrist temperature and blood volume pulse signal suggest poor perfusion or motion artifact affecting sensor accuracy [PMC12204546]. EVIDENCE: Wrist PPG signals are highly susceptible to noise, which reduces the accuracy of monitored parameters like heart rate; quality is significantly lower when standing with arms hanging compared to supine positions due to gravity and posture effects on perfusion [PMC12204546]. Motion artifacts can also corrupt signal waveforms, leading to reduced amplitude readings that may mimic physiological changes rather than reflecting true cardiac status [PMC12694438]. RECOMMENDATION: Verify patient position (supine preferred) and ensure the wrist is at heart level; check for motion or loose fit causing poor contact force. If symptoms persist despite repositioning, consider alternative monitoring sites like a finger clip to rule out perfusion issues [PMC12204546]. DISCLAIMER: Research decision-support tool. Not a diagnostic device. Does not replace clinical judgment.","['PMC12204546_determinants_of_photoplethysmography_signal_quality_at_the_w', 'PMC12694438_realtime_subjectspecific_predictive_modeling_of_ppg_signals_', 'PMC12300191_a_stability_and_aggregationbased_method_for_heart_rate_estim', 'PMC12736534_signal_quality_assessment_and_reconstruction_of_ppgderived_s', 'PMC12960368_an_adjustable_smart_ring_to_monitor_pulse_rate_and_periphera']",11.3
2,2730,2760,0.5077,1.2913,"Robust anomaly confirmed by two independent detectors. reduced resp (z=-1.4, mean=-0.52) elevated wrist_eda (z=+0.4, mean=16.74) Relevant topics: respiration rate breathing pattern tachypnea bradypnea ventilation electrodermal activity skin conductance sympathetic stress arousal sweat response. Other readings: ecg mean=0.00, bvp mean=-0.35, wrist_temp mean=33.36.","DETECTED: The combined signal suggests reduced breathing depth or rate alongside elevated skin conductance.
EVIDENCE: Literature indicates that physiological processes like respiratory rate can modify photoplethysmography (PPG) intensity, and wrist-worn PPG faces persistent difficulty accurately recovering parasympathetic-sensitive metrics such as RMSSD due to signal quality issues [PMC12736534]. Additionally, external factors including motion artifacts can decrease or modify PPG intensity and waveform at the wrist [PMC13094953].
RECOMMENDATION: Context is insufficient to confirm a clinical event; verify if the patient was moving or experiencing environmental changes that affect wrist sensors.
DISCLAIMER: Research decision-support tool. Not a diagnostic device. Does not replace clinical judgment.","['PMC12736534_signal_quality_assessment_and_reconstruction_of_ppgderived_s', 'PMC13074453_from_sensing_to_sensemaking_a_framework_for_onperson_intelli', 'PMC13094953_continuous_remote_monitoring_of_postoperative_vital_signs_wi', 'PMC12204546_determinants_of_photoplethysmography_signal_quality_at_the_w', 'PMC13210545_signal_quality_of_reflectivemode_photoplethysmograms_across_']",10.0
2,2760,2790,0.5105,1.2017,"Subtle distributed anomaly, gradual drift from baseline. elevated resp (z=+1.5, mean=0.60) elevated wrist_eda (z=+1.2, mean=25.23) Relevant topics: respiration rate breathing pattern tachypnea bradypnea ventilation electrodermal activity skin conductance sympathetic stress arousal sweat response. Other readings: ecg mean=-0.00, bvp mean=0.38, wrist_temp mean=33.19.","DETECTED: The gradual rise in respiration rate (z=+1.5) combined with elevated skin conductance suggests increased sympathetic arousal or stress response rather than respiratory failure.

EVIDENCE: Research indicates that wrist-worn PPG signals often overestimate parasympathetic-sensitive metrics like HRV, which can complicate interpreting subtle physiological drifts without ECG correlation [PMC12736534]. Additionally, elevated electrodermal activity is a known indicator of sympathetic stress and arousal in wearable monitoring contexts [PMC11679670].

RECOMMENDATION: Monitor for sustained tachypnea or worsening symptoms; consider clinical evaluation if respiratory distress signs develop. Context insufficient to confirm specific pathology without further validation against ECG ground truth.

DISCLAIMER: Research decision-support tool. Not a diagnostic device. Does not replace clinical judgment.","['PMC12736534_signal_quality_assessment_and_reconstruction_of_ppgderived_s', 'PMC11679670_wearable_solutions_using_physiological_signals_for_stress_mo', 'PMC12912879_novel_type_iv_monitoring_device_with_advanced_oximetry_indic', 'ESC 2018 — Guidelines for the Diagnosis and Management of Syncope', 'PMC13210545_signal_quality_of_reflectivemode_photoplethysmograms_across_']",10.4
2,2790,2820,0.4866,1.3429,"Abrupt isolated spike in wearable biosignals. elevated wrist_eda (z=+1.5, mean=28.30) reduced resp (z=-0.5, mean=-0.16) Relevant topics: electrodermal activity skin conductance sympathetic stress arousal sweat response respiration rate breathing pattern tachypnea bradypnea ventilation. Other readings: ecg mean=0.00, bvp mean=-0.44, wrist_temp mean=33.19.","DETECTED: The abrupt EDA spike suggests a sympathetic stress response or sweat gland activation, while the reduced respiration may indicate bradypnea (slow breathing) or signal noise.
EVIDENCE: An increase in skin conductance is commonly associated with anxiety episodes and reflects increased sympathetic activity stimulating sweat glands [PMC12816561]. However, EDA peaks are event-related responses to stimuli but can be inaccurate due to motion artifacts from electrode displacement during physical movement or environmental factors like high ambient temperature [PMC13259440][PMC12987280]. Additionally, wrist sensor data collection is not always accurate and can suffer from artifacts that affect results [PMC12635167].
RECOMMENDATION: Do not interpret the EDA spike as stress without confirming if physical movement occurred. Use accelerometer context to rule out motion artifacts or exertion before concluding a psychological event, as robust systems must use movement data to explain physiological changes and avoid false positives [PMC12987280].
DISCLAIMER: Research decision-support tool. Not a diagnostic device. Does not replace clinical judgment.","['PMC12635167_a_multimodal_stress_detection_dataset_with_facial_expression', 'PMC13259440_hybrid_feature_learning_for_wearable_stress_detection_combin', 'PMC13213813_human_experience_in_regulated_offices_hero_dataset_synchroni', 'PMC12987280_beyond_eda_a_systematic_review_of_multimodal_sympathetic_ner', 'PMC12816561_use_of_physiological_signals_behavioral_data_and_processing_']",10.5
2,2820,2850,0.4948,1.4793,"Abrupt isolated spike in wearable biosignals. elevated wrist_eda (z=+1.5, mean=28.24) reduced resp (z=-0.3, mean=-0.10) Relevant topics: electrodermal activity skin conductance sympathetic stress arousal sweat response respiration rate breathing pattern tachypnea bradypnea ventilation. Other readings: ecg mean=-0.00, bvp mean=0.03, wrist_temp mean=33.41.","DETECTED: The abrupt EDA spike suggests a sympathetic stress response or sweat gland activation, while the reduced respiration may indicate bradypnea or signal artifact; wrist temperature is within normal range.
EVIDENCE: EDA measures sweat gland activity reflecting sympathetic arousal to stimuli [PMC12635167]. Phasic SCR peaks occur rapidly (1–5 s) following a discrete stressor and represent event-related activation [PMC13259440]. However, motion artifacts from electrode displacement can produce sharp transients indistinguishable from genuine responses [PMC13259440], and EDA shifts due to heat or contact changes are common in daily life [PMC12987280]. High arousal is not always stress but can stem from excitement, exertion, fear, or anger [PMC12987280].
RECOMMENDATION: Check for recent movement; if motion occurred, the EDA spike may be an artifact rather than true stress. Correlate with accelerometer data to distinguish physical activity from psychological arousal before concluding a stress event.
DISCLAIMER: Research decision-support tool. Not a diagnostic device. Does not replace clinical judgment.","['PMC12635167_a_multimodal_stress_detection_dataset_with_facial_expression', 'PMC13259440_hybrid_feature_learning_for_wearable_stress_detection_combin', 'PMC13213813_human_experience_in_regulated_offices_hero_dataset_synchroni', 'PMC12987280_beyond_eda_a_systematic_review_of_multimodal_sympathetic_ner', 'PMC12816561_use_of_physiological_signals_behavioral_data_and_processing_']",10.8
2,2850,2880,0.5062,1.4664,"Robust anomaly confirmed by two independent detectors. elevated wrist_eda (z=+1.6, mean=28.46) elevated ecg (z=+0.3, mean=0.00) Relevant topics: electrodermal activity skin conductance sympathetic stress arousal sweat response electrocardiogram rhythm irregularity heart rate variability arrhythmia ectopic beats. Other readings: resp mean=0.13, bvp mean=-0.12, wrist_temp mean=33.81.","DETECTED: The elevated wrist EDA suggests sympathetic arousal or stress response; however, the slightly elevated ECG z-score may reflect normal variability rather than a definitive arrhythmia given known PPG/ECG measurement limitations in wearables [PMC12736534].

EVIDENCE: Wrist-worn sensors can overestimate certain HRV metrics and struggle with parasympathetic-sensitive data like RMSSD/HF, making isolated EDA elevations common during stress or motion [PMC12736534]. Smartwatch single-lead ECGs are highly accurate for detecting arrhythmias (AF sensitivity >98%), but wrist PPG signals can be affected by skin tone, temperature, and motion artifacts [PMC13094953][PMC12635167].

RECOMMENDATION: Correlate the EDA elevation with patient symptoms (e.g., palpitations, anxiety) rather than treating it as a cardiac event. If symptomatic arrhythmia is suspected, obtain a standard 12-lead or single-lead smartwatch ECG for confirmation [PMC13118077].

DISCLAIMER: Research decision-support tool. Not a diagnostic device. Does not replace clinical judgment.","['PMC12736534_signal_quality_assessment_and_reconstruction_of_ppgderived_s', 'PMC13118077_a_prospective_realworld_study_evaluating_the_feasibility_and', 'PMC12986937_sparse_temporal_autoencoder_for_ecg_anomaly_detection', 'PMC13094953_continuous_remote_monitoring_of_postoperative_vital_signs_wi', 'PMC12635167_a_multimodal_stress_detection_dataset_with_facial_expression']",12.8
2,2880,2910,0.5063,1.4533,"Robust anomaly confirmed by two independent detectors. elevated wrist_eda (z=+1.5, mean=28.29) elevated wrist_temp (z=+0.5, mean=34.24) Relevant topics: electrodermal activity skin conductance sympathetic stress arousal sweat response skin temperature thermal perfusion vasomotor ambient temperature sensor effects. Other readings: ecg mean=-0.00, resp mean=-0.01, bvp mean=-0.06.","DETECTED: Elevated wrist EDA and temperature suggest sympathetic nervous system activation consistent with emotional arousal like anxiety.
EVIDENCE: Increased skin conductance reflects sweat gland activity driven by the sympathetic nervous system during high-anxiety moments, while elevated body temperature correlates with physiological responses to emotionally demanding situations [PMC12816561]. However, these signals can also shift due to ambient heat or physical exertion rather than stress alone; robust systems must use movement context (e.g., accelerometry) to distinguish exercise from psychological arousal and avoid false positives [PMC12987280].
RECOMMENDATION: Review recent activity logs for signs of physical exertion. If the user was moving, interpret high EDA/temperature as likely due to motion rather than stress; if at rest with no movement context, consider clinical follow-up for anxiety symptoms per guidelines [PMC12987280].
DISCLAIMER: Research decision-support tool. Not a diagnostic device. Does not replace clinical judgment.","['PMC12635167_a_multimodal_stress_detection_dataset_with_facial_expression', 'PMC12987280_beyond_eda_a_systematic_review_of_multimodal_sympathetic_ner', 'PMC12816561_use_of_physiological_signals_behavioral_data_and_processing_', 'PMC13213813_human_experience_in_regulated_offices_hero_dataset_synchroni', 'PMC13259440_hybrid_feature_learning_for_wearable_stress_detection_combin']",9.7
2,2910,2940,0.4708,1.3841,"Abrupt isolated spike in wearable biosignals. elevated wrist_eda (z=+1.4, mean=27.30) elevated wrist_temp (z=+0.7, mean=34.60) Relevant topics: electrodermal activity skin conductance sympathetic stress arousal sweat response skin temperature thermal perfusion vasomotor ambient temperature sensor effects. Other readings: ecg mean=0.00, resp mean=-0.21, bvp mean=0.18.","DETECTED: The abrupt spike in wrist EDA and temperature likely represents an event-related sympathetic response to a stimulus or environmental change rather than sustained stress.
EVIDENCE: EDA peaks are described as ""event-related"" estimators of the body's response to stimuli, while skin temperature varies based on activity type and ambient conditions [PMC12635167]. Rapid transient changes in conductance (phasic responses) occur within 1–5 seconds following a discrete stimulus or stressor [PMC13259440]. High arousal can also stem from excitement, physical exertion, fear, anger, heat, or sensor movement artifacts rather than psychological stress alone [PMC12987280].
RECOMMENDATION: Review concurrent accelerometer data to distinguish between genuine sympathetic activation and motion artifacts; do not interpret isolated spikes as acute stress without context.
DISCLAIMER: Research decision-support tool. Not a diagnostic device. Does not replace clinical judgment.","['PMC12635167_a_multimodal_stress_detection_dataset_with_facial_expression', 'PMC13213813_human_experience_in_regulated_offices_hero_dataset_synchroni', 'PMC13259440_hybrid_feature_learning_for_wearable_stress_detection_combin', 'PMC13068604_physiological_responses_to_emotional_video_stimuli_ecg_eda_a', 'PMC12987280_beyond_eda_a_systematic_review_of_multimodal_sympathetic_ner']",9.8
2,2940,2970,0.5446,1.5829,"Robust anomaly confirmed by two independent detectors. elevated resp (z=+1.3, mean=0.50) elevated wrist_eda (z=+1.0, mean=23.08) Relevant topics: respiration rate breathing pattern tachypnea bradypnea ventilation electrodermal activity skin conductance sympathetic stress arousal sweat response. Other readings: ecg mean=-0.00, bvp mean=0.05, wrist_temp mean=34.81.","DETECTED: The simultaneous elevation in respiration rate and wrist electrodermal activity (EDA) suggests a physiological stress response, potentially indicating tachypnea or sympathetic arousal rather than simple motion artifact.

EVIDENCE: EDA reflects sweat responses driven by the sympathetic nervous system during stress or arousal [PMC13074453]. While PPG signals can be affected by factors like skin tone and temperature, specific HRV metrics (like RMSSD) often show persistent bias in wrist-worn devices that limits their reliability for precise autonomic assessment without advanced signal reconstruction [PMC12736534].

RECOMMENDATION: Correlate the elevated respiration with clinical symptoms of tachypnea. Verify if EDA elevation aligns with known stressors or motion; however, given the persistent difficulty in recovering parasympathetic-sensitive metrics from wrist PPG [PMC12736534], do not rely solely on this data for definitive autonomic conclusions without further clinical context.

DISCLAIMER: Research decision-support tool. Not a diagnostic device. Does not replace clinical judgment.","['PMC12736534_signal_quality_assessment_and_reconstruction_of_ppgderived_s', 'PMC13094953_continuous_remote_monitoring_of_postoperative_vital_signs_wi', 'PMC13210545_signal_quality_of_reflectivemode_photoplethysmograms_across_', 'PMC12204546_determinants_of_photoplethysmography_signal_quality_at_the_w', 'PMC13074453_from_sensing_to_sensemaking_a_framework_for_onperson_intelli']",10.8
2,2970,3000,0.5011,1.3281,"Robust anomaly confirmed by two independent detectors. reduced resp (z=-1.2, mean=-0.44) elevated wrist_eda (z=+1.0, mean=22.28) Relevant topics: respiration rate breathing pattern tachypnea bradypnea ventilation electrodermal activity skin conductance sympathetic stress arousal sweat response. Other readings: ecg mean=0.00, bvp mean=0.08, wrist_temp mean=34.65.","DETECTED: The pattern suggests reduced breathing depth or rate alongside elevated skin conductance, which may indicate sympathetic arousal (stress) rather than true respiratory distress like tachypnea.

EVIDENCE: Research indicates that wrist-worn PPG sensors often overestimate parasympathetic metrics and struggle with accuracy at the wrist site compared to facial sites due to motion artifacts or signal quality issues [PMC12736534]. Additionally, vital sign measurements from wearables can be modified by physiological processes like respiratory rate changes and external factors such as motion, potentially leading to false alerts if not carefully validated against ground truth [PMC13094953].

RECOMMENDATION: Correlate the elevated EDA with clinical context (e.g., anxiety vs. hypoxia) and verify respiratory rate using a chest strap or capnography if available, as wrist-based PPG may not accurately reflect true respiration under dynamic conditions [PMC13094953].

DISCLAIMER: Research decision-support tool. Not a diagnostic device. Does not replace clinical judgment.","['PMC12736534_signal_quality_assessment_and_reconstruction_of_ppgderived_s', 'PMC13074453_from_sensing_to_sensemaking_a_framework_for_onperson_intelli', 'PMC13094953_continuous_remote_monitoring_of_postoperative_vital_signs_wi', 'PMC13210545_signal_quality_of_reflectivemode_photoplethysmograms_across_', 'PMC11679670_wearable_solutions_using_physiological_signals_for_stress_mo']",12.3
2,3990,4020,0.4953,1.2998,"Abrupt isolated spike in wearable biosignals. elevated resp (z=+1.4, mean=0.56) elevated wrist_eda (z=+0.9, mean=22.17) Relevant topics: respiration rate breathing pattern tachypnea bradypnea ventilation electrodermal activity skin conductance sympathetic stress arousal sweat response. Other readings: ecg mean=0.00, bvp mean=-0.40, wrist_temp mean=35.05.","DETECTED: The abrupt spike likely represents a phasic skin conductance response (SCR) indicating event-related sympathetic activation, though it could also be an artifact from motion or environmental factors like temperature changes.

EVIDENCE: Phasic SCR consists of rapid peaks occurring within 1–5 seconds following a stimulus and is characterized by a fast rise phase [PMC13259440]. However, sharp signal transients indistinguishable from genuine SCRs can be caused by motion artifacts or environmental sensitivity such as high ambient temperature elevating the baseline conductance independently of stress [PMC13259440]. Additionally, skin temperature varies widely based on activity and ambient conditions rather than just autonomic state [PMC12635167].

RECOMMENDATION: Verify if a discrete stimulus occurred within the last 5 seconds. If no event is reported, check for recent movement or environmental heat exposure that could mimic this pattern before attributing it to stress.

DISCLAIMER: Research decision-support tool. Not a diagnostic device. Does not replace clinical judgment.","['PMC13259440_hybrid_feature_learning_for_wearable_stress_detection_combin', 'PMC12635167_a_multimodal_stress_detection_dataset_with_facial_expression', 'PMC13068127_mcardiacdx_radardriven_contactless_monitoring_and_diagnosis_', 'PMC13263368_pulse_rate_variability_is_not_the_same_as_heart_rate_variabi', 'PMC13213813_human_experience_in_regulated_offices_hero_dataset_synchroni']",10.7
2,4020,4050,0.4495,1.2965,"Abrupt isolated spike in wearable biosignals. elevated wrist_temp (z=+0.8, mean=34.84) elevated wrist_eda (z=+0.3, mean=15.15) Relevant topics: skin temperature thermal perfusion vasomotor ambient temperature sensor effects electrodermal activity skin conductance sympathetic stress arousal sweat response. Other readings: ecg mean=0.00, resp mean=0.09, bvp mean=-0.14.","DETECTED: An abrupt isolated spike in wrist temperature and electrodermal activity likely represents an event-related sympathetic stress response or sensor artifact.
EVIDENCE: EDA peaks are described as ""event-related"" estimators of body responses to stimuli, while skin temperature varies based on blood flow which can change widely with ambient conditions [PMC12635167]. However, motion artifacts from physical movement and environmental sensitivity (e.g., high ambient heat) can produce sharp signal transients or elevate baseline levels independently of psychological stress [PMC13259440].
RECOMMENDATION: Correlate the spike with concurrent activity logs to distinguish between a genuine sympathetic arousal event and motion/environmental artifacts. Monitor if the elevation persists beyond 5 seconds, as phasic responses typically recover within this window [PMC13259440].
DISCLAIMER: Research decision-support tool. Not a diagnostic device. Does not replace clinical judgment.","['PMC12635167_a_multimodal_stress_detection_dataset_with_facial_expression', 'PMC13213813_human_experience_in_regulated_offices_hero_dataset_synchroni', 'PMC13263368_pulse_rate_variability_is_not_the_same_as_heart_rate_variabi', 'PMC13068604_physiological_responses_to_emotional_video_stimuli_ecg_eda_a', 'PMC13259440_hybrid_feature_learning_for_wearable_stress_detection_combin']",10.3
2,4050,4080,0.4364,1.3715,"Abrupt isolated spike in wearable biosignals. elevated wrist_temp (z=+0.6, mean=34.47) elevated resp (z=+0.5, mean=0.23) Relevant topics: skin temperature thermal perfusion vasomotor ambient temperature sensor effects respiration rate breathing pattern tachypnea bradypnea ventilation. Other readings: ecg mean=0.00, bvp mean=-0.05, wrist_eda mean=10.33.","DETECTED: An isolated spike in wrist temperature accompanied by elevated respiration likely reflects transient thermal or environmental changes rather than acute physiological distress.

EVIDENCE: Wrist sensor accuracy varies substantially and warrants caution, as only 29.6% of readings align closely with reference standards [PMC13094953]. Peripheral skin temperature sensors provide insight into thermal regulation but can be influenced by ambient conditions or motion artifacts rather than core pathology [PMC13068604].

RECOMMENDATION: Verify the anomaly against environmental logs and recent activity; do not interpret a single isolated spike as an emergency without corroborating clinical signs.

DISCLAIMER: Research decision-support tool. Not a diagnostic device. Does not replace clinical judgment.","['PMC13263368_pulse_rate_variability_is_not_the_same_as_heart_rate_variabi', 'PMC13213813_human_experience_in_regulated_offices_hero_dataset_synchroni', 'PMC12300191_a_stability_and_aggregationbased_method_for_heart_rate_estim', 'PMC13094953_continuous_remote_monitoring_of_postoperative_vital_signs_wi', 'PMC13068604_physiological_responses_to_emotional_video_stimuli_ecg_eda_a']",9.5
2,4980,5010,0.4506,1.4931,"Abrupt isolated spike in wearable biosignals. elevated wrist_temp (z=+0.7, mean=34.67) elevated ecg (z=+0.2, mean=0.00) Relevant topics: skin temperature thermal perfusion vasomotor ambient temperature sensor effects electrocardiogram rhythm irregularity heart rate variability arrhythmia ectopic beats. Other readings: resp mean=-0.04, bvp mean=-0.07, wrist_eda mean=11.05.","DETECTED: The abrupt spike in wrist temperature and ECG likely represents a transient thermal or motion artifact rather than an acute cardiac event, as isolated spikes are often non-specific noise.

EVIDENCE: PPG signals (used for heart rate) are more prone to signal degradation under poor perfusion compared to multi-electrode ECG setups [PMC12789550]. Additionally, wrist-based measurements can be affected by ambient temperature and sensor effects unrelated to cardiac rhythm irregularity [PMC13263368]. While wearables have identified arrhythmias in athletes, these were typically characterized as reproducible patterns exceeding age-predicted limits rather than isolated single spikes without other context [PMC13027176].

RECOMMENDATION: Review the specific time window for concurrent motion or environmental changes. If no symptoms are reported and the spike is not sustained, it may be a false positive; however, clinical correlation with patient history remains essential to rule out ectopic beats or vasomotor responses [PMC12789550].

DISCLAIMER: Research decision-support tool. Not a diagnostic device. Does not replace clinical judgment.","['PMC13263368_pulse_rate_variability_is_not_the_same_as_heart_rate_variabi', 'PMC12300191_a_stability_and_aggregationbased_method_for_heart_rate_estim', 'PMC12789550_wearable_devices_for_anxiety_assessment_a_systematic_review', 'PMC13027176_the_use_of_digital_devices_in_the_management_of_athletes_wit', 'PMC12736534_signal_quality_assessment_and_reconstruction_of_ppgderived_s']",12.6
2,5490,5520,0.4293,1.378,"Abrupt isolated spike in wearable biosignals. elevated wrist_temp (z=+1.1, mean=35.50) elevated resp (z=+0.7, mean=0.28) Relevant topics: skin temperature thermal perfusion vasomotor ambient temperature sensor effects respiration rate breathing pattern tachypnea bradypnea ventilation. Other readings: ecg mean=0.00, bvp mean=-0.02, wrist_eda mean=6.47.","DETECTED: An isolated wrist temperature spike with mild respiratory elevation likely reflects sensor artifact or transient environmental influence rather than acute physiological distress.

EVIDENCE: Wrist-worn skin temperature sensors can show substantial accuracy issues, with only 29.6% of readings within ±1°C of a reference standard in some studies [PMC13094953]. Additionally, wrist sensor data may be affected by ambient conditions and motion artifacts common to wearable devices [PMC13213813].

RECOMMENDATION: Verify the anomaly against environmental logs (e.g., room temperature) and recent patient movement. If no external trigger is found, monitor for recurrence or correlate with clinical symptoms before escalating care.

DISCLAIMER: Research decision-support tool. Not a diagnostic device. Does not replace clinical judgment.","['PMC13263368_pulse_rate_variability_is_not_the_same_as_heart_rate_variabi', 'PMC13213813_human_experience_in_regulated_offices_hero_dataset_synchroni', 'PMC12300191_a_stability_and_aggregationbased_method_for_heart_rate_estim', 'PMC13094953_continuous_remote_monitoring_of_postoperative_vital_signs_wi', 'PMC13068604_physiological_responses_to_emotional_video_stimuli_ecg_eda_a']",10.3
2,5880,5910,0.4256,1.4914,"Abrupt isolated spike in wearable biosignals. elevated wrist_temp (z=+1.2, mean=35.75) reduced wrist_eda (z=-0.5, mean=7.18) Relevant topics: skin temperature thermal perfusion vasomotor ambient temperature sensor effects electrodermal activity skin conductance sympathetic stress arousal sweat response. Other readings: ecg mean=0.00, resp mean=0.11, bvp mean=-0.26.","DETECTED: An abrupt isolated spike in wrist temperature with reduced electrodermal activity likely represents an artifact or environmental interference rather than acute stress.
EVIDENCE: Skin temperature varies widely based on ambient temperature, while EDA sensors are sensitive to motion artifacts and poor contact that can produce sharp signal transients indistinguishable from genuine responses [PMC12635167]. Additionally, high ambient temperatures can elevate skin conductance levels independently of psychological stress [PMC13259440].
RECOMMENDATION: Verify the device's physical contact and check for sudden changes in room temperature before attributing this pattern to physiological arousal.
DISCLAIMER: Research decision-support tool. Not a diagnostic device. Does not replace clinical judgment.","['PMC12635167_a_multimodal_stress_detection_dataset_with_facial_expression', 'PMC13213813_human_experience_in_regulated_offices_hero_dataset_synchroni', 'PMC13068604_physiological_responses_to_emotional_video_stimuli_ecg_eda_a', 'PMC13263368_pulse_rate_variability_is_not_the_same_as_heart_rate_variabi', 'PMC13259440_hybrid_feature_learning_for_wearable_stress_detection_combin']",9.7
2,8010,8040,0.4059,1.4597,"Abrupt isolated spike in wearable biosignals. reduced ecg (z=-1.0, mean=-0.00) elevated wrist_temp (z=+0.9, mean=35.19) Relevant topics: electrocardiogram rhythm irregularity heart rate variability arrhythmia ectopic beats skin temperature thermal perfusion vasomotor ambient temperature sensor effects. Other readings: resp mean=0.03, bvp mean=0.07, wrist_eda mean=4.30.","DETECTED: The abrupt ECG spike combined with elevated wrist temperature suggests an isolated arrhythmic event rather than motion artifact or anxiety.
EVIDENCE: Literature indicates that athletes can identify characteristic, abrupt heart rate patterns on wearables that differ clearly from motion artifacts and coincide with symptoms [PMC13027176]. While PPG is prone to degradation under poor perfusion (which may affect temperature readings), ECG remains the most reliable individual signal for detecting rhythm disorders like arrhythmia or ectopic beats, whereas single-signal methods have limitations in real-world settings compared to multimodal approaches [PMC12789550].
RECOMMENDATION: Correlate this isolated spike with patient symptoms. If symptomatic palpitations are present, refer for further evaluation such as ambulatory ECG or exercise stress testing to confirm the arrhythmia and rule out structural heart disease, especially if maximal heart rates exceed age-predicted limits [PMC13027176].
DISCLAIMER: Research decision-support tool. Not a diagnostic device. Does not replace clinical judgment.","['PMC12300191_a_stability_and_aggregationbased_method_for_heart_rate_estim', 'PMC13027176_the_use_of_digital_devices_in_the_management_of_athletes_wit', 'PMC12789550_wearable_devices_for_anxiety_assessment_a_systematic_review', 'PMC12982742_a_lightweight_residual_dilated_temporal_transformer_block_fo', 'PMC12031393_reliable_ecg_anomaly_detection_on_edge_devices_for_internet_']",10.7
3,30,60,0.4229,1.4267,"Abrupt isolated spike in wearable biosignals. reduced wrist_eda (z=-1.2, mean=0.25) reduced wrist_temp (z=-0.8, mean=31.39) Relevant topics: electrodermal activity skin conductance sympathetic stress arousal sweat response skin temperature thermal perfusion vasomotor ambient temperature sensor effects. Other readings: ecg mean=0.00, resp mean=-0.27, bvp mean=-0.23.","DETECTED: The abrupt spike combined with reduced skin temperature and EDA likely represents a motion artifact or sensor displacement rather than genuine stress, as wrist-worn devices are prone to signal inaccuracies during movement [PMC12635167].
EVIDENCE: Literature notes that collecting EDA signals using wristbands is not very accurate and artifacts can affect data collection results; high ambient temperature or electrode displacement can also alter readings independently of psychological stress [PMC12635167], [PMC13259440].
RECOMMENDATION: Verify the user's physical activity or device fit during this window; do not interpret isolated spikes as stress without corroborating context from other modalities like video or accelerometer data.
DISCLAIMER: Research decision-support tool. Not a diagnostic device. Does not replace clinical judgment.","['PMC12635167_a_multimodal_stress_detection_dataset_with_facial_expression', 'PMC13213813_human_experience_in_regulated_offices_hero_dataset_synchroni', 'PMC13068604_physiological_responses_to_emotional_video_stimuli_ecg_eda_a', 'PMC13259440_hybrid_feature_learning_for_wearable_stress_detection_combin', 'PMC12828444_using_wearable_technology_to_evaluate_the_electrodermal_acti']",9.9
3,1710,1740,0.482,1.3775,"Abrupt isolated spike in wearable biosignals. reduced wrist_temp (z=-1.4, mean=30.02) reduced wrist_eda (z=-1.1, mean=0.63) Relevant topics: skin temperature thermal perfusion vasomotor ambient temperature sensor effects electrodermal activity skin conductance sympathetic stress arousal sweat response. Other readings: ecg mean=0.00, resp mean=0.06, bvp mean=0.13.","DETECTED: An abrupt spike in wrist temperature accompanied by reduced electrodermal activity suggests motion artifacts or sensor displacement rather than physiological stress.
EVIDENCE: Literature notes that EDA sensors are prone to inaccuracies from electrode displacement during movement, which produces sharp signal transients indistinguishable from genuine responses [PMC12736534]. Additionally, skin temperature varies widely based on activity and ambient conditions; such fluctuations can occur due to the type of task performed or environmental changes rather than internal stress levels alone [PMC12635167].
RECOMMENDATION: Verify sensor placement for proper skin contact. Check if the user was moving vigorously, as motion artifacts can mimic signal spikes and affect temperature readings due to blood flow changes during activity [PMC12635167]. Review environmental logs (ambient temp/humidity) which independently influence baseline skin conductance levels [PMC12736534].
DISCLAIMER: Research decision-support tool. Not a diagnostic device. Does not replace clinical judgment.","['PMC12635167_a_multimodal_stress_detection_dataset_with_facial_expression', 'PMC13213813_human_experience_in_regulated_offices_hero_dataset_synchroni', 'PMC13068604_physiological_responses_to_emotional_video_stimuli_ecg_eda_a', 'PMC12736534_signal_quality_assessment_and_reconstruction_of_ppgderived_s', 'PMC13259440_hybrid_feature_learning_for_wearable_stress_detection_combin']",10.9
3,3150,3180,0.448,1.354,"Abrupt isolated spike in wearable biosignals. elevated resp (z=+1.1, mean=0.46) reduced ecg (z=-0.8, mean=-0.00) Relevant topics: respiration rate breathing pattern tachypnea bradypnea ventilation electrocardiogram rhythm irregularity heart rate variability arrhythmia ectopic beats. Other readings: bvp mean=0.18, wrist_eda mean=5.28, wrist_temp mean=34.01.","DETECTED: The abrupt ECG reduction and respiratory spike likely represent an ectopic beat or transient arrhythmia where electrical activity occurred without generating a peripheral pulse.

EVIDENCE: Optical methods like PPG/rPPG measure blood volume changes, making them less sensitive to brief, non-perfusing ectopic events compared to ECG which tracks direct electrical activity; thus, discrepancies often indicate missed hemodynamic beats rather than signal failure [PMC12938449]. Additionally, RR interval plausibility checks should be disabled during arrhythmias like premature ventricular contractions because inherent irregularity does not reflect poor signal quality but actual pathology [PMC13259400].

RECOMMENDATION: Do not interpret the ECG dip as a sensor error; verify if it correlates with symptoms or other cardiac signs. Monitor for recurrence, noting that optical sensors may underestimate such transient events compared to electrical monitoring [PMC12938449].

DISCLAIMER: Research decision-support tool. Not a diagnostic device. Does not replace clinical judgment.","['ESC 2018 — Guidelines for the Diagnosis and Management of Syncope', 'PMC12938449_clinical_validation_of_rppgenabled_contactless_pulse_rate_mo', 'PMC12982742_a_lightweight_residual_dilated_temporal_transformer_block_fo', 'PMC13259400_highreliability_signal_quality_validation_for_biosignals_usi', 'PMC12031393_reliable_ecg_anomaly_detection_on_edge_devices_for_internet_']",10.2
3,3270,3300,0.4303,1.3499,"Abrupt isolated spike in wearable biosignals. elevated ecg (z=+1.5, mean=0.01) reduced resp (z=-0.9, mean=-0.32) Relevant topics: electrocardiogram rhythm irregularity heart rate variability arrhythmia ectopic beats respiration rate breathing pattern tachypnea bradypnea ventilation. Other readings: bvp mean=1.21, wrist_eda mean=4.42, wrist_temp mean=34.60.","DETECTED: The abrupt ECG spike with reduced respiration suggests a transient arrhythmia (e.g., ectopic beat) or motion artifact rather than steady-state tachypnea/bradypnea.
EVIDENCE: Optical methods like PPG/rPPG may miss brief, non-perfusing beats that appear as spikes on ECG but not in pulse rate; this highlights a limitation of hemodynamic monitoring during arrhythmic events [PMC12938449]. Abrupt deviations in beat intervals are often caused by motion artifacts or noise-triggered false peaks rather than true physiological changes under stable conditions [PMC13259400].
RECOMMENDATION: Verify if the spike correlates with patient movement; do not interpret isolated brief spikes as high-risk arrhythmia without clinical correlation, especially in young subjects with normal ECGs where cardiac syncope risk is low [ESC 2018 — Guidelines for the Diagnosis and Management of Syncope].
DISCLAIMER: Research decision-support tool. Not a diagnostic device. Does not replace clinical judgment.","['PMC12982742_a_lightweight_residual_dilated_temporal_transformer_block_fo', 'ESC 2018 — Guidelines for the Diagnosis and Management of Syncope', 'PMC12031393_reliable_ecg_anomaly_detection_on_edge_devices_for_internet_', 'PMC12938449_clinical_validation_of_rppgenabled_contactless_pulse_rate_mo', 'PMC13259400_highreliability_signal_quality_validation_for_biosignals_usi']",10.1
3,3930,3960,0.4783,1.3527,"Abrupt isolated spike in wearable biosignals. elevated wrist_temp (z=+1.2, mean=35.86) reduced wrist_eda (z=-0.9, mean=2.81) Relevant topics: skin temperature thermal perfusion vasomotor ambient temperature sensor effects electrodermal activity skin conductance sympathetic stress arousal sweat response. Other readings: ecg mean=0.00, resp mean=-0.15, bvp mean=0.21.","DETECTED: An isolated temperature spike combined with reduced skin conductance likely represents an environmental artifact or sensor noise rather than acute stress.
EVIDENCE: Skin temperature varies widely based on ambient conditions, while EDA sensors are sensitive to motion artifacts and poor contact that can produce sharp signal transients indistinguishable from genuine responses [PMC12635167]. Additionally, high ambient temperatures can elevate skin conductance levels independently of psychological stress [PMC13259440].
RECOMMENDATION: Verify the device's physical contact and check for sudden changes in room temperature before attributing this pattern to physiological arousal.
DISCLAIMER: Research decision-support tool. Not a diagnostic device. Does not replace clinical judgment.","['PMC12635167_a_multimodal_stress_detection_dataset_with_facial_expression', 'PMC13213813_human_experience_in_regulated_offices_hero_dataset_synchroni', 'PMC13068604_physiological_responses_to_emotional_video_stimuli_ecg_eda_a', 'PMC13263368_pulse_rate_variability_is_not_the_same_as_heart_rate_variabi', 'PMC13259440_hybrid_feature_learning_for_wearable_stress_detection_combin']",9.6
3,6240,6270,0.4796,1.5241,"Abrupt isolated spike in wearable biosignals. reduced wrist_eda (z=-1.1, mean=0.61) elevated wrist_temp (z=+1.1, mean=35.62) Relevant topics: electrodermal activity skin conductance sympathetic stress arousal sweat response skin temperature thermal perfusion vasomotor ambient temperature sensor effects. Other readings: ecg mean=0.00, resp mean=-0.29, bvp mean=0.14.","DETECTED: The pattern suggests a transient thermal or motion artifact rather than acute stress, as EDA typically decreases with rising skin temperature due to vasodilation and wristband sensors are prone to signal inaccuracies.
EVIDENCE: Skin temperature varies based on activity and ambient conditions; high temperatures can elevate baseline conductance independently of psychological stress [PMC13259440]. Wrist-based EDA collection is noted as not very accurate, with artifacts potentially affecting data results [PMC12635167]. Motion from device orientation changes or electrode displacement can produce sharp signal transients indistinguishable from genuine responses [PMC13259440].
RECOMMENDATION: Review accelerometer and ambient temperature logs to rule out movement or environmental shifts causing the spike. Do not interpret this isolated 30-second event as a definitive stress response without corroborating sustained physiological changes.
DISCLAIMER: Research decision-support tool. Not a diagnostic device. Does not replace clinical judgment.","['PMC12635167_a_multimodal_stress_detection_dataset_with_facial_expression', 'PMC13213813_human_experience_in_regulated_offices_hero_dataset_synchroni', 'PMC13259440_hybrid_feature_learning_for_wearable_stress_detection_combin', 'PMC13068604_physiological_responses_to_emotional_video_stimuli_ecg_eda_a', 'PMC12828444_using_wearable_technology_to_evaluate_the_electrodermal_acti']",10.0
3,6270,6300,0.48,1.4357,"Abrupt isolated spike in wearable biosignals. elevated resp (z=+1.2, mean=0.46) reduced wrist_eda (z=-1.1, mean=0.62) Relevant topics: respiration rate breathing pattern tachypnea bradypnea ventilation electrodermal activity skin conductance sympathetic stress arousal sweat response. Other readings: ecg mean=0.00, bvp mean=-0.65, wrist_temp mean=35.57.","DETECTED: The abrupt spike in respiration and drop in wrist EDA likely represent a motion artifact rather than genuine physiological stress, as sharp signal transients from movement can mimic real skin conductance responses [PMC13259440].

EVIDENCE: Motion artifacts caused by electrode displacement during physical movement produce sharp signal transients indistinguishable in shape from genuine SCR peaks [PMC13259440]. Additionally, wrist-worn EDA sensors are noted to be less accurate and prone to artifacts affecting data collection results compared to other modalities [PMC12635167].

RECOMMENDATION: Verify if the patient was moving or adjusting their position during this 30-second window. If motion is confirmed, disregard these values as they do not reflect true autonomic arousal levels and may be misinterpreted by algorithms designed to detect stress events [PMC13259440].

DISCLAIMER: Research decision-support tool. Not a diagnostic device. Does not replace clinical judgment.","['PMC13259440_hybrid_feature_learning_for_wearable_stress_detection_combin', 'PMC13068127_mcardiacdx_radardriven_contactless_monitoring_and_diagnosis_', 'PMC12635167_a_multimodal_stress_detection_dataset_with_facial_expression', 'PMC13213813_human_experience_in_regulated_offices_hero_dataset_synchroni', 'PMC12736534_signal_quality_assessment_and_reconstruction_of_ppgderived_s']",9.4
3,6990,7020,0.4088,1.3911,"Abrupt isolated spike in wearable biosignals. reduced wrist_eda (z=-0.8, mean=3.97) elevated wrist_temp (z=+0.6, mean=34.49) Relevant topics: electrodermal activity skin conductance sympathetic stress arousal sweat response skin temperature thermal perfusion vasomotor ambient temperature sensor effects. Other readings: ecg mean=0.00, resp mean=0.02, bvp mean=0.27.","DETECTED: The abrupt EDA spike combined with elevated skin temperature likely represents a motion artifact or environmental interference rather than genuine stress, as wrist-worn sensors are prone to inaccuracies from movement and ambient heat.

EVIDENCE: Literature notes that collecting EDA signals using wristbands is not very accurate and artifacts can affect data collection results [PMC12635167]. Additionally, high ambient temperature can elevate skin conductance levels independently of psychological stress due to environmental sensitivity in these sensors [PMC13259440]. Skin temperature also varies widely based on activity type and ambient conditions rather than just blood flow changes alone [PMC12635167].

RECOMMENDATION: Verify if the patient was moving or exposed to heat during this 30-second window. If motion occurred, treat the EDA spike as an artifact; monitor skin temperature trends over longer periods for true thermal regulation issues rather than isolated spikes.

DISCLAIMER: Research decision-support tool. Not a diagnostic device. Does not replace clinical judgment.","['PMC12635167_a_multimodal_stress_detection_dataset_with_facial_expression', 'PMC13213813_human_experience_in_regulated_offices_hero_dataset_synchroni', 'PMC13068604_physiological_responses_to_emotional_video_stimuli_ecg_eda_a', 'PMC13259440_hybrid_feature_learning_for_wearable_stress_detection_combin', 'PMC12828444_using_wearable_technology_to_evaluate_the_electrodermal_acti']",9.9
3,7200,7230,0.4558,1.4805,"Abrupt isolated spike in wearable biosignals. elevated bvp (z=+1.3, mean=2.24) elevated ecg (z=+0.7, mean=0.00) Relevant topics: photoplethysmography pulse waveform amplitude perfusion signal quality motion artifact electrocardiogram rhythm irregularity heart rate variability arrhythmia ectopic beats. Other readings: resp mean=-0.03, wrist_eda mean=6.56, wrist_temp mean=34.46.","DETECTED: The abrupt spike suggests an isolated ectopic beat or transient rhythm irregularity where electrical activity (ECG) was detected but peripheral pulse volume did not follow, causing a temporary discrepancy between heart rate signals.

EVIDENCE: ECG captures direct cardiac electrical activity and is highly sensitive to transient rhythm changes like ventricular ectopic beats that may fail to produce a sufficient peripheral pulse [PMC12938449]. Optical methods (PPG/rPPG) measure blood volume peaks which are subject to mechanical smoothing, making them less sensitive to brief, non-perfusing events compared to ECG [PMC12938449]. Under stable conditions, successive RR intervals should evolve smoothly; abrupt deviations can be caused by motion artifacts or noise-triggered false peaks rather than true pathology [PMC13259400].

RECOMMENDATION: Review the specific time window for concurrent symptoms (e.g., dizziness) and verify if the patient was moving, as optical methods may underestimate transient arrhythmic events during activity [PMC12938449]. If high-risk features like structural heart disease are present in clinical records, further evaluation is warranted; otherwise, isolated spikes often reflect benign artifacts or non-perfusing beats rather than immediate danger [ESC 2018][PMC13259400].

DISCLAIMER: Research decision-support tool. Not a diagnostic device. Does not replace clinical judgment.","['PMC12938449_clinical_validation_of_rppgenabled_contactless_pulse_rate_mo', 'PMC13259400_highreliability_signal_quality_validation_for_biosignals_usi', 'ESC 2018 — Guidelines for the Diagnosis and Management of Syncope', 'PMC12282364_photoplethysmography_in_recentonset_atrial_fibrillation_auto', 'PMC12982742_a_lightweight_residual_dilated_temporal_transformer_block_fo']",12.3
3,7320,7350,0.4551,1.6557,"Abrupt isolated spike in wearable biosignals. reduced wrist_eda (z=-1.0, mean=2.24) elevated wrist_temp (z=+0.7, mean=34.61) Relevant topics: electrodermal activity skin conductance sympathetic stress arousal sweat response skin temperature thermal perfusion vasomotor ambient temperature sensor effects. Other readings: ecg mean=0.00, resp mean=0.12, bvp mean=0.32.","DETECTED: The pattern suggests a transient sympathetic arousal event, likely an artifact or minor stressor rather than severe distress given isolated signal changes.
EVIDENCE: EDA peaks are event-related estimators of body response to stimuli [PMC12635167]. However, wristband EDA collection is not very accurate and can be affected by artifacts that mimic genuine responses [PMC12635167]. High ambient temperature or humidity can elevate skin conductance independently of psychological stress [PMC13259440]. Skin temperature varies widely based on activity type and ambient conditions, which may cause isolated spikes unrelated to core physiological state [PMC12635167].
RECOMMENDATION: Verify if the spike correlates with a specific environmental change or sudden movement. Do not interpret this single 30-second window as definitive stress without corroborating sustained changes in other metrics like heart rate variability over minutes.
DISCLAIMER: Research decision-support tool. Not a diagnostic device. Does not replace clinical judgment.","['PMC12635167_a_multimodal_stress_detection_dataset_with_facial_expression', 'PMC13213813_human_experience_in_regulated_offices_hero_dataset_synchroni', 'PMC13259440_hybrid_feature_learning_for_wearable_stress_detection_combin', 'PMC13068604_physiological_responses_to_emotional_video_stimuli_ecg_eda_a', 'PMC12828444_using_wearable_technology_to_evaluate_the_electrodermal_acti']",10.1
3,7830,7860,0.4223,1.4494,"Abrupt isolated spike in wearable biosignals. reduced wrist_eda (z=-1.1, mean=0.88) elevated wrist_temp (z=+1.0, mean=35.33) Relevant topics: electrodermal activity skin conductance sympathetic stress arousal sweat response skin temperature thermal perfusion vasomotor ambient temperature sensor effects. Other readings: ecg mean=0.00, resp mean=0.12, bvp mean=0.79.","DETECTED: The pattern suggests a potential motion artifact or sensor displacement rather than genuine stress, given the simultaneous drop in EDA and rise in skin temperature alongside other stable signals.

EVIDENCE: Research indicates that collecting EDA via wristbands is not very accurate and can be affected by artifacts; specifically, physical movement causes electrode displacement producing sharp signal transients indistinguishable from real responses [PMC13259440]. Additionally, high ambient temperatures or sensor warm-up can elevate skin temperature independently of psychological stress [PMC13259440], while EDA peaks are event-related but data quality varies significantly in wristbands [PMC12635167].

RECOMMENDATION: Verify device placement and check for motion artifacts before interpreting this as a physiological response. Review ambient temperature logs to rule out thermal interference.

DISCLAIMER: Research decision-support tool. Not a diagnostic device. Does not replace clinical judgment.","['PMC12635167_a_multimodal_stress_detection_dataset_with_facial_expression', 'PMC13213813_human_experience_in_regulated_offices_hero_dataset_synchroni', 'PMC13259440_hybrid_feature_learning_for_wearable_stress_detection_combin', 'PMC13068604_physiological_responses_to_emotional_video_stimuli_ecg_eda_a', 'PMC12828444_using_wearable_technology_to_evaluate_the_electrodermal_acti']",9.5
3,8070,8100,0.4632,1.4611,"Abrupt isolated spike in wearable biosignals. reduced wrist_eda (z=-1.1, mean=0.69) elevated wrist_temp (z=+1.1, mean=35.50) Relevant topics: electrodermal activity skin conductance sympathetic stress arousal sweat response skin temperature thermal perfusion vasomotor ambient temperature sensor effects. Other readings: ecg mean=0.00, resp mean=0.01, bvp mean=-0.27.","DETECTED: The pattern suggests a transient sympathetic response or sensor artifact, as EDA typically drops during high arousal while skin temperature rises due to vasodilation from stressors like heat or exercise [PMC12635167].
EVIDENCE: Skin temperature varies based on activity and ambient conditions rather than just psychological state, potentially causing elevated readings unrelated to acute stress [PMC12635167]. Additionally, high ambient temperatures can elevate tonic skin conductance levels independently of actual sympathetic activation [PMC13259440].
RECOMMENDATION: Verify if the temperature spike correlates with environmental changes or physical movement before attributing it to stress; consider filtering out motion artifacts which can mimic genuine physiological peaks [PMC13259440].
DISCLAIMER: Research decision-support tool. Not a diagnostic device. Does not replace clinical judgment.","['PMC12635167_a_multimodal_stress_detection_dataset_with_facial_expression', 'PMC13213813_human_experience_in_regulated_offices_hero_dataset_synchroni', 'PMC13259440_hybrid_feature_learning_for_wearable_stress_detection_combin', 'PMC13068604_physiological_responses_to_emotional_video_stimuli_ecg_eda_a', 'PMC12828444_using_wearable_technology_to_evaluate_the_electrodermal_acti']",9.9
3,8130,8160,0.4257,1.2944,"Abrupt isolated spike in wearable biosignals. reduced bvp (z=-3.1, mean=-5.35) reduced wrist_eda (z=-1.1, mean=0.64) Relevant topics: photoplethysmography pulse waveform amplitude perfusion signal quality motion artifact electrodermal activity skin conductance sympathetic stress arousal sweat response. Other readings: ecg mean=0.00, resp mean=0.19, wrist_temp mean=35.51.","DETECTED: The abrupt spike with reduced blood volume pulse (BVP) suggests a motion artifact or poor signal quality rather than a true cardiac event, as PPG sensors are highly susceptible to movement interference [PMC12694438].

EVIDENCE: Literature indicates that wrist-based photoplethysmography signals can be inaccurate due to artifacts affecting data collection results during activities like sitting behind a computer or performing tasks [PMC12694438]. Studies confirm that PPG tracking is significantly affected by motion artifacts, which can corrupt heart rate estimates and waveform morphology [PMC12204546]. Additionally, EDA signals measured at the wrist are noted to be less accurate than other modalities and prone to noise in daily life scenarios [PMC12694438].

RECOMMENDATION: Verify if the user was moving or adjusting their device during this 30-second window. If motion is confirmed, disregard the spike as a technical artifact rather than a physiological stress response. Monitor subsequent readings once movement ceases to confirm signal stability [PMC12694438].

DISCLAIMER: Research decision-support tool. Not a diagnostic device. Does not replace clinical judgment.","['PMC12300191_a_stability_and_aggregationbased_method_for_heart_rate_estim', 'PMC12204546_determinants_of_photoplethysmography_signal_quality_at_the_w', 'PMC12110636_fully_automated_photoplethysmographybased_wearable_atrial_fi', 'PMC12694438_realtime_subjectspecific_predictive_modeling_of_ppg_signals_', 'PMC12635167_a_multimodal_stress_detection_dataset_with_facial_expression']",13.6
3,8430,8460,0.4223,1.3125,"Abrupt isolated spike in wearable biosignals. elevated ecg (z=+2.4, mean=0.01) elevated resp (z=+1.7, mean=0.68) Relevant topics: electrocardiogram rhythm irregularity heart rate variability arrhythmia ectopic beats respiration rate breathing pattern tachypnea bradypnea ventilation. Other readings: bvp mean=1.45, wrist_eda mean=1.12, wrist_temp mean=35.64.","DETECTED: The isolated ECG spike with elevated respiration likely represents a transient arrhythmia (e.g., ectopic beat) rather than motion artifact or signal noise.
EVIDENCE: Optical methods like PPG/rPPG measure blood volume and may miss brief, non-perfusing beats that appear as spikes on the electrical ECG; this discrepancy highlights their complementary nature where ECG detects fine-grained arrhythmias while optical methods track stable pulse trends [PMC12938449]. In young subjects with no cardiac history or structural disease, such isolated findings often indicate a low-risk condition rather than serious syncope [ESC 2018].
RECOMMENDATION: Monitor for recurrence; if the patient is asymptomatic and has no known heart disease, this may be benign. If symptoms occur (e.g., dizziness), further evaluation is needed to rule out structural or electrical causes of sudden cardiac death risk [ESC 2018].
DISCLAIMER: Research decision-support tool. Not a diagnostic device. Does not replace clinical judgment.","['ESC 2018 — Guidelines for the Diagnosis and Management of Syncope', 'PMC12982742_a_lightweight_residual_dilated_temporal_transformer_block_fo', 'PMC12938449_clinical_validation_of_rppgenabled_contactless_pulse_rate_mo', 'PMC12031393_reliable_ecg_anomaly_detection_on_edge_devices_for_internet_', 'PMC13259400_highreliability_signal_quality_validation_for_biosignals_usi']",10.0
3,8460,8490,0.4658,1.3515,"Abrupt isolated spike in wearable biosignals. reduced resp (z=-1.7, mean=-0.65) elevated wrist_temp (z=+1.1, mean=35.63) Relevant topics: respiration rate breathing pattern tachypnea bradypnea ventilation skin temperature thermal perfusion vasomotor ambient temperature sensor effects. Other readings: ecg mean=0.00, bvp mean=-1.57, wrist_eda mean=1.23.","DETECTED: An isolated spike in wrist temperature alongside reduced respiration may indicate sensor artifact or environmental influence rather than acute physiological distress.

EVIDENCE: Wearable skin temperature sensors can be affected by ambient conditions and motion artifacts, which may cause transient spikes unrelated to core thermal regulation [PMC13259056]. Additionally, respiratory rate estimation from wearable photoplethysmography signals is susceptible to noise and signal quality issues that could lead to apparent reductions or false readings during brief intervals [PMC13296462].

RECOMMENDATION: Verify ambient room temperature and check for recent movement at the wrist site. Review raw PPG waveforms for motion artifacts before interpreting respiratory changes. If symptoms persist, correlate with clinical assessment rather than relying solely on isolated 30-second data points [PMC12300191].

DISCLAIMER: Research decision-support tool. Not a diagnostic device. Does not replace clinical judgment.","['PMC13263368_pulse_rate_variability_is_not_the_same_as_heart_rate_variabi', 'PMC12300191_a_stability_and_aggregationbased_method_for_heart_rate_estim', 'PMC13296462_respiratory_monitoring_in_motion_an_overview_of_wearable_met', 'PMC13259056_physiological_monitoring_applications_of_wearable_multimodal', 'PMC13068604_physiological_responses_to_emotional_video_stimuli_ecg_eda_a']",12.0
4,240,270,0.4124,1.3331,"Abrupt isolated spike in wearable biosignals. reduced wrist_eda (z=-1.2, mean=0.17) reduced bvp (z=-0.8, mean=-1.30) Relevant topics: electrodermal activity skin conductance sympathetic stress arousal sweat response photoplethysmography pulse waveform amplitude perfusion signal quality motion artifact. Other readings: ecg mean=0.00, resp mean=0.02, wrist_temp mean=32.60.","DETECTED: The abrupt spike in wrist EDA combined with reduced BVP suggests a motion artifact or signal quality issue rather than true physiological stress.
EVIDENCE: Literature indicates that collecting EDA signals using wristbands is not very accurate and can be affected by artifacts; additionally, PPG (BVP) measurements are significantly impacted by motion artifacts which distort the pulse waveform amplitude [PMC12635167].
RECOMMENDATION: Verify if the patient was moving during this 30-second window. If motion occurred, disregard these values as they likely represent noise rather than a clinical event; no immediate intervention is needed based on signal quality alone [PMC12635167].
DISCLAIMER: Research decision-support tool. Not a diagnostic device. Does not replace clinical judgment.","['PMC12635167_a_multimodal_stress_detection_dataset_with_facial_expression', 'PMC12300191_a_stability_and_aggregationbased_method_for_heart_rate_estim', 'PMC12736534_signal_quality_assessment_and_reconstruction_of_ppgderived_s', 'PMC13259056_physiological_monitoring_applications_of_wearable_multimodal', 'PMC12204546_determinants_of_photoplethysmography_signal_quality_at_the_w']",11.5
4,810,840,0.4433,1.3042,"Abrupt isolated spike in wearable biosignals. reduced wrist_eda (z=-1.2, mean=0.30) reduced resp (z=-0.8, mean=-0.30) Relevant topics: electrodermal activity skin conductance sympathetic stress arousal sweat response respiration rate breathing pattern tachypnea bradypnea ventilation. Other readings: ecg mean=-0.00, bvp mean=0.45, wrist_temp mean=32.34.","DETECTED: The abrupt spike suggests a potential motion artifact or environmental interference rather than genuine stress, given the simultaneous reduction in respiration and skin temperature alongside low EDA values.

EVIDENCE: Wristband-collected Electrodermal Activity (EDA) signals are prone to artifacts from electrode displacement during movement, which can produce sharp transients indistinguishable from real responses [PMC13259440]. Additionally, high ambient temperatures and humidity can elevate skin temperature independently of psychological stress or sweating mechanisms [PMC13259440].

RECOMMENDATION: Verify if the patient was moving vigorously at that moment. If motion occurred, treat the spike as an artifact; otherwise, monitor for sustained changes in respiration rate to rule out tachypnea.

DISCLAIMER: Research decision-support tool. Not a diagnostic device. Does not replace clinical judgment.","['PMC12635167_a_multimodal_stress_detection_dataset_with_facial_expression', 'PMC12828444_using_wearable_technology_to_evaluate_the_electrodermal_acti', 'PMC13259440_hybrid_feature_learning_for_wearable_stress_detection_combin', 'PMC13213813_human_experience_in_regulated_offices_hero_dataset_synchroni', 'PMC13068127_mcardiacdx_radardriven_contactless_monitoring_and_diagnosis_']",9.2
4,3150,3180,0.5205,1.2162,"Subtle distributed anomaly, gradual drift from baseline. reduced wrist_temp (z=-1.0, mean=31.01) reduced wrist_eda (z=-0.5, mean=6.69) Relevant topics: skin temperature thermal perfusion vasomotor ambient temperature sensor effects electrodermal activity skin conductance sympathetic stress arousal sweat response. Other readings: ecg mean=0.00, resp mean=0.18, bvp mean=0.04.","DETECTED: The gradual drop in wrist skin temperature and EDA suggests reduced sympathetic arousal or a shift toward parasympathetic dominance.
EVIDENCE: Skin temperature varies based on blood flow and ambient conditions [PMC12635167]. Electrodermal activity (EDA) measures sweat gland activity reflecting the body's response to stimuli; lower values may indicate less stress-related sweating [PMC12635167]. Wearable sensors like wristbands can be inaccurate or affected by artifacts, requiring careful interpretation of signal quality [PMC12635167][PMC13203100].
RECOMMENDATION: Verify if the patient is in a cool environment or resting. Check sensor contact and skin hydration for potential artifact effects before concluding on physiological status.
DISCLAIMER: Research decision-support tool. Not a diagnostic device. Does not replace clinical judgment.","['PMC12635167_a_multimodal_stress_detection_dataset_with_facial_expression', 'PMC12736534_signal_quality_assessment_and_reconstruction_of_ppgderived_s', 'PMC13213813_human_experience_in_regulated_offices_hero_dataset_synchroni', 'PMC13203100_from_biosignals_to_bedside_a_review_of_realtime_edge_machine', 'PMC12656070_printed_sensors_for_quantifying_electrodermal_activity_and_s']",9.7
4,3330,3360,0.5512,1.3226,"Robust anomaly confirmed by two independent detectors. elevated resp (z=+1.9, mean=0.74) reduced bvp (z=-1.0, mean=-1.68) Relevant topics: respiration rate breathing pattern tachypnea bradypnea ventilation photoplethysmography pulse waveform amplitude perfusion signal quality motion artifact. Other readings: ecg mean=0.00, wrist_eda mean=11.29, wrist_temp mean=31.59.","DETECTED: The pattern suggests elevated respiration with reduced blood volume pulse, potentially indicating motion artifact or an ectopic beat that did not generate a peripheral pulse.
EVIDENCE: PPG signals measure peripheral blood volume changes and are subject to mechanical smoothing during vascular propagation, making them less sensitive to brief, non-perfusing events compared to ECG [PMC12938449]. External factors like motion artifacts can decrease or modify the PPG intensity or waveform [PMC13094953]. Discrepancies between optical methods and electrical activity often reflect that ectopic beats may not produce a sufficient peripheral pulse, leading to signal dampening rather than true physiological tachypnea/bradycardia [PMC12938449].
RECOMMENDATION: Correlate with ECG if available; consider motion artifact or transient arrhythmia over isolated vital sign changes. Verify patient stability and review for movement during the 30-second window.
DISCLAIMER: Research decision-support tool. Not a diagnostic device. Does not replace clinical judgment.","['PMC13125301_mimiciiiextppg_a_ppgbased_benchmark_dataset_for_cardiovascul', 'PMC12694438_realtime_subjectspecific_predictive_modeling_of_ppg_signals_', 'PMC13094953_continuous_remote_monitoring_of_postoperative_vital_signs_wi', 'PMC12938449_clinical_validation_of_rppgenabled_contactless_pulse_rate_mo', 'PMC12853120_smartphone_applicationbased_heart_rhythm_monitoring_to_cance']",11.5
4,3360,3390,0.4833,1.291,"Abrupt isolated spike in wearable biosignals. reduced resp (z=-2.8, mean=-1.07) reduced wrist_temp (z=-0.7, mean=31.66) Relevant topics: respiration rate breathing pattern tachypnea bradypnea ventilation skin temperature thermal perfusion vasomotor ambient temperature sensor effects. Other readings: ecg mean=0.00, bvp mean=-0.24, wrist_eda mean=11.01.","DETECTED: An abrupt isolated spike in wearable signals with reduced respiration rate (-2.8 SD) and wrist temperature suggests potential motion artifact or sensor instability rather than acute physiological distress like tachypnea, as literature focuses on correcting such artifacts during activity [PMC13296462].

EVIDENCE: Research indicates that PPG-based respiration and heart rate estimates are significantly affected by motion artifacts, requiring specific signal conditioning or filtering algorithms to ensure accuracy during physical activities [PMC13296462]. Additionally, skin temperature sensors can be influenced by ambient conditions and vasomotor changes rather than solely reflecting core thermal status in short windows [PMC13068604].

RECOMMENDATION: Verify patient activity level; if moving, the pattern likely represents motion artifact. If at rest with no external cause for temperature drop or breathing change, consider clinical review to rule out vasomotor instability or hypothermia risk [PMC13068604].

DISCLAIMER: Research decision-support tool. Not a diagnostic device. Does not replace clinical judgment.","['PMC12300191_a_stability_and_aggregationbased_method_for_heart_rate_estim', 'PMC13263368_pulse_rate_variability_is_not_the_same_as_heart_rate_variabi', 'PMC13259056_physiological_monitoring_applications_of_wearable_multimodal', 'PMC13296462_respiratory_monitoring_in_motion_an_overview_of_wearable_met', 'PMC13068604_physiological_responses_to_emotional_video_stimuli_ecg_eda_a']",14.6
4,4410,4440,0.487,1.3387,"Abrupt isolated spike in wearable biosignals. reduced wrist_eda (z=-0.5, mean=7.06) elevated bvp (z=+0.4, mean=0.81) Relevant topics: electrodermal activity skin conductance sympathetic stress arousal sweat response photoplethysmography pulse waveform amplitude perfusion signal quality motion artifact. Other readings: ecg mean=0.00, resp mean=0.12, wrist_temp mean=33.15.","DETECTED: The pattern suggests a motion artifact rather than true physiological stress, as the elevated pulse signal coincides with reduced skin conductance.

EVIDENCE: Literature indicates that wrist-worn sensors often suffer from inaccurate EDA data and artifacts due to movement [PMC12635167]. Additionally, PPG signals used for heart rate estimation are frequently affected by motion artifacts which can distort the waveform amplitude .

RECOMMENDATION: Review concurrent accelerometer data or video to confirm if the patient was moving. If motion is confirmed during this 30-second window, disregard these values as they likely represent noise rather than a clinical event.

DISCLAIMER: Research decision-support tool. Not a diagnostic device. Does not replace clinical judgment.","['PMC12635167_a_multimodal_stress_detection_dataset_with_facial_expression', 'PMC12300191_a_stability_and_aggregationbased_method_for_heart_rate_estim', 'PMC12204546_determinants_of_photoplethysmography_signal_quality_at_the_w', 'PMC12736534_signal_quality_assessment_and_reconstruction_of_ppgderived_s', 'PMC13182813_automated_cardiac_arrest_detection_using_wristworn_photoplet']",10.0
4,6300,6330,0.4228,1.4438,"Abrupt isolated spike in wearable biosignals. reduced wrist_eda (z=-0.9, mean=3.23) elevated wrist_temp (z=+0.4, mean=34.00) Relevant topics: electrodermal activity skin conductance sympathetic stress arousal sweat response skin temperature thermal perfusion vasomotor ambient temperature sensor effects. Other readings: ecg mean=0.00, resp mean=-0.01, bvp mean=-0.25.","DETECTED: The pattern suggests a potential motion artifact or sensor displacement rather than genuine stress, given the isolated EDA spike paired with elevated skin temperature and stable heart rate signals.

EVIDENCE: Literature notes that collecting EDA via wristbands is not very accurate and artifacts can affect data collection results [PMC12635167]. Additionally, motion artifacts caused by electrode displacement during physical movement produce sharp signal transients indistinguishable from genuine stress responses [PMC13259440]. Skin temperature varies widely based on activity type and ambient conditions rather than just sympathetic arousal [PMC12635167].

RECOMMENDATION: Review the device's orientation in the 30-second window for sudden movement or displacement. Verify if environmental factors like increased room heat caused the skin temperature rise independently of stress. If motion is confirmed, disregard this specific anomaly as a false positive per standard signal processing guidelines [PMC13259440].

DISCLAIMER: Research decision-support tool. Not a diagnostic device. Does not replace clinical judgment.","['PMC12635167_a_multimodal_stress_detection_dataset_with_facial_expression', 'PMC13213813_human_experience_in_regulated_offices_hero_dataset_synchroni', 'PMC13068604_physiological_responses_to_emotional_video_stimuli_ecg_eda_a', 'PMC13259440_hybrid_feature_learning_for_wearable_stress_detection_combin', 'PMC12828444_using_wearable_technology_to_evaluate_the_electrodermal_acti']",10.6
4,7110,7140,0.3974,1.3537,"Abrupt isolated spike in wearable biosignals. reduced bvp (z=-1.2, mean=-1.96) reduced wrist_eda (z=-1.0, mean=2.13) Relevant topics: photoplethysmography pulse waveform amplitude perfusion signal quality motion artifact electrodermal activity skin conductance sympathetic stress arousal sweat response. Other readings: ecg mean=0.00, resp mean=0.07, wrist_temp mean=33.67.","DETECTED: The abrupt spike with reduced perfusion and skin conductance signals likely represents a motion artifact or signal quality issue rather than true physiological stress, as wearable PPG sensors are highly susceptible to movement interference [PMC12300191], [PMC12694438].

EVIDENCE: Literature indicates that wrist-based photoplethysmography (PPG) signals are significantly affected by motion artifacts, which can degrade signal quality and mimic physiological changes like reduced perfusion or sympathetic arousal [PMC12694438], [PMC12736534]. Studies emphasize the need to assess signal quality indices and distinguish between genuine autonomic responses (e.g., EDA changes) and noise caused by physical activity or poor sensor contact during daily life monitoring [PMC12204546], [PMC12300191].

RECOMMENDATION: Review the patient's activity log for concurrent movement or sensor displacement during this 30-second window. If motion is confirmed, disregard these values as unreliable; if no motion occurred and symptoms persist, consult a clinician to rule out acute perfusion issues [PMC12736534].

DISCLAIMER: Research decision-support tool. Not a diagnostic device. Does not replace clinical judgment.","['PMC12300191_a_stability_and_aggregationbased_method_for_heart_rate_estim', 'PMC12204546_determinants_of_photoplethysmography_signal_quality_at_the_w', 'PMC12110636_fully_automated_photoplethysmographybased_wearable_atrial_fi', 'PMC12694438_realtime_subjectspecific_predictive_modeling_of_ppg_signals_', 'PMC12736534_signal_quality_assessment_and_reconstruction_of_ppgderived_s']",16.8
4,7740,7770,0.4147,1.3869,"Abrupt isolated spike in wearable biosignals. reduced wrist_eda (z=-0.9, mean=3.42) reduced wrist_temp (z=-0.3, mean=32.59) Relevant topics: electrodermal activity skin conductance sympathetic stress arousal sweat response skin temperature thermal perfusion vasomotor ambient temperature sensor effects. Other readings: ecg mean=0.00, resp mean=0.09, bvp mean=0.04.","DETECTED: The abrupt EDA spike combined with reduced skin temperature likely represents a motion artifact or sensor displacement rather than genuine stress, as wrist-worn devices are prone to signal inaccuracies during movement and environmental changes.

EVIDENCE: Literature notes that collecting EDA using wristbands is not very accurate and artifacts can affect data collection results [PMC12635167]. Additionally, motion artifacts caused by electrode displacement produce sharp transients indistinguishable from genuine stress responses [PMC13259440], while skin temperature varies widely based on activity type and ambient conditions rather than just physiological state [PMC12635167].

RECOMMENDATION: Verify the device was not moved or shaken during this 30-second window. If motion occurred, disregard this spike as a likely artifact; if no movement is reported, monitor for sustained changes in skin temperature to confirm thermal regulation issues versus sensor error [PMC12635167].

DISCLAIMER: Research decision-support tool. Not a diagnostic device. Does not replace clinical judgment.","['PMC12635167_a_multimodal_stress_detection_dataset_with_facial_expression', 'PMC13213813_human_experience_in_regulated_offices_hero_dataset_synchroni', 'PMC13068604_physiological_responses_to_emotional_video_stimuli_ecg_eda_a', 'PMC13259440_hybrid_feature_learning_for_wearable_stress_detection_combin', 'PMC12828444_using_wearable_technology_to_evaluate_the_electrodermal_acti']",10.2
5,510,540,0.442,1.3484,"Abrupt isolated spike in wearable biosignals. reduced wrist_eda (z=-0.5, mean=6.90) elevated wrist_temp (z=+0.4, mean=34.15) Relevant topics: electrodermal activity skin conductance sympathetic stress arousal sweat response skin temperature thermal perfusion vasomotor ambient temperature sensor effects. Other readings: ecg mean=0.00, resp mean=0.14, bvp mean=0.41.","DETECTED: The pattern suggests a potential motion artifact or sensor displacement rather than genuine stress, given the simultaneous drop in EDA and rise in skin temperature alongside other flat signals.

EVIDENCE: Wrist-worn EDA sensors are noted to be inaccurate with artifacts affecting data collection; sharp signal transients from electrode movement can mimic real responses [PMC12635167]. Additionally, high ambient temperatures or poor contact pressure cause baseline drift and elevated tonic skin conductance levels independently of psychological stress [PMC13259440]. Skin temperature varies widely based on activity type and ambient conditions rather than just sympathetic arousal [PMC12635167].

RECOMMENDATION: Verify device fit, check for sweat or moisture affecting electrodes, and review concurrent accelerometer data to rule out movement artifacts before interpreting the EDA spike as stress.

DISCLAIMER: Research decision-support tool. Not a diagnostic device. Does not replace clinical judgment.","['PMC12635167_a_multimodal_stress_detection_dataset_with_facial_expression', 'PMC13213813_human_experience_in_regulated_offices_hero_dataset_synchroni', 'PMC13068604_physiological_responses_to_emotional_video_stimuli_ecg_eda_a', 'PMC13259440_hybrid_feature_learning_for_wearable_stress_detection_combin', 'PMC12828444_using_wearable_technology_to_evaluate_the_electrodermal_acti']",9.5
5,1380,1410,0.5105,1.0633,"Subtle distributed anomaly, gradual drift from baseline. elevated resp (z=+0.8, mean=0.32) elevated wrist_eda (z=+0.6, mean=18.76) Relevant topics: respiration rate breathing pattern tachypnea bradypnea ventilation electrodermal activity skin conductance sympathetic stress arousal sweat response. Other readings: ecg mean=-0.00, bvp mean=0.39, wrist_temp mean=34.03.","DETECTED: The pattern suggests mild sympathetic arousal or stress response, indicated by elevated respiration rate and wrist electrodermal activity.
EVIDENCE: Elevated skin conductance (wrist EDA) is a known indicator of sweat response associated with sympathetic stress and arousal [PMC12736534]. Increased respiratory rate can be linked to tachypnea or general physiological stress, though wearable PPG metrics like HRV (e.g., RMSSD) often show systematic overestimation that complicates precise autonomic assessment [PMC12736534].
RECOMMENDATION: Monitor for clinical signs of distress or tachypnea; consider context such as anxiety, exertion, or environmental factors. If symptoms persist or worsen, seek further evaluation per standard protocols [PMC12912879].
DISCLAIMER: Research decision-support tool. Not a diagnostic device. Does not replace clinical judgment.","['PMC12736534_signal_quality_assessment_and_reconstruction_of_ppgderived_s', 'PMC11679670_wearable_solutions_using_physiological_signals_for_stress_mo', 'PMC12912879_novel_type_iv_monitoring_device_with_advanced_oximetry_indic', 'ESC 2018 — Guidelines for the Diagnosis and Management of Syncope', 'PMC12948591_patientled_smartwatch_ecg_followup_strategy_after_af_ablatio']",10.9
5,1440,1470,0.5188,1.0976,"Subtle distributed anomaly, gradual drift from baseline. elevated wrist_eda (z=+0.8, mean=20.89) reduced resp (z=-0.7, mean=-0.24) Relevant topics: electrodermal activity skin conductance sympathetic stress arousal sweat response respiration rate breathing pattern tachypnea bradypnea ventilation. Other readings: ecg mean=0.00, bvp mean=-0.49, wrist_temp mean=34.49.","DETECTED: Elevated wrist EDA suggests sympathetic arousal (stress), while reduced respiration may indicate bradypnea or signal artifact; however, PPG-derived metrics like RMSSD and HF power often show systematic overestimation bias that complicates interpretation [PMC12736534].
EVIDENCE: Wrist-based EDA collection is noted as not very accurate with potential artifacts affecting data results [PMC12635167]. High ambient temperature can elevate tonic skin conductance independently of psychological stress, potentially mimicking elevated arousal signals [PMC13259440]. PPG-derived HRV metrics such as RMSSD and HF power are particularly prone to systematic overestimation compared to ECG ground truth, even with refined processing methods [PMC12736534].
RECOMMENDATION: Correlate wearable findings with clinical context (e.g., ambient temperature) rather than relying solely on raw values. If possible, validate against a gold-standard reference or use signal quality assessment to filter noisy epochs before analysis [PMC12736534][PMC12608435].
DISCLAIMER: Research decision-support tool. Not a diagnostic device. Does not replace clinical judgment.","['PMC12736534_signal_quality_assessment_and_reconstruction_of_ppgderived_s', 'PMC12635167_a_multimodal_stress_detection_dataset_with_facial_expression', 'PMC13259440_hybrid_feature_learning_for_wearable_stress_detection_combin', 'PMC12608435_shortterm_detection_of_dynamic_stress_levels_in_exergaming_w', 'PMC12204546_determinants_of_photoplethysmography_signal_quality_at_the_w']",11.5
5,1470,1500,0.5159,1.0677,"Subtle distributed anomaly, gradual drift from baseline. elevated resp (z=+1.4, mean=0.55) elevated wrist_eda (z=+0.8, mean=20.78) Relevant topics: respiration rate breathing pattern tachypnea bradypnea ventilation electrodermal activity skin conductance sympathetic stress arousal sweat response. Other readings: ecg mean=-0.00, bvp mean=-0.64, wrist_temp mean=34.53.","DETECTED: The gradual rise in respiration rate (z=+1.4) alongside elevated skin conductance suggests increased sympathetic arousal or stress rather than respiratory failure.
EVIDENCE: Research indicates that wrist-worn PPG signals often overestimate parasympathetic metrics like HF power, making it difficult to distinguish true physiological states from signal artifacts without advanced processing [PMC12736534]. Additionally, elevated electrodermal activity is a known indicator of sympathetic stress and arousal in real-time applications [PMC11679670].
RECOMMENDATION: Monitor for clinical signs of distress; the pattern aligns with stress response rather than acute respiratory compromise based on current wearable signal limitations.
DISCLAIMER: Research decision-support tool. Not a diagnostic device. Does not replace clinical judgment.","['PMC12736534_signal_quality_assessment_and_reconstruction_of_ppgderived_s', 'PMC11679670_wearable_solutions_using_physiological_signals_for_stress_mo', 'PMC12912879_novel_type_iv_monitoring_device_with_advanced_oximetry_indic', 'ESC 2018 — Guidelines for the Diagnosis and Management of Syncope', 'PMC13210545_signal_quality_of_reflectivemode_photoplethysmograms_across_']",10.1
5,1500,1530,0.5943,1.0826,"Subtle distributed anomaly, gradual drift from baseline. elevated wrist_eda (z=+0.8, mean=20.96) elevated wrist_temp (z=+0.6, mean=34.42) Relevant topics: electrodermal activity skin conductance sympathetic stress arousal sweat response skin temperature thermal perfusion vasomotor ambient temperature sensor effects. Other readings: ecg mean=-0.00, resp mean=-0.03, bvp mean=0.90.","DETECTED: The pattern suggests a gradual increase in sympathetic arousal and skin perfusion rather than an acute stress event.
EVIDENCE: Elevated wrist EDA reflects sweat gland activity indicating autonomic response [PMC12635167]. Increased skin temperature indicates changes in blood flow or thermal regulation, which can vary based on ambient conditions [PMC12635167]. A gradual drift is often caused by non-physiological factors like changing ambient temperature rather than a discrete stimulus [PMC13203100].
RECOMMENDATION: Review environmental logs for recent changes in room temperature or humidity, as these can elevate skin conductance and temperature independently of psychological stress [PMC13259440]. Verify sensor contact pressure to ensure the gradual drift is not due to shifting electrode impedance over time [PMC13203100].
DISCLAIMER: Research decision-support tool. Not a diagnostic device. Does not replace clinical judgment.","['PMC12635167_a_multimodal_stress_detection_dataset_with_facial_expression', 'PMC13259440_hybrid_feature_learning_for_wearable_stress_detection_combin', 'PMC13213813_human_experience_in_regulated_offices_hero_dataset_synchroni', 'PMC12736534_signal_quality_assessment_and_reconstruction_of_ppgderived_s', 'PMC13203100_from_biosignals_to_bedside_a_review_of_realtime_edge_machine']",10.3
5,1530,1560,0.5599,1.2195,"Subtle distributed anomaly, gradual drift from baseline. elevated bvp (z=+1.0, mean=1.88) elevated wrist_eda (z=+0.7, mean=19.46) Relevant topics: photoplethysmography pulse waveform amplitude perfusion signal quality motion artifact electrodermal activity skin conductance sympathetic stress arousal sweat response. Other readings: ecg mean=0.00, resp mean=0.03, wrist_temp mean=34.21.","DETECTED: The pattern suggests mild sympathetic arousal or stress, potentially influenced by sensor position (e.g., arm not at heart height) which degrades PPG quality.
EVIDENCE: EDA reflects sweat gland activity modulated by the autonomic nervous system in response to emotional arousal or cognitive load [PMC12789550]. Wrist PPG signals are highly susceptible to noise and degradation under poor perfusion, with signal quality varying significantly based on posture (e.g., standing vs. supine) and arm height relative to the heart [PMC12204546]. EDA peaks can be event-related estimators of body response to stimuli but may contain artifacts in wristband collection [PMC12635167].
RECOMMENDATION: Verify sensor placement (arm at heart level) and check for motion; consider multimodal confirmation if stress detection is critical.
DISCLAIMER: Research decision-support tool. Not a diagnostic device. Does not replace clinical judgment.","['PMC12204546_determinants_of_photoplethysmography_signal_quality_at_the_w', 'PMC12736534_signal_quality_assessment_and_reconstruction_of_ppgderived_s', 'PMC12635167_a_multimodal_stress_detection_dataset_with_facial_expression', 'PMC12789550_wearable_devices_for_anxiety_assessment_a_systematic_review', 'PMC12694438_realtime_subjectspecific_predictive_modeling_of_ppg_signals_']",10.5
5,1560,1590,0.5436,1.1033,"Subtle distributed anomaly, gradual drift from baseline. reduced bvp (z=-1.0, mean=-1.74) reduced ecg (z=-0.9, mean=-0.00) Relevant topics: photoplethysmography pulse waveform amplitude perfusion signal quality motion artifact electrocardiogram rhythm irregularity heart rate variability arrhythmia ectopic beats. Other readings: resp mean=0.18, wrist_eda mean=19.40, wrist_temp mean=34.00.","DETECTED: The gradual reduction in both BVP and ECG signals suggests a transient rhythm irregularity, such as an ectopic beat that did not generate a strong peripheral pulse.
EVIDENCE: Optical methods like rPPG measure blood volume changes which are subject to mechanical smoothing during vascular propagation; consequently, they may miss brief, non-perfusing ectopic events compared to ECG, which precisely tracks electrical activity [PMC12938449]. This inherent limitation means optical monitoring can underestimate transient arrhythmic events where the heart's electrical signal is present but the peripheral pulse wave is dampened or absent [PMC12938449].
RECOMMENDATION: Prioritize ECG data over BVP for rhythm assessment in this window, as ECG excels at detecting fine-grained electrical activity and arrhythmias while optical methods provide stable perfusion trends [PMC12938449]. Clinical follow-up should focus on the ECG signal to confirm if ectopic beats are occurring.
DISCLAIMER: Research decision-support tool. Not a diagnostic device. Does not replace clinical judgment.","['PMC12938449_clinical_validation_of_rppgenabled_contactless_pulse_rate_mo', 'PMC13125301_mimiciiiextppg_a_ppgbased_benchmark_dataset_for_cardiovascul', 'PMC12694438_realtime_subjectspecific_predictive_modeling_of_ppg_signals_', 'PMC12031393_reliable_ecg_anomaly_detection_on_edge_devices_for_internet_', 'PMC13301328_a_photoplethysmographybased_algorithm_for_early_atrial_fibri']",11.8
5,1590,1620,0.5305,1.14,"Subtle distributed anomaly, gradual drift from baseline. elevated bvp (z=+2.0, mean=3.46) reduced resp (z=-1.5, mean=-0.57) Relevant topics: photoplethysmography pulse waveform amplitude perfusion signal quality motion artifact respiration rate breathing pattern tachypnea bradypnea ventilation. Other readings: ecg mean=-0.00, wrist_eda mean=18.77, wrist_temp mean=33.87.","DETECTED: The pattern suggests a potential motion artifact or signal quality issue rather than true physiological change, as PPG signals are mechanically smoothed and less sensitive to transient events compared to ECG.

EVIDENCE: Optical methods like rPPG measure peripheral blood volume changes which undergo mechanical smoothing during vascular propagation; consequently, they may miss brief non-perfusing beats that an electrical monitor (ECG) would detect [PMC12938449]. Additionally, PPG signals are inherently subject to motion artifacts and require specific reduction techniques for reliable selection in real-world settings [PMC12694438].

RECOMMENDATION: Verify signal quality indices (SQI) or check the device for movement. Do not interpret this isolated PPG drift as a definitive clinical event without corroborating ECG data, which is superior for detecting transient rhythm irregularities [PMC12938449].

DISCLAIMER: Research decision-support tool. Not a diagnostic device. Does not replace clinical judgment.","['PMC12694438_realtime_subjectspecific_predictive_modeling_of_ppg_signals_', 'PMC12938449_clinical_validation_of_rppgenabled_contactless_pulse_rate_mo', 'PMC13125301_mimiciiiextppg_a_ppgbased_benchmark_dataset_for_cardiovascul', 'PMC12989444_colorfilterarraybased_multispectral_photoplethysmography_opt', 'PMC13210545_signal_quality_of_reflectivemode_photoplethysmograms_across_']",11.9
5,1620,1650,0.5101,1.0583,"Subtle distributed anomaly, gradual drift from baseline. elevated resp (z=+0.6, mean=0.26) elevated wrist_eda (z=+0.4, mean=16.98) Relevant topics: respiration rate breathing pattern tachypnea bradypnea ventilation electrodermal activity skin conductance sympathetic stress arousal sweat response. Other readings: ecg mean=0.00, bvp mean=-0.46, wrist_temp mean=33.73.","DETECTED: The gradual rise in respiration rate (z=+0.6) combined with elevated skin conductance suggests increased sympathetic arousal or stress response rather than acute respiratory distress like tachypnea alone [PMC12736534].

EVIDENCE: Research indicates that wrist-worn PPG sensors often overestimate parasympathetic-sensitive metrics (like HRV) and may struggle with signal quality during movement or stress, potentially leading to false interpretations of physiological drift [PMC12736534]. Additionally, wrist-worn devices show higher error rates in heart rate estimation compared to facial sites due to missed pulse peaks and motion artifacts [PMC13210545].

RECOMMENDATION: Verify signal quality by checking for motion artifact or poor contact; consider this a stress-related arousal pattern rather than immediate respiratory failure unless accompanied by severe symptoms. Monitor closely and reassess if the drift persists or worsens [PMC12736534].

DISCLAIMER: Research decision-support tool. Not a diagnostic device. Does not replace clinical judgment.","['PMC12736534_signal_quality_assessment_and_reconstruction_of_ppgderived_s', 'PMC11679670_wearable_solutions_using_physiological_signals_for_stress_mo', 'PMC12912879_novel_type_iv_monitoring_device_with_advanced_oximetry_indic', 'ESC 2018 — Guidelines for the Diagnosis and Management of Syncope', 'PMC13210545_signal_quality_of_reflectivemode_photoplethysmograms_across_']",12.5
5,1650,1680,0.52,1.1765,"Subtle distributed anomaly, gradual drift from baseline. reduced bvp (z=-1.5, mean=-2.60) reduced resp (z=-0.5, mean=-0.17) Relevant topics: photoplethysmography pulse waveform amplitude perfusion signal quality motion artifact respiration rate breathing pattern tachypnea bradypnea ventilation. Other readings: ecg mean=0.00, wrist_eda mean=16.00, wrist_temp mean=33.62.","DETECTED: The gradual drop in blood volume pulse (bvp) likely reflects motion artifacts or signal quality issues rather than true bradycardia, as PPG signals are mechanically smoothed during vascular propagation [PMC12938449]. Reduced respiration readings may also stem from motion interference affecting respiratory extraction algorithms [PMC12694438].

EVIDENCE: Literature indicates PPG measures peripheral blood volume changes, making it less sensitive to brief non-perfusing events compared to ECG and prone to mechanical smoothing that dampens transient signals [PMC12938449]. Motion artifacts are a primary cause of reduced signal amplitude in wearable sensors, requiring specific reduction techniques for reliable selection [PMC12694438].

RECOMMENDATION: Verify patient movement and sensor contact; if motion is present, the bvp drift may be artifactual. Correlate with ECG to distinguish true heart rate changes from PPG limitations [PMC12938449].

DISCLAIMER: Research decision-support tool. Not a diagnostic device. Does not replace clinical judgment.","['PMC12694438_realtime_subjectspecific_predictive_modeling_of_ppg_signals_', 'PMC12989444_colorfilterarraybased_multispectral_photoplethysmography_opt', 'PMC13125301_mimiciiiextppg_a_ppgbased_benchmark_dataset_for_cardiovascul', 'PMC12938449_clinical_validation_of_rppgenabled_contactless_pulse_rate_mo', 'PMC13263368_pulse_rate_variability_is_not_the_same_as_heart_rate_variabi']",13.8
5,2190,2220,0.5023,1.1915,"Subtle distributed anomaly, gradual drift from baseline. elevated bvp (z=+1.0, mean=1.84) elevated resp (z=+1.0, mean=0.40) Relevant topics: photoplethysmography pulse waveform amplitude perfusion signal quality motion artifact respiration rate breathing pattern tachypnea bradypnea ventilation. Other readings: ecg mean=0.00, wrist_eda mean=7.42, wrist_temp mean=33.89.","DETECTED: A gradual increase in heart rate and respiration with stable ECG suggests either physiological tachypnea or motion artifact affecting optical sensors.
EVIDENCE: Optical methods like rPPG measure peripheral blood volume changes, which can be smoothed by vascular propagation and may miss transient events compared to direct electrical activity from ECG [PMC12938449]. PPG signals are highly susceptible to movement artifacts that disrupt the signal with noise, often requiring acceleration data for quality checks [PMC12282364].
RECOMMENDATION: Verify if the patient is moving; check sensor contact and skin perfusion. If motion persists or symptoms exist, prioritize ECG interpretation over optical pulse rate trends [PMC12938449].
DISCLAIMER: Research decision-support tool. Not a diagnostic device. Does not replace clinical judgment.","['PMC12938449_clinical_validation_of_rppgenabled_contactless_pulse_rate_mo', 'PMC12694438_realtime_subjectspecific_predictive_modeling_of_ppg_signals_', 'PMC13125301_mimiciiiextppg_a_ppgbased_benchmark_dataset_for_cardiovascul', 'PMC13210545_signal_quality_of_reflectivemode_photoplethysmograms_across_', 'PMC12282364_photoplethysmography_in_recentonset_atrial_fibrillation_auto']",12.3
5,2460,2490,0.5341,1.1339,"Subtle distributed anomaly, gradual drift from baseline. reduced bvp (z=-0.6, mean=-1.00) reduced wrist_eda (z=-0.6, mean=6.52) Relevant topics: photoplethysmography pulse waveform amplitude perfusion signal quality motion artifact electrodermal activity skin conductance sympathetic stress arousal sweat response. Other readings: ecg mean=0.00, resp mean=0.06, wrist_temp mean=32.38.","DETECTED: The gradual reduction in blood volume pulse (BVP) and wrist electrodermal activity likely indicates motion artifacts or poor sensor contact rather than a physiological event, as these signals are highly susceptible to noise from movement [PMC12204546].

EVIDENCE: Wrist PPG signals are widely used but highly susceptible to noise which reduces accuracy; quality is lowest when standing with the arm hanging alongside and improves significantly if the sensor is raised or held in a more stable position like the lap [PMC12204546]. Numerous studies focus on detecting and reducing motion artifacts using adaptive filters, blind source separation, and multi-channel sensors to ensure reliable heart rate estimation during physical activity [PMC12736534].

RECOMMENDATION: Verify the patient's posture (ensure arm is at heart level) and check for motion or loose sensor contact. If artifacts persist, consider using algorithms designed to remove noise from acceleration data before clinical interpretation [PMC12736534].

DISCLAIMER: Research decision-support tool. Not a diagnostic device. Does not replace clinical judgment.","['PMC12204546_determinants_of_photoplethysmography_signal_quality_at_the_w', 'PMC12736534_signal_quality_assessment_and_reconstruction_of_ppgderived_s', 'PMC12694438_realtime_subjectspecific_predictive_modeling_of_ppg_signals_', 'PMC12989444_colorfilterarraybased_multispectral_photoplethysmography_opt', 'PMC12110636_fully_automated_photoplethysmographybased_wearable_atrial_fi']",13.2
5,2490,2520,0.5035,1.1132,"Subtle distributed anomaly, gradual drift from baseline. elevated bvp (z=+1.1, mean=2.00) reduced wrist_eda (z=-0.5, mean=7.16) Relevant topics: photoplethysmography pulse waveform amplitude perfusion signal quality motion artifact electrodermal activity skin conductance sympathetic stress arousal sweat response. Other readings: ecg mean=0.00, resp mean=0.11, wrist_temp mean=32.40.","DETECTED: The pattern suggests a potential motion artifact or posture change affecting wrist sensor accuracy, rather than true physiological stress given reduced sweat response alongside elevated pulse amplitude.

EVIDENCE: Wrist PPG signals are highly susceptible to noise influenced by body position; quality is lowest when standing with the arm hanging and improves as the arm is raised to heart height [PMC12204546]. Additionally, EDA measurements from wristbands can be inaccurate or fail to capture data due to artifacts in some subjects [PMC12635167].

RECOMMENDATION: Verify device placement and ensure the user's arm is supported at heart level. If motion occurred during this window, consider discarding these specific 30 seconds as unreliable per guidelines on signal quality determinants [PMC12204546] and EDA limitations [PMC12635167].

DISCLAIMER: Research decision-support tool. Not a diagnostic device. Does not replace clinical judgment.","['PMC12204546_determinants_of_photoplethysmography_signal_quality_at_the_w', 'PMC12736534_signal_quality_assessment_and_reconstruction_of_ppgderived_s', 'PMC12989444_colorfilterarraybased_multispectral_photoplethysmography_opt', 'PMC12694438_realtime_subjectspecific_predictive_modeling_of_ppg_signals_', 'PMC12635167_a_multimodal_stress_detection_dataset_with_facial_expression']",10.5
5,2520,2550,0.5085,1.3704,"Robust anomaly confirmed by two independent detectors. reduced bvp (z=-0.8, mean=-1.34) reduced wrist_eda (z=-0.4, mean=7.81) Relevant topics: photoplethysmography pulse waveform amplitude perfusion signal quality motion artifact electrodermal activity skin conductance sympathetic stress arousal sweat response. Other readings: ecg mean=0.00, resp mean=0.15, wrist_temp mean=32.57.","DETECTED: The anomaly suggests reduced signal quality for pulse and sweat sensors, likely due to motion artifacts or suboptimal sensor positioning rather than acute physiological distress.

EVIDENCE: Wrist PPG signals are highly susceptible to noise which can reduce accuracy [PMC12204546]. Signal quality is lowest when standing with the arm hanging alongside compared to supine positions where quality is greatest, and increases as the arm is raised to heart height [PMC12204546]. Differentiation of true arrhythmias from noise arising from motion or physiological variations requires sophisticated algorithms [PMC12110636].

RECOMMENDATION: Verify patient posture; ensure the wrist sensor is at heart level and not hanging loosely. If possible, reposition to a supine state with arm resting in lap for better signal quality [PMC12204546]. Re-evaluate after motion subsides or if contact pressure changes [PMC12960368].

DISCLAIMER: Research decision-support tool. Not a diagnostic device. Does not replace clinical judgment.","['PMC12204546_determinants_of_photoplethysmography_signal_quality_at_the_w', 'PMC12300191_a_stability_and_aggregationbased_method_for_heart_rate_estim', 'PMC12110636_fully_automated_photoplethysmographybased_wearable_atrial_fi', 'PMC12960368_an_adjustable_smart_ring_to_monitor_pulse_rate_and_periphera', 'PMC12736534_signal_quality_assessment_and_reconstruction_of_ppgderived_s']",10.9
5,2550,2580,0.5379,1.8794,"Robust anomaly confirmed by two independent detectors. reduced bvp (z=-0.9, mean=-1.43) reduced wrist_eda (z=-0.4, mean=7.86) Relevant topics: photoplethysmography pulse waveform amplitude perfusion signal quality motion artifact electrodermal activity skin conductance sympathetic stress arousal sweat response. Other readings: ecg mean=-0.00, resp mean=0.13, wrist_temp mean=33.20.","DETECTED: Reduced BVP and wrist EDA suggest potential motion artifact or poor signal quality rather than a physiological event, as PPG signals at the wrist are highly susceptible to noise during movement [PMC12204546].

EVIDENCE: Wrist photoplethysmogram (PPG) signals are widely used but highly susceptible to noise which can reduce accuracy of monitored parameters; quality is lowest when standing with arms hanging, increasing as the arm is raised or held in lap [PMC12204546]. Accurate detection requires algorithms that differentiate true arrhythmias from artifacts arising from motion or physiological variations [PMC12110636].

RECOMMENDATION: Verify if the patient was moving during this window; consider discarding data as artifact until stability is confirmed.

DISCLAIMER: Research decision-support tool. Not a diagnostic device. Does not replace clinical judgment.","['PMC12204546_determinants_of_photoplethysmography_signal_quality_at_the_w', 'PMC12300191_a_stability_and_aggregationbased_method_for_heart_rate_estim', 'PMC12110636_fully_automated_photoplethysmographybased_wearable_atrial_fi', 'PMC12736534_signal_quality_assessment_and_reconstruction_of_ppgderived_s', 'PMC12960368_an_adjustable_smart_ring_to_monitor_pulse_rate_and_periphera']",9.9
5,2580,2610,0.5306,1.4824,"Robust anomaly confirmed by two independent detectors. reduced resp (z=-0.5, mean=-0.17) reduced wrist_eda (z=-0.4, mean=7.75) Relevant topics: respiration rate breathing pattern tachypnea bradypnea ventilation electrodermal activity skin conductance sympathetic stress arousal sweat response. Other readings: ecg mean=0.00, bvp mean=-0.37, wrist_temp mean=33.83.","DETECTED: The pattern suggests a physiological stress response or sympathetic arousal, indicated by reduced respiration and decreased skin conductance (wrist EDA).
EVIDENCE: Research indicates that electrodermal activity reflects sweat responses to sympathetic stress and arousal [PMC13074453]. Additionally, wrist-worn sensors can detect changes in respiratory rate and ventilation patterns relevant to tachypnea or bradypnea contexts [PMC12989444].
RECOMMENDATION: Verify if the patient is experiencing stress, anxiety, or physical exertion. If symptoms persist or worsen, consult clinical guidelines for further assessment of respiratory status and sympathetic activity.
DISCLAIMER: Research decision-support tool. Not a diagnostic device. Does not replace clinical judgment.","['PMC13074453_from_sensing_to_sensemaking_a_framework_for_onperson_intelli', 'PMC12736534_signal_quality_assessment_and_reconstruction_of_ppgderived_s', 'PMC13094953_continuous_remote_monitoring_of_postoperative_vital_signs_wi', 'PMC11679670_wearable_solutions_using_physiological_signals_for_stress_mo', 'PMC12989444_colorfilterarraybased_multispectral_photoplethysmography_opt']",10.3
5,2610,2640,0.5607,1.2662,"Subtle distributed anomaly, gradual drift from baseline. elevated bvp (z=+1.9, mean=3.41) reduced wrist_eda (z=-0.5, mean=7.11) Relevant topics: photoplethysmography pulse waveform amplitude perfusion signal quality motion artifact electrodermal activity skin conductance sympathetic stress arousal sweat response. Other readings: ecg mean=0.00, resp mean=-0.03, wrist_temp mean=34.21.","DETECTED: The pattern suggests a potential motion artifact or posture change affecting wrist signal quality, as elevated blood volume pulse (BVP) often accompanies reduced electrodermal activity (EDA) when the arm is not at heart level [PMC12204546]. Additionally, EDA signals from wristbands are known to be less accurate and prone to artifacts compared to other modalities [PMC12635167].

EVIDENCE: PPG signal quality degrades significantly when the arm hangs alongside the body versus being raised or resting in the lap; posture changes can cause gradual drifts similar to this anomaly [PMC12204546]. Wrist-worn EDA is explicitly noted as not very accurate and susceptible to artifacts that may affect data collection results [PMC12635167].

RECOMMENDATION: Verify the user's posture; if standing with arms hanging, signal quality will be lowest. Consider raising the arm or checking for motion interference before interpreting stress metrics from EDA alone [PMC12204546], [PMC12635167].

DISCLAIMER: Research decision-support tool. Not a diagnostic device. Does not replace clinical judgment.","['PMC12204546_determinants_of_photoplethysmography_signal_quality_at_the_w', 'PMC12736534_signal_quality_assessment_and_reconstruction_of_ppgderived_s', 'PMC12694438_realtime_subjectspecific_predictive_modeling_of_ppg_signals_', 'PMC12635167_a_multimodal_stress_detection_dataset_with_facial_expression', 'PMC12989444_colorfilterarraybased_multispectral_photoplethysmography_opt']",11.9
5,2640,2670,0.5491,1.2397,"Subtle distributed anomaly, gradual drift from baseline. elevated wrist_temp (z=+0.4, mean=34.07) reduced wrist_eda (z=-0.4, mean=8.51) Relevant topics: skin temperature thermal perfusion vasomotor ambient temperature sensor effects electrodermal activity skin conductance sympathetic stress arousal sweat response. Other readings: ecg mean=-0.00, resp mean=0.09, bvp mean=0.14.","DETECTED: The pattern suggests mild sympathetic arousal or environmental influence, as elevated skin temperature often indicates increased blood flow while reduced electrodermal activity (EDA) can result from ambient heat rather than stress.

EVIDENCE: Skin temperature varies based on activities and ambient temperature due to changes in skin blood flow [PMC12635167]. High ambient temperatures can elevate the tonic EDA baseline independently of psychological stress, potentially reducing measured conductance values [PMC13259440]. Additionally, wristband-based EDA collection is noted as not very accurate and susceptible to artifacts that may affect data results [PMC12635167].

RECOMMENDATION: Monitor ambient temperature conditions; if elevated, the reduced EDA likely reflects thermal effects rather than stress. Verify sensor contact stability given known inaccuracies in wristband EDA measurements [PMC12635167].

DISCLAIMER: Research decision-support tool. Not a diagnostic device. Does not replace clinical judgment.","['PMC12635167_a_multimodal_stress_detection_dataset_with_facial_expression', 'PMC12736534_signal_quality_assessment_and_reconstruction_of_ppgderived_s', 'PMC13213813_human_experience_in_regulated_offices_hero_dataset_synchroni', 'PMC13259440_hybrid_feature_learning_for_wearable_stress_detection_combin', 'PMC13068604_physiological_responses_to_emotional_video_stimuli_ecg_eda_a']",10.3
5,2670,2700,0.5048,1.0662,"Subtle distributed anomaly, gradual drift from baseline. reduced bvp (z=-1.0, mean=-1.72) elevated resp (z=+0.5, mean=0.19) Relevant topics: photoplethysmography pulse waveform amplitude perfusion signal quality motion artifact respiration rate breathing pattern tachypnea bradypnea ventilation. Other readings: ecg mean=0.00, wrist_eda mean=11.90, wrist_temp mean=34.03.","DETECTED: The pattern suggests a gradual reduction in blood volume pulse amplitude (reduced perfusion signal) accompanied by slightly elevated respiration, which may indicate motion artifact or early signs of tachypnea rather than true bradycardia.

EVIDENCE: PPG signals measure peripheral blood volume changes and are subject to mechanical smoothing during vascular propagation; they can underestimate transient events compared to ECG [PMC12938449]. Motion artifacts significantly affect photoplethysmographic peak detection and signal quality, often causing reduced waveform amplitude that mimics perfusion issues or heart rate drops [PMC12694438][PMC12989444].

RECOMMENDATION: Verify signal quality by checking for motion; if artifacts are present, the reduced amplitude is likely technical. If no motion exists and tachypnea persists, monitor respiratory rate closely as per clinical guidelines on ventilation patterns [PMC12694438].

DISCLAIMER: Research decision-support tool. Not a diagnostic device. Does not replace clinical judgment.","['PMC12694438_realtime_subjectspecific_predictive_modeling_of_ppg_signals_', 'PMC13125301_mimiciiiextppg_a_ppgbased_benchmark_dataset_for_cardiovascul', 'PMC12938449_clinical_validation_of_rppgenabled_contactless_pulse_rate_mo', 'PMC12989444_colorfilterarraybased_multispectral_photoplethysmography_opt', 'PMC13263368_pulse_rate_variability_is_not_the_same_as_heart_rate_variabi']",13.1
5,2730,2760,0.5391,1.1376,"Subtle distributed anomaly, gradual drift from baseline. reduced resp (z=-0.8, mean=-0.28) reduced bvp (z=-0.7, mean=-1.24) Relevant topics: respiration rate breathing pattern tachypnea bradypnea ventilation photoplethysmography pulse waveform amplitude perfusion signal quality motion artifact. Other readings: ecg mean=0.00, wrist_eda mean=17.92, wrist_temp mean=34.36.","DETECTED: The pattern suggests a gradual reduction in breathing depth (reduced resp) and blood volume pulse amplitude (reduced bvp), which may indicate motion artifact or signal quality issues rather than true physiological bradypnea, as PPG signals are mechanically smoothed during vascular propagation [PMC12938449].

EVIDENCE: Literature indicates that discrepancies between ECG and optical methods occur because rPPG measures peripheral blood volume changes, making it less sensitive to brief events compared to direct electrical activity tracking by ECG [PMC12938449]. Additionally, PPG signals are subject to mechanical smoothing during vascular propagation, which can dampen transient arrhythmic or perfusion-related events [PMC12938449].

RECOMMENDATION: Verify signal quality and check for motion artifacts before interpreting the reduced values as clinical bradypnea. Consider that optical methods may underestimate transient changes compared to ECG references [PMC12938449].

DISCLAIMER: Research decision-support tool. Not a diagnostic device. Does not replace clinical judgment.","['PMC12694438_realtime_subjectspecific_predictive_modeling_of_ppg_signals_', 'PMC12989444_colorfilterarraybased_multispectral_photoplethysmography_opt', 'PMC13125301_mimiciiiextppg_a_ppgbased_benchmark_dataset_for_cardiovascul', 'PMC12938449_clinical_validation_of_rppgenabled_contactless_pulse_rate_mo', 'PMC13263368_pulse_rate_variability_is_not_the_same_as_heart_rate_variabi']",12.3
5,2760,2790,0.5471,1.1954,"Subtle distributed anomaly, gradual drift from baseline. reduced resp (z=-3.3, mean=-1.26) elevated bvp (z=+1.1, mean=1.93) Relevant topics: respiration rate breathing pattern tachypnea bradypnea ventilation photoplethysmography pulse waveform amplitude perfusion signal quality motion artifact. Other readings: ecg mean=0.00, wrist_eda mean=15.63, wrist_temp mean=34.54.","DETECTED: The pattern suggests a potential motion artifact or signal quality issue rather than true physiological change, as PPG signals can be mechanically smoothed and may miss transient events.
EVIDENCE: ECG captures direct electrical activity making it sensitive to rhythm changes, while rPPG/PPG measures peripheral blood volume which is subject to mechanical smoothing during vascular propagation [PMC12938449]. Consequently, optical methods like PPG provide stable monitoring of perfused pulse trends but may underestimate transient arrhythmic events or fail when ectopic beats do not produce sufficient peripheral pulses compared to ECG references [PMC12938449].
RECOMMENDATION: Verify signal quality and check for motion artifact; compare with a simultaneous ECG if available, as PPG limitations are well-documented in arrhythmic conditions or during movement.
DISCLAIMER: Research decision-support tool. Not a diagnostic device. Does not replace clinical judgment.","['PMC12694438_realtime_subjectspecific_predictive_modeling_of_ppg_signals_', 'PMC13125301_mimiciiiextppg_a_ppgbased_benchmark_dataset_for_cardiovascul', 'PMC12989444_colorfilterarraybased_multispectral_photoplethysmography_opt', 'PMC12938449_clinical_validation_of_rppgenabled_contactless_pulse_rate_mo', 'PMC13301328_a_photoplethysmographybased_algorithm_for_early_atrial_fibri']",10.8
5,2790,2820,0.5438,1.1792,"Subtle distributed anomaly, gradual drift from baseline. reduced resp (z=-1.0, mean=-0.37) reduced ecg (z=-0.7, mean=-0.00) Relevant topics: respiration rate breathing pattern tachypnea bradypnea ventilation electrocardiogram rhythm irregularity heart rate variability arrhythmia ectopic beats. Other readings: bvp mean=-0.68, wrist_eda mean=14.97, wrist_temp mean=34.62.","DETECTED: The gradual drift suggests transient rhythm irregularities or ectopic beats that may not be fully captured by optical sensors like rPPG/ECG due to mechanical smoothing in blood flow [PMC12938449].

EVIDENCE: Optical methods (rPPG, PPG) measure peripheral pulse and can miss brief, non-perfusing ectopic events compared to ECG, which tracks electrical activity directly [PMC12938449]. Discrepancies often arise because optical signals follow dampened hemodynamic changes while ECG detects fine-grained arrhythmias like atrial fibrillation or flutter [PMC12953621].

RECOMMENDATION: Correlate with a 12-lead ECG to confirm rhythm, as optical alerts may represent paroxysmal events requiring clinical verification before intervention [PMC12953621]. Monitor for spontaneous conversions or ectopic activity common in hypertension patients [PMC12938449].

DISCLAIMER: Research decision-support tool. Not a diagnostic device. Does not replace clinical judgment.","['PMC12938449_clinical_validation_of_rppgenabled_contactless_pulse_rate_mo', 'PMC12853120_smartphone_applicationbased_heart_rhythm_monitoring_to_cance', 'PMC13301328_a_photoplethysmographybased_algorithm_for_early_atrial_fibri', 'PMC12953621_mmgradcam_an_improved_multimodal_gradcam_method_with_1d_and_', 'PMC12982742_a_lightweight_residual_dilated_temporal_transformer_block_fo']",10.7
5,2820,2850,0.5345,1.1954,"Subtle distributed anomaly, gradual drift from baseline. elevated wrist_temp (z=+0.7, mean=34.74) elevated bvp (z=+0.4, mean=0.68) Relevant topics: skin temperature thermal perfusion vasomotor ambient temperature sensor effects photoplethysmography pulse waveform amplitude perfusion signal quality motion artifact. Other readings: ecg mean=0.00, resp mean=0.11, wrist_eda mean=15.39.","DETECTED: Elevated wrist temperature suggests increased skin perfusion or ambient heat, which can improve PPG signal quality but may also indicate vasomotor changes; elevated BVP amplitude aligns with better thermal conditions for optical sensing [PMC12204546].

EVIDENCE: Wrist photoplethysmogram (PPG) signals are highly susceptible to noise and influenced by factors like posture, arm height relative to the heart, and perfusion status. Signal quality is generally greatest in supine positions compared to standing [PMC12204546]. Temperature changes can affect signal reliability at different anatomical sites; facial sites often show superior performance under motion or thermal stress compared to wrists, though wrist data remains widely used for monitoring [PMC13210545].

RECOMMENDATION: Monitor the patient's posture and arm position relative to heart level. If possible, reposition the sensor at heart height while sitting with the arm resting in the lap to optimize signal quality if motion or perfusion is a concern [PMC12204546]. Consider ambient temperature effects on skin thermal perfusion when interpreting BVP amplitude changes [PMC13210545].

DISCLAIMER: Research decision-support tool. Not a diagnostic device. Does not replace clinical judgment.","['PMC12204546_determinants_of_photoplethysmography_signal_quality_at_the_w', 'PMC12694438_realtime_subjectspecific_predictive_modeling_of_ppg_signals_', 'PMC12300191_a_stability_and_aggregationbased_method_for_heart_rate_estim', 'PMC12736534_signal_quality_assessment_and_reconstruction_of_ppgderived_s', 'PMC13210545_signal_quality_of_reflectivemode_photoplethysmograms_across_']",12.8
5,2850,2880,0.5101,1.1464,"Subtle distributed anomaly, gradual drift from baseline. elevated wrist_temp (z=+0.8, mean=34.91) reduced resp (z=-0.4, mean=-0.14) Relevant topics: skin temperature thermal perfusion vasomotor ambient temperature sensor effects respiration rate breathing pattern tachypnea bradypnea ventilation. Other readings: ecg mean=-0.00, bvp mean=-0.08, wrist_eda mean=16.14.","DETECTED: The gradual drift in wrist temperature alongside reduced respiration suggests potential sensor noise or environmental influence rather than acute physiological distress, as PPG signals are highly susceptible to motion artifacts and ambient conditions [PMC12204546].

EVIDENCE: Wrist photoplethysmogram (PPG) signals used for monitoring can be significantly affected by posture and arm position; quality is often lowest when standing with the arm hanging, which may cause signal drift or reduced perfusion index readings [PMC12204546]. Additionally, PPG accuracy varies based on skin tone and ambient temperature effects, requiring careful interpretation of thermal data alongside optical signals [PMC12989444].

RECOMMENDATION: Verify the device's arm position (ensure it is at heart level) and check for motion artifacts or changes in skin perfusion due to ambient temperature before concluding a clinical abnormality. Correlate findings with other stable signals like ECG if available [PMC12204546].

DISCLAIMER: Research decision-support tool. Not a diagnostic device. Does not replace clinical judgment.","['PMC12204546_determinants_of_photoplethysmography_signal_quality_at_the_w', 'PMC12592569_photoplethysmography_in_diverse_skin_tones_evaluating_bias_i', 'PMC12736534_signal_quality_assessment_and_reconstruction_of_ppgderived_s', 'PMC12989444_colorfilterarraybased_multispectral_photoplethysmography_opt', 'PMC11679670_wearable_solutions_using_physiological_signals_for_stress_mo']",12.5
5,2880,2910,0.5416,1.3144,"Robust anomaly confirmed by two independent detectors. elevated wrist_temp (z=+0.8, mean=34.95) reduced resp (z=-0.6, mean=-0.22) Relevant topics: skin temperature thermal perfusion vasomotor ambient temperature sensor effects respiration rate breathing pattern tachypnea bradypnea ventilation. Other readings: ecg mean=0.00, bvp mean=-0.52, wrist_eda mean=14.76.","DETECTED: The pattern suggests reduced respiratory rate accompanied by elevated skin temperature.
EVIDENCE: Retrieved literature notes that local body temperature is one physiological process affecting photoplethysmography (PPG) signals, which can modify vital sign readings [PMC13094953]. Additionally, wrist-worn sensors are identified as challenging sites for accurate estimation due to factors like ambient conditions and peripheral vasoconstriction effects on microcirculation [PMC13210545], potentially influencing temperature-based perfusion metrics.
RECOMMENDATION: Verify if the elevated skin reading reflects true thermal changes or sensor artifacts from ambient heat; monitor respiratory rate trends against clinical assessment, as wrist PPG can struggle with parasympathetic-sensitive metrics and motion/physiological variations [PMC12736534].
DISCLAIMER: Research decision-support tool. Not a diagnostic device. Does not replace clinical judgment.","['PMC12204546_determinants_of_photoplethysmography_signal_quality_at_the_w', 'PMC13094953_continuous_remote_monitoring_of_postoperative_vital_signs_wi', 'PMC12736534_signal_quality_assessment_and_reconstruction_of_ppgderived_s', 'PMC13210545_signal_quality_of_reflectivemode_photoplethysmograms_across_', 'PMC12110636_fully_automated_photoplethysmographybased_wearable_atrial_fi']",9.9
5,2910,2940,0.5686,1.2873,"Subtle distributed anomaly, gradual drift from baseline. elevated bvp (z=+1.8, mean=3.25) reduced ecg (z=-1.4, mean=-0.01) Relevant topics: photoplethysmography pulse waveform amplitude perfusion signal quality motion artifact electrocardiogram rhythm irregularity heart rate variability arrhythmia ectopic beats. Other readings: resp mean=0.02, wrist_eda mean=14.62, wrist_temp mean=34.86.","DETECTED: The pattern suggests a transient rhythm irregularity where an electrical heartbeat was detected but did not generate a measurable peripheral pulse, causing the optical sensor to lag behind or miss the beat.

EVIDENCE: ECG captures direct cardiac electrical activity and is highly sensitive to transient changes like ectopic beats, whereas PPG/rPPG measures blood volume peaks which can be dampened by vascular propagation [PMC12938449]. An extra ECG peak absent in the optical signal indicates a ventricular ectopic beat that did not produce sufficient peripheral pulse flow [PMC12938449]. Consequently, optical methods may underestimate transient arrhythmic events compared to ECG during such conditions [PMC12938449].

RECOMMENDATION: Prioritize the ECG reading as it precisely tracks R–R intervals and detects fine-grained electrical activity that optical sensors might miss due to mechanical smoothing of hemodynamic signals [PMC12938449]. Monitor for recurrent ectopic beats, which are more prevalent in patients with hypertension or other cardiac conditions [PMC12938449].

DISCLAIMER: Research decision-support tool. Not a diagnostic device. Does not replace clinical judgment.","['PMC12938449_clinical_validation_of_rppgenabled_contactless_pulse_rate_mo', 'PMC13125301_mimiciiiextppg_a_ppgbased_benchmark_dataset_for_cardiovascul', 'PMC12031393_reliable_ecg_anomaly_detection_on_edge_devices_for_internet_', 'PMC12986937_sparse_temporal_autoencoder_for_ecg_anomaly_detection', 'PMC12694438_realtime_subjectspecific_predictive_modeling_of_ppg_signals_']",11.7
5,2940,2970,0.5572,1.6867,"Robust anomaly confirmed by two independent detectors. reduced bvp (z=-4.0, mean=-6.96) reduced resp (z=-0.9, mean=-0.33) Relevant topics: photoplethysmography pulse waveform amplitude perfusion signal quality motion artifact respiration rate breathing pattern tachypnea bradypnea ventilation. Other readings: ecg mean=0.00, wrist_eda mean=14.00, wrist_temp mean=34.55.","DETECTED: The anomaly indicates a significant drop in blood volume pulse amplitude (z=-4.0), suggesting poor signal quality likely due to low perfusion or severe motion artifact rather than true physiological bradycardia.

EVIDENCE: PPG sensors are susceptible to degradation from motion artifacts and low peripheral perfusion, which simultaneously reduce the perfusion index and template-correlation scores [PMC13210644]. Quality assessment relies on indices like skewness-based SQI and beat-detector agreement; however, these thresholds may not be calibrated for conditions causing signal loss or irregular rhythms in specific cohorts [PMC13210644].

RECOMMENDATION: Verify the patient's perfusion status (e.g., check skin temperature) and assess for motion. If artifacts are suspected, segment rejection is preferred over waveform reconstruction to avoid distorting inter-beat intervals [PMC13210644]. Correlate with ECG if available; note that PPG alone cannot reliably distinguish between true bradycardia and signal loss caused by poor perfusion or motion.

DISCLAIMER: Research decision-support tool. Not a diagnostic device. Does not replace clinical judgment.","['PMC13125301_mimiciiiextppg_a_ppgbased_benchmark_dataset_for_cardiovascul', 'PMC12694438_realtime_subjectspecific_predictive_modeling_of_ppg_signals_', 'PMC13212801_from_classic_to_cuttingedge_technological_approaches_to_resp', 'PMC12853120_smartphone_applicationbased_heart_rhythm_monitoring_to_cance', 'PMC13210644_wearables_for_telemonitoring_in_attramyloidosis_current_pers']",12.3
5,2970,3000,0.4999,1.5015,"Robust anomaly confirmed by two independent detectors. elevated bvp (z=+2.6, mean=4.55) reduced resp (z=-1.0, mean=-0.35) Relevant topics: photoplethysmography pulse waveform amplitude perfusion signal quality motion artifact respiration rate breathing pattern tachypnea bradypnea ventilation. Other readings: ecg mean=-0.00, wrist_eda mean=13.84, wrist_temp mean=34.20.","DETECTED: The elevated BVP suggests increased blood volume or signal amplification (e.g., motion artifact), while the reduced respiration rate may reflect a dampened PPG respiratory component rather than true bradypnea [PMC13094953].

EVIDENCE: Multiple factors can affect PPG, including physiological processes like venous pulsations and external factors such as motion artifacts or ambient light, which decrease or modify signal intensity [PMC13094953]. Optical methods measure peripheral blood volume changes rather than direct electrical activity; thus, they may miss transient arrhythmic events or dampen signals during vascular propagation compared to ECG [PMC12938449]. Discrepancies between PPG and reference standards often arise from these inherent limitations in capturing brief hemodynamic changes [PMC12938449].

RECOMMENDATION: Verify the patient's clinical status (e.g., movement, skin tone) before acting on alerts. Do not rely solely on optical pulse rate for arrhythmia detection; correlate with ECG if available to distinguish artifacts from true physiological events [PMC12938449][PMC13094953].

DISCLAIMER: Research decision-support tool. Not a diagnostic device. Does not replace clinical judgment.","['PMC13125301_mimiciiiextppg_a_ppgbased_benchmark_dataset_for_cardiovascul', 'PMC13094953_continuous_remote_monitoring_of_postoperative_vital_signs_wi', 'PMC13212801_from_classic_to_cuttingedge_technological_approaches_to_resp', 'PMC12853120_smartphone_applicationbased_heart_rhythm_monitoring_to_cance', 'PMC12938449_clinical_validation_of_rppgenabled_contactless_pulse_rate_mo']",12.6
5,3030,3060,0.5008,1.2347,"Subtle distributed anomaly, gradual drift from baseline. elevated wrist_temp (z=+0.4, mean=34.10) elevated wrist_eda (z=+0.4, mean=16.54) Relevant topics: skin temperature thermal perfusion vasomotor ambient temperature sensor effects electrodermal activity skin conductance sympathetic stress arousal sweat response. Other readings: ecg mean=0.00, resp mean=-0.08, bvp mean=0.38.","DETECTED: Gradual elevation in wrist temperature and EDA suggests increased sympathetic arousal or thermal drift rather than an acute stress event.
EVIDENCE: Skin temperature varies based on skin blood flow and ambient conditions, while elevated tonic SCL can result from high ambient temperature independently of psychological stress [PMC13259440]. Additionally, gradual shifts in signal baselines are often caused by slow variations in electrode-skin contact pressure or changes in ambient temperature rather than physiological events [PMC13259440].
RECOMMENDATION: Monitor for concurrent motion artifacts; if the patient is sedentary and room conditions changed recently, this may be environmental. If symptoms persist despite stable environment, consider clinical evaluation.
DISCLAIMER: Research decision-support tool. Not a diagnostic device. Does not replace clinical judgment.","['PMC12635167_a_multimodal_stress_detection_dataset_with_facial_expression', 'PMC12736534_signal_quality_assessment_and_reconstruction_of_ppgderived_s', 'PMC13213813_human_experience_in_regulated_offices_hero_dataset_synchroni', 'PMC13259440_hybrid_feature_learning_for_wearable_stress_detection_combin', 'PMC13068604_physiological_responses_to_emotional_video_stimuli_ecg_eda_a']",9.3
5,3060,3090,0.5148,1.2615,"Subtle distributed anomaly, gradual drift from baseline. reduced bvp (z=-0.5, mean=-0.90) elevated wrist_temp (z=+0.4, mean=34.05) Relevant topics: photoplethysmography pulse waveform amplitude perfusion signal quality motion artifact skin temperature thermal perfusion vasomotor ambient temperature sensor effects. Other readings: ecg mean=-0.00, resp mean=0.02, wrist_eda mean=15.78.","DETECTED: The pattern suggests reduced blood volume pulse signal quality likely due to motion artifact or suboptimal sensor positioning (e.g., arm hanging down), rather than true physiological change.

EVIDENCE: Wrist photoplethysmogram signals are highly susceptible to noise, which can reduce the accuracy of monitored parameters [PMC12204546]. Signal quality is lowest when standing with the arm hanging alongside and improves as the arm is raised to heart height or held in the lap [PMC12204546]. Sophisticated algorithms are required to differentiate true arrhythmias from noise and artifacts arising from motion or physiological variations [PMC12736534].

RECOMMENDATION: Verify patient position; ensure the arm is raised to heart level if possible. Re-evaluate signal quality metrics before interpreting clinical data, as reduced perfusion index may indicate artifact rather than pathology.

DISCLAIMER: Research decision-support tool. Not a diagnostic device. Does not replace clinical judgment.","['PMC12204546_determinants_of_photoplethysmography_signal_quality_at_the_w', 'PMC12694438_realtime_subjectspecific_predictive_modeling_of_ppg_signals_', 'PMC12300191_a_stability_and_aggregationbased_method_for_heart_rate_estim', 'PMC12736534_signal_quality_assessment_and_reconstruction_of_ppgderived_s', 'PMC12110636_fully_automated_photoplethysmographybased_wearable_atrial_fi']",11.4
5,3090,3120,0.5053,1.248,"Subtle distributed anomaly, gradual drift from baseline. reduced ecg (z=-0.9, mean=-0.00) elevated bvp (z=+0.6, mean=1.16) Relevant topics: electrocardiogram rhythm irregularity heart rate variability arrhythmia ectopic beats photoplethysmography pulse waveform amplitude perfusion signal quality motion artifact. Other readings: resp mean=0.01, wrist_eda mean=14.17, wrist_temp mean=33.97.","DETECTED: The pattern suggests a transient rhythm irregularity, such as an ectopic beat, where the electrical heart activity (ECG) detected one extra peak that did not generate a measurable peripheral pulse.
EVIDENCE: ECG captures direct cardiac electrical activity and is highly sensitive to transient rhythm changes like ventricular ectopic beats [PMC12938449]. In contrast, optical methods measure blood volume changes; if an ectopic beat does not produce sufficient peripheral perfusion, the PPG/rPPG signal will miss it while ECG detects it, creating a discrepancy where rPPG underestimates arrhythmic events compared to ECG [PMC12938449].
RECOMMENDATION: Review clinical records for hypertension or other conditions linked to increased ectopic activity; rely on the ECG reading as the more accurate indicator of fine-grained electrical abnormalities in this specific window.
DISCLAIMER: Research decision-support tool. Not a diagnostic device. Does not replace clinical judgment.","['PMC12938449_clinical_validation_of_rppgenabled_contactless_pulse_rate_mo', 'PMC13125301_mimiciiiextppg_a_ppgbased_benchmark_dataset_for_cardiovascul', 'PMC12031393_reliable_ecg_anomaly_detection_on_edge_devices_for_internet_', 'PMC12986937_sparse_temporal_autoencoder_for_ecg_anomaly_detection', 'PMC12694438_realtime_subjectspecific_predictive_modeling_of_ppg_signals_']",10.6
5,4110,4140,0.4832,1.5437,"Abrupt isolated spike in wearable biosignals. reduced wrist_eda (z=-0.4, mean=8.24) elevated wrist_temp (z=+0.4, mean=34.01) Relevant topics: electrodermal activity skin conductance sympathetic stress arousal sweat response skin temperature thermal perfusion vasomotor ambient temperature sensor effects. Other readings: ecg mean=0.00, resp mean=-0.00, bvp mean=0.06.","DETECTED: The pattern suggests a potential motion artifact or environmental interference rather than acute stress, given the simultaneous drop in EDA and rise in skin temperature which contradicts typical sympathetic activation where both usually increase together.

EVIDENCE: Wrist-worn EDA signals are noted to be inaccurate with artifacts affecting data collection; high ambient temperatures can elevate tonic skin conductance levels independently of psychological stress. Additionally, motion artifacts from physical movement produce sharp signal transients indistinguishable from genuine responses. Skin temperature varies widely based on activity and ambient conditions due to changes in skin blood flow.

RECOMMENDATION: Verify if the user was moving or exposed to heat during this 30-second window before interpreting as stress; check for sensor displacement or environmental factors like rising room temperature that could cause these specific signal shifts simultaneously.

DISCLAIMER: Research decision-support tool. Not a diagnostic device. Does not replace clinical judgment.","['PMC12635167_a_multimodal_stress_detection_dataset_with_facial_expression', 'PMC13213813_human_experience_in_regulated_offices_hero_dataset_synchroni', 'PMC13068604_physiological_responses_to_emotional_video_stimuli_ecg_eda_a', 'PMC13259440_hybrid_feature_learning_for_wearable_stress_detection_combin', 'PMC12828444_using_wearable_technology_to_evaluate_the_electrodermal_acti']",9.4
5,4620,4650,0.4936,1.2989,"Abrupt isolated spike in wearable biosignals. elevated bvp (z=+0.7, mean=1.30) reduced ecg (z=-0.6, mean=-0.00) Relevant topics: photoplethysmography pulse waveform amplitude perfusion signal quality motion artifact electrocardiogram rhythm irregularity heart rate variability arrhythmia ectopic beats. Other readings: resp mean=-0.01, wrist_eda mean=11.06, wrist_temp mean=33.40.","DETECTED: The pattern suggests an isolated ectopic beat where electrical activity (ECG) occurred without generating a detectable peripheral pulse signal in rPPG/PPG.
EVIDENCE: ECG captures direct cardiac electrical activity and is highly sensitive to transient rhythm changes like ventricular ectopic beats, whereas PPG/rPPG measure blood volume peaks which may be absent if the beat does not produce sufficient peripheral perfusion [PMC12938449]. Consequently, optical methods can underestimate transient arrhythmic events compared to ECG because of mechanical smoothing during vascular propagation [PMC12938449]. Additionally, abrupt deviations in beat intervals are often caused by noise or missed detections rather than artifacts when perfusion is present [PMC13259400].
RECOMMENDATION: Review the ECG trace to confirm an ectopic rhythm; do not attribute this discrepancy solely to motion artifact given the specific signal characteristics. Consider clinical correlation for symptoms or risk factors, as such discrepancies may be more prevalent in patients with hypertension [PMC12938449].
DISCLAIMER: Research decision-support tool. Not a diagnostic device. Does not replace clinical judgment.","['PMC12938449_clinical_validation_of_rppgenabled_contactless_pulse_rate_mo', 'PMC13259400_highreliability_signal_quality_validation_for_biosignals_usi', 'ESC 2018 — Guidelines for the Diagnosis and Management of Syncope', 'PMC12282364_photoplethysmography_in_recentonset_atrial_fibrillation_auto', 'PMC13027176_the_use_of_digital_devices_in_the_management_of_athletes_wit']",12.2
5,6180,6210,0.4785,1.529,"Abrupt isolated spike in wearable biosignals. elevated bvp (z=+2.1, mean=3.66) elevated wrist_temp (z=+0.6, mean=34.45) Relevant topics: photoplethysmography pulse waveform amplitude perfusion signal quality motion artifact skin temperature thermal perfusion vasomotor ambient temperature sensor effects. Other readings: ecg mean=-0.00, resp mean=-0.07, wrist_eda mean=8.80.","DETECTED: The abrupt spike suggests a motion artifact or transient signal noise rather than a true physiological event like tachycardia.
EVIDENCE: PPG signals are highly susceptible to noise which can reduce accuracy [PMC12204546]. Signal quality is significantly influenced by posture and arm position, with standing postures yielding the lowest quality compared to supine positions [PMC12204546]. Motion artifacts frequently corrupt heart rate signals during physical activity or movement [PMC13263368].
RECOMMENDATION: Verify if the patient was moving, changing position, or experiencing a sudden temperature change at that moment. Re-evaluate signal quality metrics (e.g., perfusion index) to confirm data validity before acting on the elevated reading [PMC12204546].
DISCLAIMER: Research decision-support tool. Not a diagnostic device. Does not replace clinical judgment.","['PMC12300191_a_stability_and_aggregationbased_method_for_heart_rate_estim', 'PMC12204546_determinants_of_photoplethysmography_signal_quality_at_the_w', 'PMC12694438_realtime_subjectspecific_predictive_modeling_of_ppg_signals_', 'PMC13263368_pulse_rate_variability_is_not_the_same_as_heart_rate_variabi', 'PMC13210545_signal_quality_of_reflectivemode_photoplethysmograms_across_']",12.8
5,7410,7440,0.5124,1.1395,"Subtle distributed anomaly, gradual drift from baseline. reduced wrist_temp (z=-1.2, mean=30.60) reduced resp (z=-1.0, mean=-0.36) Relevant topics: skin temperature thermal perfusion vasomotor ambient temperature sensor effects respiration rate breathing pattern tachypnea bradypnea ventilation. Other readings: ecg mean=-0.00, bvp mean=-0.25, wrist_eda mean=9.22.","DETECTED: The gradual reduction in wrist temperature and respiration rate likely reflects sensor signal degradation or environmental influence rather than acute physiological distress, as these metrics are highly susceptible to noise from posture changes and ambient conditions [PMC12204546].

EVIDENCE: Wrist photoplethysmogram (PPG) signals used for monitoring parameters like respiration can be significantly affected by factors such as arm position relative to the heart, with quality varying between supine, sitting, and standing postures. Additionally, PPG is highly susceptible to noise which reduces accuracy [PMC12204546].

RECOMMENDATION: Verify sensor placement (e.g., ensure wrist is at heart level) and check ambient temperature; if the patient's clinical status appears stable despite these signal drifts, no immediate intervention may be required beyond repositioning. If symptoms of tachypnea or bradypnea are clinically suspected, confirm with a standard medical device [PMC12204546].

DISCLAIMER: Research decision-support tool. Not a diagnostic device. Does not replace clinical judgment.","['PMC12204546_determinants_of_photoplethysmography_signal_quality_at_the_w', 'PMC12592569_photoplethysmography_in_diverse_skin_tones_evaluating_bias_i', 'PMC12989444_colorfilterarraybased_multispectral_photoplethysmography_opt', 'PMC12736534_signal_quality_assessment_and_reconstruction_of_ppgderived_s', 'PMC11679670_wearable_solutions_using_physiological_signals_for_stress_mo']",12.5
5,8280,8310,0.4958,1.4603,"Abrupt isolated spike in wearable biosignals. elevated resp (z=+1.2, mean=0.48) reduced bvp (z=-0.8, mean=-1.33) Relevant topics: respiration rate breathing pattern tachypnea bradypnea ventilation photoplethysmography pulse waveform amplitude perfusion signal quality motion artifact. Other readings: ecg mean=0.00, wrist_eda mean=9.97, wrist_temp mean=33.15.","DETECTED: An abrupt isolated spike with elevated respiration rate and reduced blood volume pulse likely indicates motion artifact or signal noise rather than true physiological tachypnea.

EVIDENCE: Literature confirms that PPG signals are highly susceptible to movement artifacts, where shaking or rapid sensor movements disrupt the signal with noise [PMC12300191]. Studies emphasize using acceleration data for initial quality checks and pre-processing before analysis, noting that such disruptions can mimic physiological changes like tachypnea if not filtered out [PMC12694438].

RECOMMENDATION: Verify the patient's position and activity level. If motion is present, disregard this isolated 30-second window as a likely artifact until signal quality improves or clinical symptoms are confirmed by other means (e.g., ECG).

DISCLAIMER: Research decision-support tool. Not a diagnostic device. Does not replace clinical judgment.","['PMC12694438_realtime_subjectspecific_predictive_modeling_of_ppg_signals_', 'PMC13296462_respiratory_monitoring_in_motion_an_overview_of_wearable_met', 'PMC12989444_colorfilterarraybased_multispectral_photoplethysmography_opt', 'PMC12300191_a_stability_and_aggregationbased_method_for_heart_rate_estim', 'PMC12282364_photoplethysmography_in_recentonset_atrial_fibrillation_auto']",11.6
5,8940,8970,0.5098,1.0777,"Subtle distributed anomaly, gradual drift from baseline. reduced ecg (z=-1.4, mean=-0.01) elevated resp (z=+0.4, mean=0.18) Relevant topics: electrocardiogram rhythm irregularity heart rate variability arrhythmia ectopic beats respiration rate breathing pattern tachypnea bradypnea ventilation. Other readings: bvp mean=-0.00, wrist_eda mean=9.86, wrist_temp mean=32.47.","DETECTED: The pattern suggests transient rhythm irregularities or ectopic beats causing ECG-PPG discrepancies, where optical methods may miss brief non-perfusing events [PMC12938449].
EVIDENCE: Optical sensors like rPPG measure peripheral blood volume and can underestimate arrhythmic events compared to ECG's direct electrical tracking; this is especially relevant in patients with hypertension or ectopic activity [PMC12938449]. Algorithms using PPG features have shown high accuracy even during frequent irregular extrasystoles, but limitations exist for brief non-perfusing beats [PMC13301328][PMC12938449].
RECOMMENDATION: Correlate optical alerts with ECG if available; consider clinical review for patients with hypertension or known arrhythmias to distinguish true events from sensor limitations.
DISCLAIMER: Research decision-support tool. Not a diagnostic device. Does not replace clinical judgment.","['PMC12938449_clinical_validation_of_rppgenabled_contactless_pulse_rate_mo', 'PMC12031393_reliable_ecg_anomaly_detection_on_edge_devices_for_internet_', 'PMC12853120_smartphone_applicationbased_heart_rhythm_monitoring_to_cance', 'PMC13301328_a_photoplethysmographybased_algorithm_for_early_atrial_fibri', 'PMC12982742_a_lightweight_residual_dilated_temporal_transformer_block_fo']",9.6
6,0,30,0.4403,1.4168,"Abrupt isolated spike in wearable biosignals. reduced wrist_eda (z=-1.2, mean=0.16) reduced wrist_temp (z=-0.7, mean=31.76) Relevant topics: electrodermal activity skin conductance sympathetic stress arousal sweat response skin temperature thermal perfusion vasomotor ambient temperature sensor effects. Other readings: ecg mean=0.00, resp mean=0.04, bvp mean=0.28.","DETECTED: The abrupt spike likely represents a motion artifact or sensor noise rather than genuine stress, given simultaneous drops in skin temperature and EDA which contradict typical sympathetic activation patterns.

EVIDENCE: Wrist-worn EDA signals are noted to be inaccurate with artifacts affecting data collection; high ambient temperatures can also elevate baseline conductance independently of psychological stress [PMC13259440]. Skin temperature varies widely based on activity type and ambient conditions, not just blood flow changes related to arousal [PMC12635167]. Sharp signal transients from motion are indistinguishable from genuine physiological peaks in wrist sensors [PMC13259440].

RECOMMENDATION: Verify if the participant was moving or adjusting the device during this 30-second window. If no physical movement occurred, consider discarding this segment as a likely artifact rather than interpreting it as acute stress.

DISCLAIMER: Research decision-support tool. Not a diagnostic device. Does not replace clinical judgment.","['PMC12635167_a_multimodal_stress_detection_dataset_with_facial_expression', 'PMC13213813_human_experience_in_regulated_offices_hero_dataset_synchroni', 'PMC13068604_physiological_responses_to_emotional_video_stimuli_ecg_eda_a', 'PMC13259440_hybrid_feature_learning_for_wearable_stress_detection_combin', 'PMC12828444_using_wearable_technology_to_evaluate_the_electrodermal_acti']",9.9
6,30,60,0.4175,1.3104,"Abrupt isolated spike in wearable biosignals. reduced wrist_eda (z=-1.2, mean=0.17) reduced wrist_temp (z=-0.6, mean=31.84) Relevant topics: electrodermal activity skin conductance sympathetic stress arousal sweat response skin temperature thermal perfusion vasomotor ambient temperature sensor effects. Other readings: ecg mean=0.00, resp mean=0.16, bvp mean=0.35.","DETECTED: The abrupt spike combined with reduced skin temperature and EDA likely represents a motion artifact or sensor displacement rather than genuine stress, as wrist-worn devices are prone to signal inaccuracies during movement [PMC12635167].
EVIDENCE: Literature notes that collecting EDA signals using wristbands is not very accurate and artifacts can affect data collection results; additionally, motion artifacts from electrode displacement produce sharp transients indistinguishable from genuine stress responses [PMC12828444]. Skin temperature also varies widely based on activity type and ambient conditions rather than just physiological state [PMC12635167].
RECOMMENDATION: Review the accelerometer data for concurrent movement; if motion is detected, treat this window as an artifact. If no significant motion occurred, verify device fit and skin contact pressure before considering clinical significance [PMC12828444].
DISCLAIMER: Research decision-support tool. Not a diagnostic device. Does not replace clinical judgment.","['PMC12635167_a_multimodal_stress_detection_dataset_with_facial_expression', 'PMC13213813_human_experience_in_regulated_offices_hero_dataset_synchroni', 'PMC13068604_physiological_responses_to_emotional_video_stimuli_ecg_eda_a', 'PMC13259440_hybrid_feature_learning_for_wearable_stress_detection_combin', 'PMC12828444_using_wearable_technology_to_evaluate_the_electrodermal_acti']",11.3
6,330,360,0.4641,1.31,"Abrupt isolated spike in wearable biosignals. reduced wrist_eda (z=-1.2, mean=0.13) reduced wrist_temp (z=-0.5, mean=32.19) Relevant topics: electrodermal activity skin conductance sympathetic stress arousal sweat response skin temperature thermal perfusion vasomotor ambient temperature sensor effects. Other readings: ecg mean=0.00, resp mean=0.09, bvp mean=-0.47.","DETECTED: The abrupt EDA spike combined with reduced skin temperature likely represents a motion artifact or sensor displacement rather than genuine stress, as wrist-worn devices are prone to signal inaccuracies during movement and environmental changes.

EVIDENCE: Literature notes that collecting EDA signals using wristbands is not very accurate and artifacts can affect data collection results [PMC12635167]. Additionally, motion artifacts caused by electrode displacement produce sharp transients indistinguishable from genuine stress responses [PMC13259440], while skin temperature varies widely based on activity type and ambient conditions rather than just sympathetic arousal [PMC12635167].

RECOMMENDATION: Verify if the patient was moving or changing position during this 30-second window. If motion occurred, treat the EDA spike as an artifact; check for loose sensor contact causing temperature drops due to poor perfusion measurement rather than vasoconstriction [PMC12635167].

DISCLAIMER: Research decision-support tool. Not a diagnostic device. Does not replace clinical judgment.","['PMC12635167_a_multimodal_stress_detection_dataset_with_facial_expression', 'PMC13213813_human_experience_in_regulated_offices_hero_dataset_synchroni', 'PMC13068604_physiological_responses_to_emotional_video_stimuli_ecg_eda_a', 'PMC13259440_hybrid_feature_learning_for_wearable_stress_detection_combin', 'PMC12828444_using_wearable_technology_to_evaluate_the_electrodermal_acti']",10.1
6,360,390,0.4934,1.3357,"Abrupt isolated spike in wearable biosignals. reduced wrist_eda (z=-1.2, mean=0.13) reduced wrist_temp (z=-0.5, mean=32.19) Relevant topics: electrodermal activity skin conductance sympathetic stress arousal sweat response skin temperature thermal perfusion vasomotor ambient temperature sensor effects. Other readings: ecg mean=0.00, resp mean=0.03, bvp mean=-0.04.","DETECTED: The abrupt EDA spike combined with reduced skin temperature likely represents a motion artifact or sensor displacement rather than genuine stress, as wrist-worn devices are prone to signal inaccuracies during movement and environmental changes.

EVIDENCE: Literature notes that collecting EDA signals using wristbands is not very accurate and artifacts can affect data collection results [PMC12635167]. Additionally, motion artifacts caused by electrode displacement produce sharp transients indistinguishable from genuine stress responses in these devices [PMC13259440]. Skin temperature also varies widely based on activity type and ambient conditions rather than just physiological state [PMC12635167].

RECOMMENDATION: Verify the device was not moved or shaken during this 30-second window. Check for changes in room temperature that could alter skin perfusion readings. If motion is confirmed, disregard this specific anomaly as a likely artifact rather than a stress event.

DISCLAIMER: Research decision-support tool. Not a diagnostic device. Does not replace clinical judgment.","['PMC12635167_a_multimodal_stress_detection_dataset_with_facial_expression', 'PMC13213813_human_experience_in_regulated_offices_hero_dataset_synchroni', 'PMC13068604_physiological_responses_to_emotional_video_stimuli_ecg_eda_a', 'PMC13259440_hybrid_feature_learning_for_wearable_stress_detection_combin', 'PMC12828444_using_wearable_technology_to_evaluate_the_electrodermal_acti']",10.1
6,450,480,0.4883,1.5147,"Abrupt isolated spike in wearable biosignals. reduced wrist_eda (z=-1.2, mean=0.13) elevated resp (z=+0.7, mean=0.30) Relevant topics: electrodermal activity skin conductance sympathetic stress arousal sweat response respiration rate breathing pattern tachypnea bradypnea ventilation. Other readings: ecg mean=0.00, bvp mean=0.23, wrist_temp mean=32.23.","DETECTED: The abrupt EDA spike with reduced baseline and elevated respiration likely represents a motion artifact or sensor noise rather than genuine stress, as wrist-worn devices are prone to signal inaccuracies from movement [PMC12635167].

EVIDENCE: Literature notes that collecting EDA signals using wristbands is not very accurate and artifacts can affect data collection results; motion artifacts caused by electrode displacement during physical movement produce sharp signal transients indistinguishable from genuine stress responses [PMC12635167][PMC13259440]. Additionally, environmental factors like temperature can elevate baseline conductance independently of psychological stress [PMC13259440].

RECOMMENDATION: Verify if the spike coincides with physical movement or changes in ambient conditions; do not interpret isolated wrist EDA spikes as acute sympathetic arousal without corroborating clinical context.

DISCLAIMER: Research decision-support tool. Not a diagnostic device. Does not replace clinical judgment.","['PMC12635167_a_multimodal_stress_detection_dataset_with_facial_expression', 'PMC13259440_hybrid_feature_learning_for_wearable_stress_detection_combin', 'PMC13213813_human_experience_in_regulated_offices_hero_dataset_synchroni', 'PMC12828444_using_wearable_technology_to_evaluate_the_electrodermal_acti', 'PMC12736534_signal_quality_assessment_and_reconstruction_of_ppgderived_s']",11.6
6,870,900,0.4458,1.3993,"Abrupt isolated spike in wearable biosignals. reduced wrist_eda (z=-1.2, mean=0.14) elevated resp (z=+0.7, mean=0.31) Relevant topics: electrodermal activity skin conductance sympathetic stress arousal sweat response respiration rate breathing pattern tachypnea bradypnea ventilation. Other readings: ecg mean=0.00, bvp mean=-0.19, wrist_temp mean=32.34.","DETECTED: The abrupt EDA spike combined with elevated respiration likely represents either genuine sympathetic arousal or motion artifact rather than isolated stress.
EVIDENCE: Wrist-worn EDA signals are prone to artifacts from electrode displacement during movement, which produce sharp transients indistinguishable from real peaks [PMC13259440]. Additionally, high ambient temperature can elevate skin conductance independently of psychological stress [PMC13259440], and arousal may stem from excitement or physical exertion rather than just stress [PMC12987280].
RECOMMENDATION: Check accelerometer data for recent movement; if motion is present, interpret the EDA spike cautiously as it may be an artifact. Consider environmental temperature effects on skin conductance levels before concluding a stress event occurred.
DISCLAIMER: Research decision-support tool. Not a diagnostic device. Does not replace clinical judgment.","['PMC12635167_a_multimodal_stress_detection_dataset_with_facial_expression', 'PMC13259440_hybrid_feature_learning_for_wearable_stress_detection_combin', 'PMC13213813_human_experience_in_regulated_offices_hero_dataset_synchroni', 'PMC12828444_using_wearable_technology_to_evaluate_the_electrodermal_acti', 'PMC12987280_beyond_eda_a_systematic_review_of_multimodal_sympathetic_ner']",9.4
6,1260,1290,0.529,1.3215,"Robust anomaly confirmed by two independent detectors. elevated ecg (z=+1.8, mean=0.01) reduced bvp (z=-0.5, mean=-0.88) Relevant topics: electrocardiogram rhythm irregularity heart rate variability arrhythmia ectopic beats photoplethysmography pulse waveform amplitude perfusion signal quality motion artifact. Other readings: resp mean=0.13, wrist_eda mean=14.62, wrist_temp mean=32.04.","DETECTED: The pattern suggests an electrical rhythm irregularity (elevated ECG) where the optical sensor failed to detect the corresponding pulse, likely due to a non-perfusing ectopic beat.
EVIDENCE: Optical methods like rPPG measure peripheral blood volume and can miss brief, non-perfusing ectopic events because PPG signals undergo mechanical smoothing during vascular propagation [PMC12938449]. In contrast, ECG captures direct electrical activity and precisely tracks R-R intervals, making it highly sensitive to transient rhythm changes like ventricular ectopic beats that do not produce a sufficient peripheral pulse [PMC12938449].
RECOMMENDATION: Prioritize the elevated ECG reading as the accurate indicator of cardiac irregularity; consider this an optical limitation rather than sensor error. Clinical follow-up should focus on evaluating for arrhythmias such as ectopic beats or atrial fibrillation, especially if the patient has risk factors like hypertension [PMC12938449].
DISCLAIMER: Research decision-support tool. Not a diagnostic device. Does not replace clinical judgment.","['PMC12938449_clinical_validation_of_rppgenabled_contactless_pulse_rate_mo', 'PMC12031393_reliable_ecg_anomaly_detection_on_edge_devices_for_internet_', 'PMC12986937_sparse_temporal_autoencoder_for_ecg_anomaly_detection', 'PMC13125301_mimiciiiextppg_a_ppgbased_benchmark_dataset_for_cardiovascul', 'PMC12853120_smartphone_applicationbased_heart_rhythm_monitoring_to_cance']",10.8
6,1320,1350,0.5001,1.1991,"Subtle distributed anomaly, gradual drift from baseline. elevated wrist_eda (z=+0.6, mean=18.84) reduced wrist_temp (z=-0.5, mean=31.98) Relevant topics: electrodermal activity skin conductance sympathetic stress arousal sweat response skin temperature thermal perfusion vasomotor ambient temperature sensor effects. Other readings: ecg mean=0.00, resp mean=0.21, bvp mean=0.24.","DETECTED: The pattern suggests a gradual physiological drift likely caused by environmental factors rather than acute stress, given reduced skin temperature and elevated electrodermal activity.

EVIDENCE: Skin temperature varies widely based on ambient temperature and blood flow [PMC12635167]. High ambient temperatures can elevate tonic skin conductance (baseline EDA) independently of psychological stress [PMC13259440]. Gradual shifts in baseline are often caused by factors like changes in ambient temperature or sensor warm-up, rather than discrete events [PMC13259440].

RECOMMENDATION: Monitor for sustained environmental exposure; do not interpret this as immediate acute stress without corroborating context. Verify if the user is in a hot environment where vasodilation (lower temp) and sweat accumulation occur simultaneously.

DISCLAIMER: Research decision-support tool. Not a diagnostic device. Does not replace clinical judgment.","['PMC12635167_a_multimodal_stress_detection_dataset_with_facial_expression', 'PMC13213813_human_experience_in_regulated_offices_hero_dataset_synchroni', 'PMC13259440_hybrid_feature_learning_for_wearable_stress_detection_combin', 'PMC12736534_signal_quality_assessment_and_reconstruction_of_ppgderived_s', 'PMC13203100_from_biosignals_to_bedside_a_review_of_realtime_edge_machine']",9.8
6,1470,1500,0.5,1.1556,"Subtle distributed anomaly, gradual drift from baseline. reduced resp (z=-1.4, mean=-0.51) elevated bvp (z=+0.8, mean=1.43) Relevant topics: respiration rate breathing pattern tachypnea bradypnea ventilation photoplethysmography pulse waveform amplitude perfusion signal quality motion artifact. Other readings: ecg mean=0.00, wrist_eda mean=20.18, wrist_temp mean=31.68.","DETECTED: The pattern suggests a potential motion artifact or signal quality issue rather than true physiological change, as PPG signals can be mechanically smoothed and may not reflect transient electrical events like ectopic beats.

EVIDENCE: ECG captures direct cardiac activity making it sensitive to rhythm changes, while rPPG measures peripheral blood volume which is subject to mechanical smoothing during vascular propagation [PMC12989444]. PPG signals are less sensitive to brief non-perfusing events compared to ECG because optical methods estimate pulse rate from hemodynamic trends rather than electrical activity [PMC12938449].

RECOMMENDATION: Verify signal quality and check for motion artifacts before interpreting the reduced respiration or elevated BVP as a clinical event. Consider cross-referencing with ECG if available to distinguish between true arrhythmia and hemodynamic dampening.

DISCLAIMER: Research decision-support tool. Not a diagnostic device. Does not replace clinical judgment.","['PMC12694438_realtime_subjectspecific_predictive_modeling_of_ppg_signals_', 'PMC13125301_mimiciiiextppg_a_ppgbased_benchmark_dataset_for_cardiovascul', 'PMC12989444_colorfilterarraybased_multispectral_photoplethysmography_opt', 'PMC12938449_clinical_validation_of_rppgenabled_contactless_pulse_rate_mo', 'PMC13301328_a_photoplethysmographybased_algorithm_for_early_atrial_fibri']",10.8
6,1710,1740,0.5005,1.0733,"Subtle distributed anomaly, gradual drift from baseline. elevated bvp (z=+1.6, mean=2.77) elevated ecg (z=+0.7, mean=0.01) Relevant topics: photoplethysmography pulse waveform amplitude perfusion signal quality motion artifact electrocardiogram rhythm irregularity heart rate variability arrhythmia ectopic beats. Other readings: resp mean=0.05, wrist_eda mean=15.92, wrist_temp mean=32.46.","DETECTED: The pattern suggests a transient electrical event (like an ectopic beat) detected by ECG but missed by optical sensors due to weak peripheral pulse response.
EVIDENCE: Optical methods like rPPG measure blood volume changes and may miss brief, non-perfusing beats that ECG captures directly; this creates discrepancies where the optical signal follows a dampened hemodynamic trend while ECG shows irregularity [PMC12938449]. Additionally, in arrhythmias like atrial fibrillation or premature ventricular contractions, RR intervals naturally vary pathologically rather than indicating poor signal quality, so standard plausibility checks should be disabled to avoid rejecting meaningful beats [PMC13259400].
RECOMMENDATION: Review the ECG trace for ectopic beats; do not flag this as a motion artifact or data loss. Context insufficient regarding specific clinical action beyond review.
DISCLAIMER: Research decision-support tool. Not a diagnostic device. Does not replace clinical judgment.","['PMC12938449_clinical_validation_of_rppgenabled_contactless_pulse_rate_mo', 'PMC12986937_sparse_temporal_autoencoder_for_ecg_anomaly_detection', 'PMC12031393_reliable_ecg_anomaly_detection_on_edge_devices_for_internet_', 'PMC13125301_mimiciiiextppg_a_ppgbased_benchmark_dataset_for_cardiovascul', 'PMC13259400_highreliability_signal_quality_validation_for_biosignals_usi']",10.1
6,2310,2340,0.5266,1.3078,"Robust anomaly confirmed by two independent detectors. elevated ecg (z=+0.8, mean=0.01) elevated wrist_eda (z=+0.3, mean=15.71) Relevant topics: electrocardiogram rhythm irregularity heart rate variability arrhythmia ectopic beats electrodermal activity skin conductance sympathetic stress arousal sweat response. Other readings: resp mean=0.07, bvp mean=0.09, wrist_temp mean=33.57.","DETECTED: Elevated ECG z-score suggests potential rhythm irregularity or ectopic beats; elevated wrist EDA indicates sympathetic stress, which can mimic tachycardia but does not confirm arrhythmia [PMC13075123].
EVIDENCE: Smartwatch single-lead ECGs are highly accurate for detecting atrial fibrillation and other life-threatening arrhythmias like ventricular tachycardia or bradycardia, with sensitivity/specificity exceeding 98%/99% [PMC13118077]. However, wrist-worn PPG metrics (like HRV) often show systematic overestimation compared to ECG ground truth and may not reliably recover parasympathetic-sensitive signals during stress or motion [PMC12736534].
RECOMMENDATION: Correlate the elevated EDA with symptoms; if palpitations, dizziness, or syncope are present, obtain a 30-second single-lead smartwatch ECG tracing to rule out paroxysmal arrhythmias like AFib [PMC13118077].
DISCLAIMER: Research decision-support tool. Not a diagnostic device. Does not replace clinical judgment.","['PMC12736534_signal_quality_assessment_and_reconstruction_of_ppgderived_s', 'PMC12986937_sparse_temporal_autoencoder_for_ecg_anomaly_detection', 'PMC13118077_a_prospective_realworld_study_evaluating_the_feasibility_and', 'PMC12031393_reliable_ecg_anomaly_detection_on_edge_devices_for_internet_', 'PMC13075123_aienabled_sensor_technologies_for_remote_arrhythmic_monitori']",10.9
6,2670,2700,0.4142,1.3897,"Abrupt isolated spike in wearable biosignals. reduced ecg (z=-1.5, mean=-0.01) reduced wrist_eda (z=-0.8, mean=4.51) Relevant topics: electrocardiogram rhythm irregularity heart rate variability arrhythmia ectopic beats electrodermal activity skin conductance sympathetic stress arousal sweat response. Other readings: resp mean=0.13, bvp mean=-0.28, wrist_temp mean=34.00.","DETECTED: The abrupt isolated spike suggests a potential paroxysmal arrhythmia or significant sympathetic arousal event, as wearables can detect rhythms beyond atrial fibrillation including tachycardia and supraventricular tachycardias.

EVIDENCE: Smartwatch ECGs have successfully identified bradycardias, tachyarrhythmias, ventricular tachycardia, and supraventricular tachycardias [PMC13027176]. Wearable devices can document paroxysmal arrhythmias during symptomatic episodes like palpitations or presyncope [PMC13027176]. Studies show high diagnostic accuracy for life-threatening arrhythmias using these tools [PMC13027176].

RECOMMENDATION: If the patient reports symptoms (e.g., palpitations, dizziness) during this spike, they should record a single-lead ECG via their smartwatch to capture the rhythm pattern. Refer symptomatic cases for clinical evaluation and potential ambulatory monitoring [PMC13027176].

DISCLAIMER: Research decision-support tool. Not a diagnostic device. Does not replace clinical judgment.","['PMC13259056_physiological_monitoring_applications_of_wearable_multimodal', 'PMC12736534_signal_quality_assessment_and_reconstruction_of_ppgderived_s', 'PMC13068127_mcardiacdx_radardriven_contactless_monitoring_and_diagnosis_', 'PMC13027176_the_use_of_digital_devices_in_the_management_of_athletes_wit', 'PMC13118077_a_prospective_realworld_study_evaluating_the_feasibility_and']",11.3
6,2820,2850,0.5005,1.2052,"Subtle distributed anomaly, gradual drift from baseline. elevated resp (z=+0.9, mean=0.36) elevated wrist_temp (z=+0.4, mean=34.07) Relevant topics: respiration rate breathing pattern tachypnea bradypnea ventilation skin temperature thermal perfusion vasomotor ambient temperature sensor effects. Other readings: ecg mean=0.00, bvp mean=0.60, wrist_eda mean=8.79.","DETECTED: The pattern suggests a gradual increase in breathing rate accompanied by slightly elevated skin temperature, which may indicate early stress or mild respiratory changes rather than acute distress.

EVIDENCE: Research indicates that wrist-worn PPG signals are highly susceptible to noise and can overestimate certain heart rate variability metrics like RMSSD and HF power [PMC12736534]. Additionally, signal quality at the wrist is significantly influenced by posture; standing with an arm hanging down yields lower quality than sitting or supine positions due to reduced perfusion index and signal-to-noise ratio [PMC12204546].

RECOMMENDATION: Verify if the patient's position (e.g., standing vs. lying) could be causing sensor noise that mimics a gradual drift in respiration rate. Check for ambient temperature changes affecting skin sensors, as wrist temperature readings can vary with thermal perfusion and movement artifacts [PMC12912879].

DISCLAIMER: Research decision-support tool. Not a diagnostic device. Does not replace clinical judgment.","['PMC11679670_wearable_solutions_using_physiological_signals_for_stress_mo', 'PMC12736534_signal_quality_assessment_and_reconstruction_of_ppgderived_s', 'PMC12912879_novel_type_iv_monitoring_device_with_advanced_oximetry_indic', 'PMC13212801_from_classic_to_cuttingedge_technological_approaches_to_resp', 'PMC12204546_determinants_of_photoplethysmography_signal_quality_at_the_w']",11.5
6,2910,2940,0.4648,1.3697,"Abrupt isolated spike in wearable biosignals. elevated wrist_temp (z=+0.4, mean=34.00) reduced ecg (z=-0.4, mean=-0.00) Relevant topics: skin temperature thermal perfusion vasomotor ambient temperature sensor effects electrocardiogram rhythm irregularity heart rate variability arrhythmia ectopic beats. Other readings: resp mean=0.08, bvp mean=0.13, wrist_eda mean=8.80.","DETECTED: The pattern suggests an isolated cardiac event (like ectopic beats) potentially obscured by sensor noise or motion artifacts rather than true physiological change.

EVIDENCE: Wearable PPG signals are more prone to motion artifacts and signal degradation under poor perfusion compared to ECG, which can lead to reduced signal quality indices [PMC12789550]. Additionally, RR intervals from ECG differ from pulse-to-pulse intervals in PPG due to measurement site differences and artifact susceptibility [PMC13263368].

RECOMMENDATION: Verify the spike by checking for concurrent motion artifacts or poor skin perfusion (e.g., cold extremities affecting wrist_temp). If symptoms are present, seek clinical confirmation via standard ECG. Otherwise, consider it a likely false positive due to sensor limitations [PMC12736534].

DISCLAIMER: Research decision-support tool. Not a diagnostic device. Does not replace clinical judgment.","['PMC13263368_pulse_rate_variability_is_not_the_same_as_heart_rate_variabi', 'PMC12300191_a_stability_and_aggregationbased_method_for_heart_rate_estim', 'PMC12736534_signal_quality_assessment_and_reconstruction_of_ppgderived_s', 'PMC12789550_wearable_devices_for_anxiety_assessment_a_systematic_review', 'PMC13027176_the_use_of_digital_devices_in_the_management_of_athletes_wit']",11.2
6,2970,3000,0.4324,1.3333,"Abrupt isolated spike in wearable biosignals. reduced ecg (z=-0.4, mean=-0.00) reduced wrist_eda (z=-0.4, mean=8.13) Relevant topics: electrocardiogram rhythm irregularity heart rate variability arrhythmia ectopic beats electrodermal activity skin conductance sympathetic stress arousal sweat response. Other readings: resp mean=-0.05, bvp mean=-0.16, wrist_temp mean=33.91.","DETECTED: The abrupt spike in ECG and wrist sensors likely represents a transient arrhythmia or motion artifact rather than sustained stress.
EVIDENCE: Wearable devices can detect various paroxysmal arrhythmias including tachycardia, bradycardia, and ectopic beats beyond just atrial fibrillation [PMC13118077]. However, wrist-worn sensors like PPG are susceptible to motion artifacts that must be distinguished from true physiological events during interpretation [PMC12736534].
RECOMMENDATION: Review the specific ECG tracing if available. If symptoms (palpitations, dizziness) occurred at this time, capture a single-lead ECG immediately to confirm rhythm and rule out motion artifact [PMC13118077].
DISCLAIMER: Research decision-support tool. Not a diagnostic device. Does not replace clinical judgment.","['PMC13259056_physiological_monitoring_applications_of_wearable_multimodal', 'PMC12736534_signal_quality_assessment_and_reconstruction_of_ppgderived_s', 'PMC13027176_the_use_of_digital_devices_in_the_management_of_athletes_wit', 'PMC13118077_a_prospective_realworld_study_evaluating_the_feasibility_and', 'PMC13068127_mcardiacdx_radardriven_contactless_monitoring_and_diagnosis_']",10.5
6,3030,3060,0.4806,1.3298,"Abrupt isolated spike in wearable biosignals. reduced resp (z=-3.2, mean=-1.20) elevated ecg (z=+0.6, mean=0.00) Relevant topics: respiration rate breathing pattern tachypnea bradypnea ventilation electrocardiogram rhythm irregularity heart rate variability arrhythmia ectopic beats. Other readings: bvp mean=-0.98, wrist_eda mean=15.96, wrist_temp mean=33.84.","DETECTED: The abrupt ECG spike with reduced respiration suggests a transient electrical event (e.g., ectopic beat) rather than respiratory distress like tachypnea or bradypnea.
EVIDENCE: Optical methods may miss brief, non-perfusing beats that appear as spikes on ECG but not in pulse signals [PMC12938449]. Abrupt deviations in heart rate intervals are often caused by ectopic activity rather than motion artifacts when physiological bounds are respected [PMC13259400].
RECOMMENDATION: Review the raw ECG trace to confirm if the spike represents an arrhythmia (e.g., premature beat) or artifact, as optical sensors may underestimate such events. Monitor for symptoms of syncope or hemodynamic instability per risk stratification guidelines [ESC 2018].
DISCLAIMER: Research decision-support tool. Not a diagnostic device. Does not replace clinical judgment.","['ESC 2018 — Guidelines for the Diagnosis and Management of Syncope', 'PMC12982742_a_lightweight_residual_dilated_temporal_transformer_block_fo', 'PMC12938449_clinical_validation_of_rppgenabled_contactless_pulse_rate_mo', 'PMC12031393_reliable_ecg_anomaly_detection_on_edge_devices_for_internet_', 'PMC13259400_highreliability_signal_quality_validation_for_biosignals_usi']",9.4
6,3060,3090,0.5186,1.307,"Robust anomaly confirmed by two independent detectors. reduced resp (z=-2.0, mean=-0.74) elevated wrist_eda (z=+0.8, mean=20.73) Relevant topics: respiration rate breathing pattern tachypnea bradypnea ventilation electrodermal activity skin conductance sympathetic stress arousal sweat response. Other readings: ecg mean=0.00, bvp mean=0.17, wrist_temp mean=33.66.","DETECTED: Reduced respiration rate combined with elevated wrist EDA suggests a physiological stress response or potential signal artifact from motion/pressure, as PPG-derived metrics at the wrist often show bias and reduced reliability under dynamic conditions [PMC12736534].

EVIDENCE: Wrist-worn PPG signals are prone to systematic overestimation of certain HRV metrics (like RMSSD) and may fail to accurately recover parasympathetic-sensitive data, especially without signal quality thresholding or reconstruction steps [PMC12736534]. External factors like motion artifacts can modify waveform intensity, complicating the distinction between true vital sign changes and noise [PMC13094953].

RECOMMENDATION: Verify if the patient is moving; consider reviewing raw signal quality indices. If motion is present, do not rely solely on wrist PPG for respiration or stress metrics without clinical confirmation of symptoms like tachypnea or anxiety. Cross-reference with ECG or other modalities if available to confirm true physiological changes versus artifact [PMC13094953].

DISCLAIMER: Research decision-support tool. Not a diagnostic device. Does not replace clinical judgment.","['PMC12736534_signal_quality_assessment_and_reconstruction_of_ppgderived_s', 'PMC13074453_from_sensing_to_sensemaking_a_framework_for_onperson_intelli', 'PMC13094953_continuous_remote_monitoring_of_postoperative_vital_signs_wi', 'PMC13210545_signal_quality_of_reflectivemode_photoplethysmograms_across_', 'PMC12204546_determinants_of_photoplethysmography_signal_quality_at_the_w']",11.3
6,3120,3150,0.5427,1.0187,"Subtle distributed anomaly, gradual drift from baseline. elevated wrist_eda (z=+1.6, mean=29.23) elevated ecg (z=+0.4, mean=0.00) Relevant topics: electrodermal activity skin conductance sympathetic stress arousal sweat response electrocardiogram rhythm irregularity heart rate variability arrhythmia ectopic beats. Other readings: resp mean=0.03, bvp mean=0.04, wrist_temp mean=33.50.","DETECTED: The gradual rise in wrist EDA suggests sympathetic stress arousal or sweat response; slight ECG elevation may reflect normal variability rather than a definitive arrhythmia given the lack of specific rhythm irregularity details.

EVIDENCE: Wrist-worn PPG (often paired with EDA) can overestimate HRV metrics like RMSSD and HF, making precise parasympathetic assessment difficult [PMC12736534]. Skin temperature varies widely based on activity and ambient conditions, which may influence baseline readings [PMC12635167]. Digital biomarkers from longitudinal streams can indicate early instability before conventional markers appear [PMC13075123].

RECOMMENDATION: Monitor for symptom correlation; if symptoms like rapid heart rate occur, prioritize same-day repeat ECGs to confirm rhythm classification as per smartwatch validation studies [PMC12948591].

DISCLAIMER: Research decision-support tool. Not a diagnostic device. Does not replace clinical judgment.","['PMC12736534_signal_quality_assessment_and_reconstruction_of_ppgderived_s', 'PMC12948591_patientled_smartwatch_ecg_followup_strategy_after_af_ablatio', 'PMC12635167_a_multimodal_stress_detection_dataset_with_facial_expression', 'PMC13075123_aienabled_sensor_technologies_for_remote_arrhythmic_monitori', 'PMC12938449_clinical_validation_of_rppgenabled_contactless_pulse_rate_mo']",11.4
6,3150,3180,0.5328,1.0231,"Subtle distributed anomaly, gradual drift from baseline. elevated wrist_eda (z=+1.5, mean=28.12) reduced bvp (z=-0.6, mean=-0.98) Relevant topics: electrodermal activity skin conductance sympathetic stress arousal sweat response photoplethysmography pulse waveform amplitude perfusion signal quality motion artifact. Other readings: ecg mean=0.00, resp mean=0.03, wrist_temp mean=33.43.","DETECTED: The pattern suggests a potential motion artifact or sensor coupling issue rather than true physiological stress, as wrist-worn EDA is known to be inaccurate and prone to noise while reduced BVP often indicates poor signal quality during movement [PMC12635167].

EVIDENCE: Wrist-based EDA signals are not very accurate and can contain artifacts that affect data collection; some subjects may have uncaptureable or inaccurate EDA despite showing elevated values [PMC12635167]. Additionally, wrist-worn PPG (BVP) faces persistent difficulties in recovering certain metrics when motion occurs, often requiring signal quality assessment to filter out noise [PMC12989444].

RECOMMENDATION: Verify sensor placement and skin coupling; if the patient is moving or sweating heavily, consider discarding this 30-second window as unreliable data rather than interpreting it as acute stress.

DISCLAIMER: Research decision-support tool. Not a diagnostic device. Does not replace clinical judgment.","['PMC12204546_determinants_of_photoplethysmography_signal_quality_at_the_w', 'PMC12635167_a_multimodal_stress_detection_dataset_with_facial_expression', 'PMC12736534_signal_quality_assessment_and_reconstruction_of_ppgderived_s', 'PMC12608435_shortterm_detection_of_dynamic_stress_levels_in_exergaming_w', 'PMC12989444_colorfilterarraybased_multispectral_photoplethysmography_opt']",9.9
6,3180,3210,0.5023,1.0019,"Subtle distributed anomaly, gradual drift from baseline. elevated wrist_eda (z=+1.1, mean=23.32) elevated bvp (z=+0.3, mean=0.52) Relevant topics: electrodermal activity skin conductance sympathetic stress arousal sweat response photoplethysmography pulse waveform amplitude perfusion signal quality motion artifact. Other readings: ecg mean=0.00, resp mean=0.04, wrist_temp mean=33.41.","DETECTED: The gradual elevation in EDA suggests sympathetic arousal or stress response, while elevated BVP may indicate increased perfusion; however, these patterns could also reflect motion artifacts common in wrist-worn devices.

EVIDENCE: Wrist-based EDA signals are often inaccurate and prone to artifacts due to suboptimal sensor-skin coupling [PMC12608435]. PPG-derived metrics at the wrist show larger errors compared to other sites like the finger or temple, particularly for heart rate estimation [PMC13210545]. Signal quality can be improved using spectral reconstruction and thresholding methods that reduce bias in HRV metrics [PMC12736534].

RECOMMENDATION: Verify sensor placement and check for motion artifacts before interpreting the stress signal. Consider validating findings with additional modalities or longer observation periods if possible, as single-modality wrist data may be noisy [PMC12635167].

DISCLAIMER: Research decision-support tool. Not a diagnostic device. Does not replace clinical judgment.","['PMC12204546_determinants_of_photoplethysmography_signal_quality_at_the_w', 'PMC12635167_a_multimodal_stress_detection_dataset_with_facial_expression', 'PMC12736534_signal_quality_assessment_and_reconstruction_of_ppgderived_s', 'PMC12608435_shortterm_detection_of_dynamic_stress_levels_in_exergaming_w', 'PMC13210545_signal_quality_of_reflectivemode_photoplethysmograms_across_']",9.9
6,3210,3240,0.5146,1.0094,"Subtle distributed anomaly, gradual drift from baseline. elevated wrist_eda (z=+1.2, mean=24.49) elevated wrist_temp (z=+0.1, mean=33.45) Relevant topics: electrodermal activity skin conductance sympathetic stress arousal sweat response skin temperature thermal perfusion vasomotor ambient temperature sensor effects. Other readings: ecg mean=0.00, resp mean=0.05, bvp mean=-0.03.","DETECTED: The pattern suggests a gradual increase in sympathetic arousal and skin perfusion rather than an acute stress event.
EVIDENCE: Elevated wrist EDA reflects sweat gland activity indicating autonomic response [PMC12635167]. Skin temperature variations are driven by blood flow changes due to activity or ambient conditions, not necessarily internal pathology [PMC12635167]. A slow drift in signals can be caused by gradual shifts in ambient temperature or electrode-skin contact pressure rather than a physiological event [PMC13259440].
RECOMMENDATION: Monitor for sustained changes; consider environmental factors like room temperature as potential causes. Verify sensor placement and skin hydration if the anomaly persists during rest.
DISCLAIMER: Research decision-support tool. Not a diagnostic device. Does not replace clinical judgment.","['PMC12635167_a_multimodal_stress_detection_dataset_with_facial_expression', 'PMC13213813_human_experience_in_regulated_offices_hero_dataset_synchroni', 'PMC13259440_hybrid_feature_learning_for_wearable_stress_detection_combin', 'PMC12736534_signal_quality_assessment_and_reconstruction_of_ppgderived_s', 'PMC13203100_from_biosignals_to_bedside_a_review_of_realtime_edge_machine']",9.0
6,3270,3300,0.5017,0.9875,"Subtle distributed anomaly, gradual drift from baseline. elevated wrist_eda (z=+1.0, mean=23.13) elevated ecg (z=+0.8, mean=0.01) Relevant topics: electrodermal activity skin conductance sympathetic stress arousal sweat response electrocardiogram rhythm irregularity heart rate variability arrhythmia ectopic beats. Other readings: resp mean=0.04, bvp mean=-0.25, wrist_temp mean=33.35.","DETECTED: The gradual elevation in wrist EDA suggests sympathetic stress arousal or sweat response; concurrent elevated ECG z-score may indicate rhythm irregularity but requires clinical correlation as PPG-derived metrics often overestimate HRV bias compared to ECG ground truth.

EVIDENCE: Elevated electrodermal activity (EDA) measures skin conductance reflecting the body's response to stimuli, with peaks serving as estimators of stress responses [PMC12635167]. However, wrist-worn PPG signals can be inaccurate or affected by artifacts, and specific HRV metrics like RMSSD are prone to systematic overestimation even after signal processing improvements [PMC12736534]. Symptom-annotated ECGs showing rapid heart rate were more likely classified as arrhythmia (e.g., AF) than unannotated ones in follow-up studies, highlighting the need for symptom correlation with rhythm data [PMC12948591].

RECOMMENDATION: Correlate elevated wrist readings with patient-reported symptoms; if rapid heart rate or palpitations are reported, prioritize same-day repeat ECG transmission to confirm arrhythmia classification. Monitor longitudinal trends rather than isolated 30-second windows for early signs of instability [PMC12635167].

DISCLAIMER: Research decision-support tool. Not a diagnostic device. Does not replace clinical judgment.","['PMC12736534_signal_quality_assessment_and_reconstruction_of_ppgderived_s', 'PMC12948591_patientled_smartwatch_ecg_followup_strategy_after_af_ablatio', 'PMC12635167_a_multimodal_stress_detection_dataset_with_facial_expression', 'PMC13075123_aienabled_sensor_technologies_for_remote_arrhythmic_monitori', 'PMC12938449_clinical_validation_of_rppgenabled_contactless_pulse_rate_mo']",12.0
6,3300,3330,0.546,1.2634,"Subtle distributed anomaly, gradual drift from baseline. elevated wrist_eda (z=+1.1, mean=24.07) elevated ecg (z=+0.4, mean=0.00) Relevant topics: electrodermal activity skin conductance sympathetic stress arousal sweat response electrocardiogram rhythm irregularity heart rate variability arrhythmia ectopic beats. Other readings: resp mean=0.04, bvp mean=-0.15, wrist_temp mean=33.33.","DETECTED: The gradual elevation in wrist EDA suggests sympathetic arousal or stress response; slight ECG drift may reflect motion artifact rather than true arrhythmia given the lack of specific rhythm irregularity data.
EVIDENCE: Wrist-worn PPG (often paired with EDA) can overestimate HRV metrics like RMSSD and HF, making them less reliable for detecting subtle parasympathetic changes compared to ECG [PMC12736534]. Skin temperature varies widely based on activity and ambient conditions, which can confound baseline interpretations [PMC12635167]. Digital biomarkers are best analyzed longitudinally to detect instability before conventional markers become evident [PMC13075123].
RECOMMENDATION: Monitor the patient's activity level and ambient temperature; if symptoms like palpitations or dizziness occur, request a clinical ECG. If no symptoms exist, continue longitudinal monitoring to confirm trends rather than reacting to single 30-second drifts [PMC12736534].
DISCLAIMER: Research decision-support tool. Not a diagnostic device. Does not replace clinical judgment.","['PMC12736534_signal_quality_assessment_and_reconstruction_of_ppgderived_s', 'PMC12948591_patientled_smartwatch_ecg_followup_strategy_after_af_ablatio', 'PMC12635167_a_multimodal_stress_detection_dataset_with_facial_expression', 'PMC13075123_aienabled_sensor_technologies_for_remote_arrhythmic_monitori', 'PMC12938449_clinical_validation_of_rppgenabled_contactless_pulse_rate_mo']",12.1
6,3330,3360,0.5145,1.0044,"Subtle distributed anomaly, gradual drift from baseline. elevated wrist_eda (z=+1.2, mean=24.42) elevated bvp (z=+0.1, mean=0.31) Relevant topics: electrodermal activity skin conductance sympathetic stress arousal sweat response photoplethysmography pulse waveform amplitude perfusion signal quality motion artifact. Other readings: ecg mean=0.00, resp mean=0.02, wrist_temp mean=33.31.","DETECTED: The gradual rise in EDA suggests sympathetic arousal or sweat response, while elevated BVP may indicate increased perfusion; however, these patterns could also reflect motion artifacts common in wrist-worn devices.

EVIDENCE: Wrist-based EDA signals are often inaccurate and prone to artifacts due to suboptimal sensor-skin coupling [PMC12608435]. PPG-derived metrics at the wrist can show significant bias compared to ground truth, particularly for parasympathetic-sensitive measures like RMSSD and HF power [PMC12736534]. Skin temperature varies widely based on activity and ambient conditions rather than solely reflecting physiological stress [PMC12635167].

RECOMMENDATION: Verify sensor placement to improve coupling; cross-reference with accelerometer data for motion artifacts. If the pattern persists across multiple windows, consider it a potential stress indicator but confirm with clinical assessment given wrist PPG limitations.

DISCLAIMER: Research decision-support tool. Not a diagnostic device. Does not replace clinical judgment.","['PMC12204546_determinants_of_photoplethysmography_signal_quality_at_the_w', 'PMC12635167_a_multimodal_stress_detection_dataset_with_facial_expression', 'PMC12736534_signal_quality_assessment_and_reconstruction_of_ppgderived_s', 'PMC12608435_shortterm_detection_of_dynamic_stress_levels_in_exergaming_w', 'PMC13210545_signal_quality_of_reflectivemode_photoplethysmograms_across_']",9.8
6,3360,3390,0.5367,1.0061,"Subtle distributed anomaly, gradual drift from baseline. elevated wrist_eda (z=+1.3, mean=25.77) elevated bvp (z=+1.0, mean=1.88) Relevant topics: electrodermal activity skin conductance sympathetic stress arousal sweat response photoplethysmography pulse waveform amplitude perfusion signal quality motion artifact. Other readings: ecg mean=0.00, resp mean=-0.00, wrist_temp mean=33.35.","DETECTED: The gradual rise in EDA (z=+1.3) suggests sympathetic arousal or stress response, while elevated BVP may indicate increased cardiac output; however, wrist PPG signals are prone to motion artifacts and lower accuracy compared to other sites [PMC12608435].
EVIDENCE: Wrist-based EDA can be inaccurate due to suboptimal sensor coupling, appearing as noise or low-amplitude patterns [PMC12736534]. PPG-derived metrics like HRV often show systematic overestimation at the wrist compared to ECG ground truth [PMC12736534]. Skin temperature variations are normal and depend on activity/ambient conditions, not necessarily pathology [PMC12635167].
RECOMMENDATION: Verify sensor placement for better coupling; consider that elevated BVP may reflect motion artifact rather than true hemodynamic change. If stress is suspected but signal quality is poor (low SNR), the data should be discarded or treated with caution per guidelines [PMC12736534].
DISCLAIMER: Research decision-support tool. Not a diagnostic device. Does not replace clinical judgment.","['PMC12204546_determinants_of_photoplethysmography_signal_quality_at_the_w', 'PMC12635167_a_multimodal_stress_detection_dataset_with_facial_expression', 'PMC12736534_signal_quality_assessment_and_reconstruction_of_ppgderived_s', 'PMC12608435_shortterm_detection_of_dynamic_stress_levels_in_exergaming_w', 'PMC13210545_signal_quality_of_reflectivemode_photoplethysmograms_across_']",10.4
6,3390,3420,0.5528,1.1081,"Subtle distributed anomaly, gradual drift from baseline. reduced bvp (z=-1.6, mean=-2.70) elevated wrist_eda (z=+1.4, mean=27.24) Relevant topics: photoplethysmography pulse waveform amplitude perfusion signal quality motion artifact electrodermal activity skin conductance sympathetic stress arousal sweat response. Other readings: ecg mean=0.00, resp mean=-0.01, wrist_temp mean=33.42.","DETECTED: The pattern suggests a potential motion artifact or poor sensor contact causing reduced pulse signal quality, coinciding with elevated skin conductance (sweat response).
EVIDENCE: Wrist photoplethysmogram signals are highly susceptible to noise and artifacts that reduce accuracy [PMC12204546]. EDA peaks can be event-related responses but wristband collection is often inaccurate due to artifacts [PMC12635167]. Signal quality at the wrist varies by posture, with standing positions yielding lower signal-to-noise ratios compared to supine or sitting postures where the arm rests in the lap [PMC12204546].
RECOMMENDATION: Verify sensor placement and ensure the user is not moving significantly (e.g., hanging arm while standing). If motion persists, consider repositioning the device. The retrieved context does not provide specific clinical follow-up steps beyond signal quality optimization techniques like posture adjustment or artifact removal algorithms [PMC12204546][PMC12736534].
DISCLAIMER: Research decision-support tool. Not a diagnostic device. Does not replace clinical judgment.","['PMC12204546_determinants_of_photoplethysmography_signal_quality_at_the_w', 'PMC12736534_signal_quality_assessment_and_reconstruction_of_ppgderived_s', 'PMC12635167_a_multimodal_stress_detection_dataset_with_facial_expression', 'PMC12694438_realtime_subjectspecific_predictive_modeling_of_ppg_signals_', 'PMC12989444_colorfilterarraybased_multispectral_photoplethysmography_opt']",11.3
6,3420,3450,0.544,1.04,"Subtle distributed anomaly, gradual drift from baseline. elevated wrist_eda (z=+1.4, mean=26.75) elevated ecg (z=+1.3, mean=0.01) Relevant topics: electrodermal activity skin conductance sympathetic stress arousal sweat response electrocardiogram rhythm irregularity heart rate variability arrhythmia ectopic beats. Other readings: resp mean=-0.03, bvp mean=0.67, wrist_temp mean=33.44.","DETECTED: The gradual elevation in wrist EDA suggests sympathetic arousal or stress response; concurrent slight ECG shift may reflect baseline drift rather than acute arrhythmia given the lack of specific rhythm irregularity details.

EVIDENCE: Wrist-worn PPG (often paired with EDA) can overestimate HRV metrics like RMSSD and HF, making precise interpretation difficult without ground truth [PMC12736534]. Symptom-annotated recordings are more likely to be classified as arrhythmia than unannotated ones, highlighting the importance of user-reported symptoms for context [PMC12948591]. EDA peaks can estimate body response to stimuli but may suffer from artifacts or inaccuracy on wristbands [PMC12635167].

RECOMMENDATION: Correlate the elevated readings with user symptoms (e.g., palpitations, anxiety). If no symptoms are reported and ECG rhythm is regular, consider this a stress response or signal artifact. Repeat monitoring during rest to confirm baseline stability.

DISCLAIMER: Research decision-support tool. Not a diagnostic device. Does not replace clinical judgment.","['PMC12736534_signal_quality_assessment_and_reconstruction_of_ppgderived_s', 'PMC12948591_patientled_smartwatch_ecg_followup_strategy_after_af_ablatio', 'PMC12635167_a_multimodal_stress_detection_dataset_with_facial_expression', 'PMC13075123_aienabled_sensor_technologies_for_remote_arrhythmic_monitori', 'PMC12938449_clinical_validation_of_rppgenabled_contactless_pulse_rate_mo']",11.6
6,3450,3480,0.5295,1.0562,"Subtle distributed anomaly, gradual drift from baseline. elevated wrist_eda (z=+1.3, mean=25.57) reduced ecg (z=-0.9, mean=-0.00) Relevant topics: electrodermal activity skin conductance sympathetic stress arousal sweat response electrocardiogram rhythm irregularity heart rate variability arrhythmia ectopic beats. Other readings: resp mean=-0.05, bvp mean=0.16, wrist_temp mean=33.46.","DETECTED: Elevated wrist EDA suggests sympathetic arousal or stress response; reduced ECG signal quality may indicate motion artifact rather than true rhythm irregularity, as PPG-derived HRV metrics like RMSSD and HF often overestimate variability compared to ECG ground truth [PMC12736534].

EVIDENCE: Wrist-based EDA can be inaccurate due to artifacts or poor sensor coupling, while PPG-derived HRV metrics (e.g., RMSSD) frequently show systematic overestimation relative to ECG [PMC12736534]. Skin temperature variations are common and depend on activity and ambient conditions [PMC12635167].

RECOMMENDATION: Verify sensor placement, check for motion artifacts, and consider repeating the measurement after rest. Do not interpret isolated EDA elevation or reduced PPG signal as definitive arrhythmia without clinical correlation [PMC12635167].

DISCLAIMER: Research decision-support tool. Not a diagnostic device. Does not replace clinical judgment.","['PMC12736534_signal_quality_assessment_and_reconstruction_of_ppgderived_s', 'PMC12635167_a_multimodal_stress_detection_dataset_with_facial_expression', 'PMC12608435_shortterm_detection_of_dynamic_stress_levels_in_exergaming_w', 'PMC12948591_patientled_smartwatch_ecg_followup_strategy_after_af_ablatio', 'PMC13075123_aienabled_sensor_technologies_for_remote_arrhythmic_monitori']",11.3
6,3480,3510,0.5134,1.0109,"Subtle distributed anomaly, gradual drift from baseline. reduced bvp (z=-1.2, mean=-2.07) elevated wrist_eda (z=+1.1, mean=23.75) Relevant topics: photoplethysmography pulse waveform amplitude perfusion signal quality motion artifact electrodermal activity skin conductance sympathetic stress arousal sweat response. Other readings: ecg mean=-0.00, resp mean=-0.07, wrist_temp mean=33.50.","DETECTED: The pattern suggests a potential signal quality issue or motion artifact affecting the wrist pulse reading, rather than true physiological stress alone.
EVIDENCE: Wrist photoplethysmogram (PPG) signals are highly susceptible to noise which can reduce accuracy [PMC12204546]. Additionally, EDA collection using wristbands is noted as not very accurate and prone to artifacts that affect data results [PMC12635167].
RECOMMENDATION: Verify the patient's posture (supine or sitting with arm at heart level yields best signal quality) and check for motion; do not interpret reduced BVP amplitude solely as low perfusion without ruling out artifact.
DISCLAIMER: Research decision-support tool. Not a diagnostic device. Does not replace clinical judgment.","['PMC12204546_determinants_of_photoplethysmography_signal_quality_at_the_w', 'PMC12736534_signal_quality_assessment_and_reconstruction_of_ppgderived_s', 'PMC12635167_a_multimodal_stress_detection_dataset_with_facial_expression', 'PMC12694438_realtime_subjectspecific_predictive_modeling_of_ppg_signals_', 'PMC12989444_colorfilterarraybased_multispectral_photoplethysmography_opt']",9.5
6,3510,3540,0.5303,1.0021,"Subtle distributed anomaly, gradual drift from baseline. elevated bvp (z=+1.2, mean=2.07) elevated wrist_eda (z=+1.1, mean=23.69) Relevant topics: photoplethysmography pulse waveform amplitude perfusion signal quality motion artifact electrodermal activity skin conductance sympathetic stress arousal sweat response. Other readings: ecg mean=0.01, resp mean=-0.09, wrist_temp mean=33.56.","DETECTED: The gradual elevation in blood volume pulse (BVP) and wrist electrodermal activity (EDA), alongside a stable skin temperature, suggests mild sympathetic arousal or stress.

EVIDENCE: EDA reflects sweat gland activity modulated by the autonomic nervous system during emotional arousal or cognitive load [PMC12789550]. While PPG signals are prone to motion artifacts and signal degradation under poor perfusion, they remain widely used for cardiovascular monitoring despite these limitations [PMC12789550]. Signal quality at the wrist is influenced by posture; supine positions generally yield higher quality than standing or sitting with arms hanging [PMC12204546]. Multimodal approaches combining signals like EDA and PPG often achieve better accuracy for detecting stress states compared to single-signal methods [PMC12789550].

RECOMMENDATION: Monitor the patient's posture; if standing, consider that signal quality may be lower than in a supine position. Verify there is no significant motion artifact affecting the BVP waveform. If symptoms of anxiety or stress are present clinically, these biosignals support further evaluation using multimodal data [PMC12789550].

DISCLAIMER: Research decision-support tool. Not a diagnostic device. Does not replace clinical judgment.","['PMC12204546_determinants_of_photoplethysmography_signal_quality_at_the_w', 'PMC12736534_signal_quality_assessment_and_reconstruction_of_ppgderived_s', 'PMC12635167_a_multimodal_stress_detection_dataset_with_facial_expression', 'PMC12789550_wearable_devices_for_anxiety_assessment_a_systematic_review', 'PMC12694438_realtime_subjectspecific_predictive_modeling_of_ppg_signals_']",11.7
6,3540,3570,0.5206,1.0057,"Subtle distributed anomaly, gradual drift from baseline. elevated wrist_eda (z=+1.0, mean=22.95) reduced ecg (z=-0.8, mean=-0.00) Relevant topics: electrodermal activity skin conductance sympathetic stress arousal sweat response electrocardiogram rhythm irregularity heart rate variability arrhythmia ectopic beats. Other readings: resp mean=-0.13, bvp mean=-0.81, wrist_temp mean=33.68.","DETECTED: Elevated wrist EDA suggests sympathetic arousal, while reduced ECG metrics may reflect signal quality issues rather than true cardiac rhythm changes.
EVIDENCE: Wrist-based EDA is often inaccurate due to motion artifacts and poor skin coupling; environmental factors like temperature can also elevate baseline conductance independently of stress [PMC13259440]. PPG-derived heart rate variability metrics (like RMSSD) are prone to systematic overestimation compared to ECG ground truth, even with advanced processing [PMC12736534]. Skin temperature varies widely based on activity and ambient conditions rather than just stress levels [PMC12635167].
RECOMMENDATION: Verify sensor placement for better skin contact; consider environmental factors like room temperature. Do not interpret reduced ECG metrics as arrhythmia without clinical confirmation, given known PPG limitations in recovering parasympathetic-sensitive data [PMC12736534]. Monitor if symptoms persist or worsen.
DISCLAIMER: Research decision-support tool. Not a diagnostic device. Does not replace clinical judgment.","['PMC12736534_signal_quality_assessment_and_reconstruction_of_ppgderived_s', 'PMC12635167_a_multimodal_stress_detection_dataset_with_facial_expression', 'PMC12608435_shortterm_detection_of_dynamic_stress_levels_in_exergaming_w', 'PMC12948591_patientled_smartwatch_ecg_followup_strategy_after_af_ablatio', 'PMC13259440_hybrid_feature_learning_for_wearable_stress_detection_combin']",10.3
6,3570,3600,0.5412,1.0486,"Subtle distributed anomaly, gradual drift from baseline. elevated wrist_eda (z=+0.9, mean=22.11) reduced ecg (z=-0.6, mean=-0.00) Relevant topics: electrodermal activity skin conductance sympathetic stress arousal sweat response electrocardiogram rhythm irregularity heart rate variability arrhythmia ectopic beats. Other readings: resp mean=-0.16, bvp mean=0.75, wrist_temp mean=33.79.","DETECTED: Elevated wrist EDA suggests sympathetic arousal or stress response; reduced ECG z-score may reflect signal quality issues rather than true rhythm irregularity, as PPG-derived HRV metrics like RMSSD and HF often show persistent bias compared to ECG ground truth [PMC12736534].

EVIDENCE: Wrist-based EDA can be inaccurate due to suboptimal sensor coupling or artifacts, while PPG-derived HRV metrics (e.g., RMSSD) frequently overestimate parasympathetic activity compared to ECG [PMC12736534]. Signal quality assessment and reconstruction can improve agreement but may not fully correct bias in specific variables like HF power [PMC12736534].

RECOMMENDATION: Verify sensor placement, check for motion artifacts, and consider repeating the measurement or correlating with symptom-annotated ECGs if clinical concern exists. Do not interpret isolated wearable anomalies without corroborating data [PMC12948591].

DISCLAIMER: Research decision-support tool. Not a diagnostic device. Does not replace clinical judgment.","['PMC12736534_signal_quality_assessment_and_reconstruction_of_ppgderived_s', 'PMC12948591_patientled_smartwatch_ecg_followup_strategy_after_af_ablatio', 'PMC12635167_a_multimodal_stress_detection_dataset_with_facial_expression', 'PMC12608435_shortterm_detection_of_dynamic_stress_levels_in_exergaming_w', 'PMC13075123_aienabled_sensor_technologies_for_remote_arrhythmic_monitori']",11.7
6,3600,3630,0.5092,0.9995,"Subtle distributed anomaly, gradual drift from baseline. elevated ecg (z=+1.5, mean=0.01) elevated bvp (z=+1.3, mean=2.31) Relevant topics: electrocardiogram rhythm irregularity heart rate variability arrhythmia ectopic beats photoplethysmography pulse waveform amplitude perfusion signal quality motion artifact. Other readings: resp mean=-0.17, wrist_eda mean=21.87, wrist_temp mean=33.91.","DETECTED: A gradual drift between ECG electrical activity and BVP pulse rate suggests transient rhythm irregularities where optical sensors missed non-perfusing beats.
EVIDENCE: Optical methods like rPPG measure peripheral blood volume changes rather than direct cardiac electricity; thus, they may underestimate brief arrhythmic events or ectopic beats that do not produce a sufficient peripheral pulse [PMC12938449]. ECG is highly sensitive to these transient rhythm changes while optical methods are subject to mechanical smoothing during vascular propagation [PMC12938449].
RECOMMENDATION: Prioritize the ECG signal for arrhythmia assessment as it precisely tracks R–R intervals, whereas rely on BVP only for stable perfusion trends; verify if elevated readings reflect dampened hemodynamic signals rather than true tachycardia [PMC12938449].
DISCLAIMER: Research decision-support tool. Not a diagnostic device. Does not replace clinical judgment.","['PMC12938449_clinical_validation_of_rppgenabled_contactless_pulse_rate_mo', 'PMC12986937_sparse_temporal_autoencoder_for_ecg_anomaly_detection', 'PMC12031393_reliable_ecg_anomaly_detection_on_edge_devices_for_internet_', 'PMC13125301_mimiciiiextppg_a_ppgbased_benchmark_dataset_for_cardiovascul', 'PMC13214367_a_peakoriented_diffusion_model_for_highfidelity_electrocardi']",11.0
6,3630,3660,0.5142,1.0278,"Subtle distributed anomaly, gradual drift from baseline. reduced bvp (z=-1.7, mean=-2.91) elevated wrist_eda (z=+0.8, mean=21.03) Relevant topics: photoplethysmography pulse waveform amplitude perfusion signal quality motion artifact electrodermal activity skin conductance sympathetic stress arousal sweat response. Other readings: ecg mean=0.00, resp mean=-0.19, wrist_temp mean=34.00.","DETECTED: The anomaly suggests a potential signal quality issue or motion artifact affecting the wrist pulse reading, rather than true physiological stress alone.
EVIDENCE: Wrist photoplethysmogram (PPG) signals are highly susceptible to noise and can be reduced in accuracy by factors like posture; standing with arms hanging often yields lower signal quality compared to supine positions [PMC12204546]. Additionally, EDA peaks from wristbands may not always capture data accurately or contain artifacts that affect results [PMC12635167].
RECOMMENDATION: Verify the user's posture (e.g., ensure arm is at heart level) and check for motion; do not interpret reduced BVP as hypoperfusion without ruling out artifact.
DISCLAIMER: Research decision-support tool. Not a diagnostic device. Does not replace clinical judgment.","['PMC12204546_determinants_of_photoplethysmography_signal_quality_at_the_w', 'PMC12736534_signal_quality_assessment_and_reconstruction_of_ppgderived_s', 'PMC12635167_a_multimodal_stress_detection_dataset_with_facial_expression', 'PMC12694438_realtime_subjectspecific_predictive_modeling_of_ppg_signals_', 'PMC12989444_colorfilterarraybased_multispectral_photoplethysmography_opt']",9.8
6,3720,3750,0.5019,1.0525,"Subtle distributed anomaly, gradual drift from baseline. elevated wrist_eda (z=+0.6, mean=18.77) elevated wrist_temp (z=+0.5, mean=34.21) Relevant topics: electrodermal activity skin conductance sympathetic stress arousal sweat response skin temperature thermal perfusion vasomotor ambient temperature sensor effects. Other readings: ecg mean=-0.00, resp mean=-0.06, bvp mean=-0.47.","DETECTED: The pattern suggests a gradual increase in sympathetic arousal and skin perfusion rather than an acute stress event.
EVIDENCE: Elevated wrist EDA reflects sweat gland activity indicating autonomic response [PMC12635167]. Increased skin temperature indicates changes in skin blood flow, which varies with ambient conditions or vasomotor responses [PMC12635167]. A slow drift from baseline is often caused by gradual environmental factors like changing ambient temperature rather than a specific stimulus [PMC13203100].
RECOMMENDATION: Review recent ambient room conditions and sensor contact pressure, as these can independently elevate skin conductance level (SCL) without psychological stress [PMC13259440]. Verify if the user has moved to a warmer environment. No immediate clinical intervention is required for this specific pattern unless accompanied by other symptoms.
DISCLAIMER: Research decision-support tool. Not a diagnostic device. Does not replace clinical judgment.","['PMC12635167_a_multimodal_stress_detection_dataset_with_facial_expression', 'PMC13259440_hybrid_feature_learning_for_wearable_stress_detection_combin', 'PMC13213813_human_experience_in_regulated_offices_hero_dataset_synchroni', 'PMC12736534_signal_quality_assessment_and_reconstruction_of_ppgderived_s', 'PMC13203100_from_biosignals_to_bedside_a_review_of_realtime_edge_machine']",10.3
6,3750,3780,0.5195,1.0724,"Subtle distributed anomaly, gradual drift from baseline. elevated ecg (z=+2.0, mean=0.01) reduced bvp (z=-0.7, mean=-1.09) Relevant topics: electrocardiogram rhythm irregularity heart rate variability arrhythmia ectopic beats photoplethysmography pulse waveform amplitude perfusion signal quality motion artifact. Other readings: resp mean=-0.05, wrist_eda mean=18.27, wrist_temp mean=34.23.","DETECTED: The pattern suggests a transient arrhythmia where an electrical beat occurred but did not generate a detectable peripheral pulse wave.
EVIDENCE: ECG captures direct cardiac electrical activity and detects transient rhythm changes like ectopic beats, while optical methods (PPG/rPPG) measure blood volume peaks which may be absent for non-perfusing events [PMC12938449]. Consequently, rPPG can underestimate arrhythmic events compared to ECG because mechanical smoothing during vascular propagation dampens brief ectopic signals that the electrical sensor still records [PMC12938449].
RECOMMENDATION: Prioritize the elevated ECG signal as it precisely tracks R-R intervals and detects fine-grained arrhythmias, while acknowledging optical methods may miss these specific transient events [PMC12938449].
DISCLAIMER: Research decision-support tool. Not a diagnostic device. Does not replace clinical judgment.","['PMC12938449_clinical_validation_of_rppgenabled_contactless_pulse_rate_mo', 'PMC12031393_reliable_ecg_anomaly_detection_on_edge_devices_for_internet_', 'PMC13125301_mimiciiiextppg_a_ppgbased_benchmark_dataset_for_cardiovascul', 'PMC12986937_sparse_temporal_autoencoder_for_ecg_anomaly_detection', 'PMC13259400_highreliability_signal_quality_validation_for_biosignals_usi']",10.8
6,3780,3810,0.5012,1.0174,"Subtle distributed anomaly, gradual drift from baseline. elevated wrist_eda (z=+0.7, mean=19.18) elevated wrist_temp (z=+0.5, mean=34.23) Relevant topics: electrodermal activity skin conductance sympathetic stress arousal sweat response skin temperature thermal perfusion vasomotor ambient temperature sensor effects. Other readings: ecg mean=0.00, resp mean=-0.05, bvp mean=0.57.","DETECTED: The pattern suggests a gradual increase in sympathetic arousal and skin perfusion rather than an acute stress event.
EVIDENCE: Elevated wrist EDA reflects sweat gland activity indicating autonomic response [PMC12635167]. Increased skin temperature indicates changes in skin blood flow or thermal regulation, which can vary based on ambient conditions [PMC12635167]. A gradual drift is often caused by non-physiological factors like slow variations in electrode contact pressure or warm-up of the sensor circuitry rather than a genuine autonomic response [PMC13259440].
RECOMMENDATION: Verify ambient temperature and check for loose fit causing baseline wander; do not interpret as acute stress without corroborating symptoms.
DISCLAIMER: Research decision-support tool. Not a diagnostic device. Does not replace clinical judgment.","['PMC12635167_a_multimodal_stress_detection_dataset_with_facial_expression', 'PMC13213813_human_experience_in_regulated_offices_hero_dataset_synchroni', 'PMC13259440_hybrid_feature_learning_for_wearable_stress_detection_combin', 'PMC12736534_signal_quality_assessment_and_reconstruction_of_ppgderived_s', 'PMC13203100_from_biosignals_to_bedside_a_review_of_realtime_edge_machine']",9.1
6,3870,3900,0.5147,1.1795,"Subtle distributed anomaly, gradual drift from baseline. reduced ecg (z=-0.6, mean=-0.00) elevated wrist_eda (z=+0.5, mean=17.93) Relevant topics: electrocardiogram rhythm irregularity heart rate variability arrhythmia ectopic beats electrodermal activity skin conductance sympathetic stress arousal sweat response. Other readings: resp mean=-0.07, bvp mean=-0.63, wrist_temp mean=34.23.","DETECTED: The gradual drift in ECG readings combined with elevated wrist sweat suggests a potential arrhythmia or sympathetic stress response that may not be fully captured by optical sensors alone [PMC12938449].

EVIDENCE: PPG-derived metrics like HRV (e.g., RMSSD, HF) are prone to systematic overestimation and fail to recover parasympathetic-sensitive metrics from wrist-worn devices compared to ECG ground truth [PMC12736534]. Optical methods may miss brief ectopic beats or non-perfusing events because they rely on peripheral blood volume changes rather than direct electrical activity, leading to discrepancies during arrhythmic conditions [PMC12938449]. Digital biomarkers from longitudinal data streams can provide early indications of instability before conventional markers become evident [PMC13075123].

RECOMMENDATION: Correlate the wearable anomaly with a standard 12-lead ECG to confirm rhythm irregularity, as optical sensors may underestimate transient arrhythmic events. Monitor for symptom correlation (e.g., palpitations) and consider repeat testing if unclassified or inconclusive readings persist [PMC12948591].

DISCLAIMER: Research decision-support tool. Not a diagnostic device. Does not replace clinical judgment.","['PMC12736534_signal_quality_assessment_and_reconstruction_of_ppgderived_s', 'PMC12948591_patientled_smartwatch_ecg_followup_strategy_after_af_ablatio', 'PMC13075123_aienabled_sensor_technologies_for_remote_arrhythmic_monitori', '2017 ACCAHAHRS — Evaluation of Patients with Syncope', 'PMC12938449_clinical_validation_of_rppgenabled_contactless_pulse_rate_mo']",11.9
6,3930,3960,0.5285,1.2196,"Subtle distributed anomaly, gradual drift from baseline. reduced ecg (z=-1.8, mean=-0.01) elevated bvp (z=+1.6, mean=2.77) Relevant topics: electrocardiogram rhythm irregularity heart rate variability arrhythmia ectopic beats photoplethysmography pulse waveform amplitude perfusion signal quality motion artifact. Other readings: resp mean=-0.07, wrist_eda mean=15.97, wrist_temp mean=34.26.","DETECTED: The pattern suggests a transient rhythm irregularity, such as an ectopic beat, where the electrical heart activity (ECG) detected a beat that did not generate a sufficient peripheral pulse to be seen in the blood volume signal.

EVIDENCE: ECG captures direct cardiac electrical activity and is highly sensitive to transient rhythm changes like ventricular ectopic beats [PMC12938449]. In contrast, optical methods (PPG/rPPG) measure peripheral blood volume; mechanical smoothing during vascular propagation makes them less sensitive to brief, non-perfusing events compared to ECG [PMC12938449]. Consequently, rPPG may underestimate transient arrhythmic events or show discrepancies when an extra electrical peak is absent in the pulse signal [PMC12938449].

RECOMMENDATION: Prioritize the ECG reading over the optical blood volume rate for this specific event to confirm if a true ectopic beat occurred, as optical methods may miss non-perfusing beats. Monitor closely; such discrepancies are more prevalent in patients with conditions like hypertension [PMC12938449].

DISCLAIMER: Research decision-support tool. Not a diagnostic device. Does not replace clinical judgment.","['PMC12938449_clinical_validation_of_rppgenabled_contactless_pulse_rate_mo', 'PMC12031393_reliable_ecg_anomaly_detection_on_edge_devices_for_internet_', 'PMC13125301_mimiciiiextppg_a_ppgbased_benchmark_dataset_for_cardiovascul', 'PMC12986937_sparse_temporal_autoencoder_for_ecg_anomaly_detection', 'PMC12694438_realtime_subjectspecific_predictive_modeling_of_ppg_signals_']",11.8
6,3960,3990,0.516,1.1264,"Subtle distributed anomaly, gradual drift from baseline. reduced ecg (z=-0.8, mean=-0.00) elevated wrist_temp (z=+0.5, mean=34.21) Relevant topics: electrocardiogram rhythm irregularity heart rate variability arrhythmia ectopic beats skin temperature thermal perfusion vasomotor ambient temperature sensor effects. Other readings: resp mean=-0.06, bvp mean=0.18, wrist_eda mean=16.19.","DETECTED: A gradual drift in ECG amplitude alongside elevated wrist temperature suggests potential signal quality issues or thermal effects rather than acute cardiac instability, as optical sensors like PPG can be less reliable under poor perfusion or motion artifacts [PMC12789550].

EVIDENCE: Wearable devices using photoplethysmography (PPG) are more prone to degradation under conditions of poor skin perfusion compared to ECG's high-fidelity electrical capture [PMC12789550]. Discrepancies between optical pulse rate and direct cardiac activity often reflect mechanical smoothing in vascular propagation, which may miss brief non-perfusing events like ectopic beats [PMC12938449]. Skin temperature changes can indicate peripheral vasoconstriction or ambient sensor effects rather than primary arrhythmia [PMC12789550].

RECOMMENDATION: Verify signal integrity by checking for motion artifacts and ensuring adequate skin perfusion. Correlate wrist temperature with environmental conditions to rule out thermal interference before interpreting the ECG drift as a clinical event. Prioritize multimodal data (ECG + PPG) if available, noting that optical methods may underestimate transient arrhythmias [PMC12938449].

DISCLAIMER: Research decision-support tool. Not a diagnostic device. Does not replace clinical judgment.","['PMC12031393_reliable_ecg_anomaly_detection_on_edge_devices_for_internet_', 'PMC12736534_signal_quality_assessment_and_reconstruction_of_ppgderived_s', 'PMC12938449_clinical_validation_of_rppgenabled_contactless_pulse_rate_mo', 'PMC12789550_wearable_devices_for_anxiety_assessment_a_systematic_review', 'PMC13075123_aienabled_sensor_technologies_for_remote_arrhythmic_monitori']",11.5
6,4020,4050,0.5081,1.0944,"Subtle distributed anomaly, gradual drift from baseline. elevated wrist_eda (z=+0.5, mean=17.06) elevated wrist_temp (z=+0.4, mean=34.15) Relevant topics: electrodermal activity skin conductance sympathetic stress arousal sweat response skin temperature thermal perfusion vasomotor ambient temperature sensor effects. Other readings: ecg mean=-0.00, resp mean=-0.06, bvp mean=0.38.","DETECTED: The pattern suggests a gradual increase in sympathetic arousal and thermal vasodilation rather than an acute stress event.
EVIDENCE: Elevated skin temperature indicates increased blood flow to the skin due to activity or ambient heat [PMC12635167]. EDA measures sweat gland activity reflecting autonomic response, but its tonic baseline (SCL) can rise independently of psychological stress if high ambient temperatures are present [PMC13259440]. Gradual drifts in these signals often result from environmental factors like warm-up or changes in electrode contact pressure rather than a discrete stimulus [PMC13259440].
RECOMMENDATION: Review the user's environment for increased ambient temperature before concluding psychological stress. Monitor if EDA peaks (SCR) occur, as phasic responses are more specific to stimuli than tonic shifts [PMC13259440].
DISCLAIMER: Research decision-support tool. Not a diagnostic device. Does not replace clinical judgment.","['PMC12635167_a_multimodal_stress_detection_dataset_with_facial_expression', 'PMC13213813_human_experience_in_regulated_offices_hero_dataset_synchroni', 'PMC13259440_hybrid_feature_learning_for_wearable_stress_detection_combin', 'PMC12736534_signal_quality_assessment_and_reconstruction_of_ppgderived_s', 'PMC13203100_from_biosignals_to_bedside_a_review_of_realtime_edge_machine']",10.1
6,4050,4080,0.502,1.1337,"Subtle distributed anomaly, gradual drift from baseline. reduced ecg (z=-0.9, mean=-0.00) reduced bvp (z=-0.7, mean=-1.20) Relevant topics: electrocardiogram rhythm irregularity heart rate variability arrhythmia ectopic beats photoplethysmography pulse waveform amplitude perfusion signal quality motion artifact. Other readings: resp mean=-0.06, wrist_eda mean=16.86, wrist_temp mean=34.15.","DETECTED: A gradual reduction in both ECG amplitude and blood volume pulse (BVP) suggests a dampened hemodynamic signal rather than true electrical silence or severe arrhythmia.

EVIDENCE: Optical methods like PPG/rPPG measure peripheral blood volume changes, which are subject to mechanical smoothing during vascular propagation; this makes them less sensitive to brief events compared to ECG [PMC12938449]. Consequently, optical signals may underestimate transient arrhythmic events or ectopic beats that do not produce a sufficient peripheral pulse, leading to discrepancies where the optical method follows the dampened signal while ECG detects electrical activity [PMC12938449].

RECOMMENDATION: Prioritize the ECG reading for rhythm assessment as it precisely tracks R-R intervals and is highly sensitive to transient changes, whereas rely on BVP/PPG primarily for stable perfusion trends in this context. Monitor closely if clinical records indicate conditions linked to increased ectopic activity [PMC12938449].

DISCLAIMER: Research decision-support tool. Not a diagnostic device. Does not replace clinical judgment.","['PMC12938449_clinical_validation_of_rppgenabled_contactless_pulse_rate_mo', 'PMC13125301_mimiciiiextppg_a_ppgbased_benchmark_dataset_for_cardiovascul', 'PMC12031393_reliable_ecg_anomaly_detection_on_edge_devices_for_internet_', 'PMC12694438_realtime_subjectspecific_predictive_modeling_of_ppg_signals_', 'PMC13214367_a_peakoriented_diffusion_model_for_highfidelity_electrocardi']",11.2
6,4140,4170,0.4991,1.0043,"Subtle distributed anomaly, gradual drift from baseline. reduced ecg (z=-0.6, mean=-0.00) elevated wrist_eda (z=+0.6, mean=18.64) Relevant topics: electrocardiogram rhythm irregularity heart rate variability arrhythmia ectopic beats electrodermal activity skin conductance sympathetic stress arousal sweat response. Other readings: resp mean=-0.06, bvp mean=0.07, wrist_temp mean=34.29.","DETECTED: The pattern suggests a physiological stress response where the wrist sensor detects elevated sympathetic arousal (sweat) while simultaneously underestimating heart rate variability due to inherent PPG limitations in capturing rapid electrical changes or ectopic beats compared to ECG.

EVIDENCE: Optical methods like rPPG measure peripheral blood volume and may miss brief, non-perfusing events such as ventricular ectopic beats that are clearly seen on ECG [PMC12938449]. Consequently, PPG-derived metrics for parasympathetic sensitivity (like RMSSD) often show systematic overestimation or bias compared to ECG ground truth, even with advanced signal processing [PMC12736534].

RECOMMENDATION: Do not rely solely on wrist-worn optical data for arrhythmia detection; correlate findings with a 12-lead ECG if clinical symptoms are present. Monitor the patient closely as discrepancies may indicate transient rhythm irregularities missed by hemodynamic sensors [PMC12938449].

DISCLAIMER: Research decision-support tool. Not a diagnostic device. Does not replace clinical judgment.","['PMC12736534_signal_quality_assessment_and_reconstruction_of_ppgderived_s', 'PMC12948591_patientled_smartwatch_ecg_followup_strategy_after_af_ablatio', 'PMC13075123_aienabled_sensor_technologies_for_remote_arrhythmic_monitori', 'PMC12938449_clinical_validation_of_rppgenabled_contactless_pulse_rate_mo', '2017 ACCAHAHRS — Evaluation of Patients with Syncope']",10.9
6,4170,4200,0.5317,1.1177,"Subtle distributed anomaly, gradual drift from baseline. reduced ecg (z=-0.9, mean=-0.00) elevated wrist_eda (z=+0.8, mean=20.80) Relevant topics: electrocardiogram rhythm irregularity heart rate variability arrhythmia ectopic beats electrodermal activity skin conductance sympathetic stress arousal sweat response. Other readings: resp mean=-0.07, bvp mean=-0.80, wrist_temp mean=34.27.","DETECTED: The pattern suggests a potential signal processing artifact or physiological stress response rather than an acute cardiac event, as wrist-worn PPG devices often overestimate parasympathetic metrics like HRV even with advanced filtering [PMC12736534].

EVIDENCE: Research indicates that RMSSD and HF power are prone to systematic overestimation by wrist-worn PPG, making it difficult to recover these parasympathetic-sensitive metrics accurately [PMC12736534]. Additionally, symptom-annotated ECGs (e.g., rapid heart rate) are more likely to be classified as arrhythmia than unannotated ones, highlighting the need for user correlation with symptoms like palpitations or dizziness [PMC12948591].

RECOMMENDATION: Correlate this gradual drift and elevated wrist EDA (stress/sweat) with patient-reported symptoms. If the user feels well, consider it a likely artifact or benign stress response; if symptomatic, request an immediate manual 12-lead ECG to rule out true arrhythmia [PMC12948591].

DISCLAIMER: Research decision-support tool. Not a diagnostic device. Does not replace clinical judgment.","['PMC12736534_signal_quality_assessment_and_reconstruction_of_ppgderived_s', 'PMC12948591_patientled_smartwatch_ecg_followup_strategy_after_af_ablatio', 'PMC13075123_aienabled_sensor_technologies_for_remote_arrhythmic_monitori', 'PMC12031393_reliable_ecg_anomaly_detection_on_edge_devices_for_internet_', '2017 ACCAHAHRS — Evaluation of Patients with Syncope']",13.0
6,4200,4230,0.5418,1.0677,"Subtle distributed anomaly, gradual drift from baseline. elevated wrist_eda (z=+0.9, mean=21.33) elevated bvp (z=+0.5, mean=1.01) Relevant topics: electrodermal activity skin conductance sympathetic stress arousal sweat response photoplethysmography pulse waveform amplitude perfusion signal quality motion artifact. Other readings: ecg mean=-0.00, resp mean=-0.08, wrist_temp mean=34.29.","DETECTED: The gradual rise in EDA suggests sympathetic arousal or stress response, while elevated BVP indicates increased perfusion; however, these signals may be influenced by motion artifacts or suboptimal sensor coupling.

EVIDENCE: Wrist-based EDA can suffer from inaccuracies and artifacts due to poor skin contact [PMC12635167]. PPG-derived metrics like heart rate variability are prone to systematic overestimation at the wrist compared to ground truth, especially for parasympathetic-sensitive measures [PMC12736534]. Wrist measurements often show higher errors in HR estimation due to missed pulse peaks and motion interference [PMC13210545].

RECOMMENDATION: Verify sensor placement and skin contact quality. If possible, cross-reference with ECG or other modalities to distinguish true physiological changes from signal noise caused by movement or poor coupling. Monitor for sustained patterns rather than isolated 30-second spikes.

DISCLAIMER: Research decision-support tool. Not a diagnostic device. Does not replace clinical judgment.","['PMC12635167_a_multimodal_stress_detection_dataset_with_facial_expression', 'PMC12204546_determinants_of_photoplethysmography_signal_quality_at_the_w', 'PMC12736534_signal_quality_assessment_and_reconstruction_of_ppgderived_s', 'PMC12608435_shortterm_detection_of_dynamic_stress_levels_in_exergaming_w', 'PMC13210545_signal_quality_of_reflectivemode_photoplethysmograms_across_']",9.9
6,4230,4260,0.507,1.011,"Subtle distributed anomaly, gradual drift from baseline. elevated wrist_eda (z=+0.7, mean=19.80) reduced bvp (z=-0.7, mean=-1.16) Relevant topics: electrodermal activity skin conductance sympathetic stress arousal sweat response photoplethysmography pulse waveform amplitude perfusion signal quality motion artifact. Other readings: ecg mean=-0.00, resp mean=-0.09, wrist_temp mean=34.33.","DETECTED: The pattern suggests a physiological stress response (elevated EDA, reduced BVP) potentially confounded by motion artifacts or poor sensor coupling at the wrist.

EVIDENCE: Wrist-based EDA signals can be inaccurate due to suboptimal skin-sensor coupling and may appear as low-amplitude noise [PMC12608435]. Additionally, PPG-derived metrics from wrist devices often show systematic bias compared to ground truth, particularly for parasympathetic-sensitive measures like RMSSD and HF power [PMC12736534]. Skin temperature also varies widely based on activity and ambient conditions rather than just blood flow [PMC12635167].

RECOMMENDATION: Verify sensor placement to improve coupling; if motion is present, consider signal reconstruction methods that retain valid data epochs while reducing bias. Cross-check with other modalities (e.g., video) as single-stream wristband data may be imperfect for stress detection [PMC12635167].

DISCLAIMER: Research decision-support tool. Not a diagnostic device. Does not replace clinical judgment.","['PMC12204546_determinants_of_photoplethysmography_signal_quality_at_the_w', 'PMC12635167_a_multimodal_stress_detection_dataset_with_facial_expression', 'PMC12736534_signal_quality_assessment_and_reconstruction_of_ppgderived_s', 'PMC12608435_shortterm_detection_of_dynamic_stress_levels_in_exergaming_w', 'PMC12989444_colorfilterarraybased_multispectral_photoplethysmography_opt']",10.6
6,4260,4290,0.5069,1.0231,"Subtle distributed anomaly, gradual drift from baseline. elevated wrist_eda (z=+0.6, mean=18.73) elevated wrist_temp (z=+0.6, mean=34.40) Relevant topics: electrodermal activity skin conductance sympathetic stress arousal sweat response skin temperature thermal perfusion vasomotor ambient temperature sensor effects. Other readings: ecg mean=0.00, resp mean=-0.10, bvp mean=0.19.","DETECTED: The anomaly suggests a gradual increase in sympathetic arousal and vasodilation rather than an acute stress event.
EVIDENCE: Elevated skin temperature indicates increased blood flow to the skin due to activity or ambient heat [PMC12635167]. EDA measures sweat gland activity reflecting autonomic response, but its signal can be inaccurate or affected by artifacts like motion and environmental factors such as high ambient temperature which elevate baseline levels independently of psychological stress [PMC13203100]. A slow drift in the EDA signal is often caused by gradual changes in ambient temperature, electrode contact pressure, or sensor warm-up rather than a genuine physiological response [PMC13259440].
RECOMMENDATION: Verify environmental conditions and device fit; do not interpret this as acute stress without corroborating data.
DISCLAIMER: Research decision-support tool. Not a diagnostic device. Does not replace clinical judgment.","['PMC12635167_a_multimodal_stress_detection_dataset_with_facial_expression', 'PMC13213813_human_experience_in_regulated_offices_hero_dataset_synchroni', 'PMC13259440_hybrid_feature_learning_for_wearable_stress_detection_combin', 'PMC12736534_signal_quality_assessment_and_reconstruction_of_ppgderived_s', 'PMC13203100_from_biosignals_to_bedside_a_review_of_realtime_edge_machine']",10.0
6,4320,4350,0.5044,1.1589,"Subtle distributed anomaly, gradual drift from baseline. elevated bvp (z=+1.7, mean=2.95) elevated wrist_temp (z=+0.6, mean=34.49) Relevant topics: photoplethysmography pulse waveform amplitude perfusion signal quality motion artifact skin temperature thermal perfusion vasomotor ambient temperature sensor effects. Other readings: ecg mean=0.00, resp mean=-0.13, wrist_eda mean=16.31.","DETECTED: The gradual rise in blood volume pulse (BVP) suggests a potential signal quality issue rather than true physiological elevation, likely caused by motion artifacts or changes in sensor contact.

EVIDENCE: Wrist PPG signals are highly susceptible to noise which can reduce accuracy [PMC12204546]. Signal quality is significantly influenced by posture and arm position; for example, standing with the arm hanging results in lower signal quality compared to supine positions or having the sensor held at heart height [PMC12204546]. Additionally, PPG-derived metrics can exhibit systematic overestimation due to motion artifacts that standard processing may not fully correct [PMC12736534].

RECOMMENDATION: Verify if the patient is moving or has changed position (e.g., standing vs. sitting). If possible, reposition the sensor at heart level with a relaxed arm to improve signal quality and reduce motion artifacts before interpreting the elevated BVP as clinically significant [PMC12204546].

DISCLAIMER: Research decision-support tool. Not a diagnostic device. Does not replace clinical judgment.","['PMC12204546_determinants_of_photoplethysmography_signal_quality_at_the_w', 'PMC12694438_realtime_subjectspecific_predictive_modeling_of_ppg_signals_', 'PMC12736534_signal_quality_assessment_and_reconstruction_of_ppgderived_s', 'PMC12300191_a_stability_and_aggregationbased_method_for_heart_rate_estim', 'PMC13210545_signal_quality_of_reflectivemode_photoplethysmograms_across_']",11.9
7,1680,1710,0.4243,1.4086,"Abrupt isolated spike in wearable biosignals. elevated ecg (z=+1.7, mean=0.01) reduced wrist_temp (z=-1.3, mean=30.33) Relevant topics: electrocardiogram rhythm irregularity heart rate variability arrhythmia ectopic beats skin temperature thermal perfusion vasomotor ambient temperature sensor effects. Other readings: resp mean=0.14, bvp mean=0.53, wrist_eda mean=5.73.","DETECTED: The abrupt ECG spike suggests an isolated arrhythmic event (e.g., ectopic beat or supraventricular tachycardia), while reduced wrist temperature may indicate peripheral vasoconstriction.

EVIDENCE: Wearable devices can detect infrequent, symptomatic arrhythmias that differ from motion artifacts; in athletes, such abrupt patterns often coincided with symptoms and were confirmed via invasive testing [PMC13027176]. PPG signals are more prone to degradation under poor perfusion (low temperature) compared to ECG's high-fidelity electrical capture [PMC12789550].

RECOMMENDATION: Correlate the spike with patient symptoms. If symptomatic, refer for ambulatory ECG or electrophysiology study; if asymptomatic and motion is suspected, monitor further as PPG may be less reliable in real-world settings than ECG [PMC12789550].

DISCLAIMER: Research decision-support tool. Not a diagnostic device. Does not replace clinical judgment.","['PMC12300191_a_stability_and_aggregationbased_method_for_heart_rate_estim', 'PMC13027176_the_use_of_digital_devices_in_the_management_of_athletes_wit', 'PMC13263368_pulse_rate_variability_is_not_the_same_as_heart_rate_variabi', 'PMC12789550_wearable_devices_for_anxiety_assessment_a_systematic_review', 'PMC12982742_a_lightweight_residual_dilated_temporal_transformer_block_fo']",11.2
7,3090,3120,0.4321,1.3003,"Abrupt isolated spike in wearable biosignals. elevated ecg (z=+0.8, mean=0.01) reduced bvp (z=-0.4, mean=-0.61) Relevant topics: electrocardiogram rhythm irregularity heart rate variability arrhythmia ectopic beats photoplethysmography pulse waveform amplitude perfusion signal quality motion artifact. Other readings: resp mean=0.06, wrist_eda mean=10.43, wrist_temp mean=32.50.","DETECTED: The pattern suggests an isolated ectopic beat where electrical activity (ECG) detected a spike, but peripheral blood flow (BVP) did not generate a corresponding pulse wave peak.

EVIDENCE: ECG captures direct cardiac electrical activity and is highly sensitive to transient rhythm changes like ventricular ectopic beats [PMC12938449]. In contrast, PPG/rPPG measures peripheral blood volume; if an extra beat does not produce sufficient peripheral perfusion (e.g., a non-perfusing ectopic event), the optical method will miss it or show dampened signals compared to ECG [PMC12938449]. Under stable conditions, successive RR intervals should evolve smoothly, whereas abrupt deviations can indicate artifacts or missed detections rather than true signal loss [PMC13259400].

RECOMMENDATION: Do not interpret the reduced BVP as poor perfusion; recognize this discrepancy as a known limitation of optical sensors during arrhythmic events where beats do not generate peripheral pulses. Correlate with ECG morphology to confirm ectopic activity rather than assuming motion artifact or signal failure [PMC12938449].

DISCLAIMER: Research decision-support tool. Not a diagnostic device. Does not replace clinical judgment.","['PMC12938449_clinical_validation_of_rppgenabled_contactless_pulse_rate_mo', 'PMC13259400_highreliability_signal_quality_validation_for_biosignals_usi', 'PMC12031393_reliable_ecg_anomaly_detection_on_edge_devices_for_internet_', 'PMC12982742_a_lightweight_residual_dilated_temporal_transformer_block_fo', 'PMC13027176_the_use_of_digital_devices_in_the_management_of_athletes_wit']",11.1
7,3270,3300,0.4557,1.2966,"Abrupt isolated spike in wearable biosignals. elevated resp (z=+0.7, mean=0.28) elevated bvp (z=+0.3, mean=0.51) Relevant topics: respiration rate breathing pattern tachypnea bradypnea ventilation photoplethysmography pulse waveform amplitude perfusion signal quality motion artifact. Other readings: ecg mean=0.00, wrist_eda mean=13.75, wrist_temp mean=32.90.","DETECTED: The abrupt spike in respiration and blood volume pulse signals likely represents a motion artifact rather than true tachypnea or physiological distress, as wearable sensors are highly susceptible to signal disruption from movement [PMC13296462].

EVIDENCE: Literature indicates that PPG signals are ""highly susceptible to movement artefacts,"" where shaking or rapid sensor movements disrupt the signal with noise [PMC12282364]. Research focuses on using acceleration data for quality checks and removing these artifacts before analysis, noting that robust measurement requires filtering out such interference caused by patient motion [PMC12282364].

RECOMMENDATION: Verify the anomaly against concurrent accelerometer or ECG data to rule out movement. If acceleration indicates significant motion (e.g., RMS > 4.0 m/s²), disregard this isolated spike as a likely artifact rather than clinical tachypnea [PMC12282364].

DISCLAIMER: Research decision-support tool. Not a diagnostic device. Does not replace clinical judgment.","['PMC12694438_realtime_subjectspecific_predictive_modeling_of_ppg_signals_', 'PMC13296462_respiratory_monitoring_in_motion_an_overview_of_wearable_met', 'PMC12282364_photoplethysmography_in_recentonset_atrial_fibrillation_auto', 'PMC12300191_a_stability_and_aggregationbased_method_for_heart_rate_estim', 'PMC12989444_colorfilterarraybased_multispectral_photoplethysmography_opt']",11.9
7,4110,4140,0.44,1.3744,"Abrupt isolated spike in wearable biosignals. elevated wrist_temp (z=+0.9, mean=35.15) reduced wrist_eda (z=-0.3, mean=9.48) Relevant topics: skin temperature thermal perfusion vasomotor ambient temperature sensor effects electrodermal activity skin conductance sympathetic stress arousal sweat response. Other readings: ecg mean=0.00, resp mean=0.01, bvp mean=0.03.","DETECTED: An abrupt isolated spike in wrist temperature with reduced electrodermal activity likely represents an artifact or environmental fluctuation rather than acute stress.
EVIDENCE: Skin temperature varies widely based on ambient temperature, while EDA artifacts from motion can produce sharp transients indistinguishable from genuine responses [PMC12635167]. Additionally, high ambient temperatures and humidity can elevate skin conductance independently of psychological stress [PMC13259440].
RECOMMENDATION: Review environmental conditions (ambient temperature) and sensor contact; do not interpret this isolated pattern as a definitive sign of sympathetic arousal without corroborating data.
DISCLAIMER: Research decision-support tool. Not a diagnostic device. Does not replace clinical judgment.","['PMC12635167_a_multimodal_stress_detection_dataset_with_facial_expression', 'PMC13213813_human_experience_in_regulated_offices_hero_dataset_synchroni', 'PMC13263368_pulse_rate_variability_is_not_the_same_as_heart_rate_variabi', 'PMC13068604_physiological_responses_to_emotional_video_stimuli_ecg_eda_a', 'PMC13259440_hybrid_feature_learning_for_wearable_stress_detection_combin']",9.9
7,4230,4260,0.4293,1.3026,"Abrupt isolated spike in wearable biosignals. elevated wrist_temp (z=+1.0, mean=35.41) reduced bvp (z=-0.6, mean=-0.98) Relevant topics: skin temperature thermal perfusion vasomotor ambient temperature sensor effects photoplethysmography pulse waveform amplitude perfusion signal quality motion artifact. Other readings: ecg mean=-0.00, resp mean=0.22, wrist_eda mean=9.88.","DETECTED: The pattern suggests a motion artifact or sensor noise event rather than true physiological change.
EVIDENCE: Literature indicates that wrist-based photoplethysmography (PPG) signals are highly susceptible to motion artifacts which can cause abrupt spikes and reduced signal amplitude [PMC12694438]. Additionally, changes in skin temperature due to ambient conditions or perfusion shifts can degrade PPG waveform quality, leading to false readings of reduced pulse volume [PMC12736534].
RECOMMENDATION: Review the patient's activity log for sudden movement during this 30-second window. If motion is confirmed, disregard these values as unreliable; if the patient was stationary and symptoms persist, notify a clinician to rule out perfusion issues or sensor malfunction.
DISCLAIMER: Research decision-support tool. Not a diagnostic device. Does not replace clinical judgment.","['PMC12300191_a_stability_and_aggregationbased_method_for_heart_rate_estim', 'PMC12204546_determinants_of_photoplethysmography_signal_quality_at_the_w', 'PMC12694438_realtime_subjectspecific_predictive_modeling_of_ppg_signals_', 'PMC12736534_signal_quality_assessment_and_reconstruction_of_ppgderived_s', 'PMC13263368_pulse_rate_variability_is_not_the_same_as_heart_rate_variabi']",12.6
7,4260,4290,0.4277,1.4347,"Abrupt isolated spike in wearable biosignals. elevated wrist_temp (z=+1.0, mean=35.45) elevated resp (z=+0.3, mean=0.13) Relevant topics: skin temperature thermal perfusion vasomotor ambient temperature sensor effects respiration rate breathing pattern tachypnea bradypnea ventilation. Other readings: ecg mean=0.00, bvp mean=-0.13, wrist_eda mean=10.69.","DETECTED: The isolated wrist temperature spike likely reflects ambient environmental changes or sensor artifacts rather than a physiological fever, as wearable skin temperature sensors have limited accuracy and are highly sensitive to external conditions [PMC13094953].

EVIDENCE: Research indicates that only 29.6% of wrist sensor temperature readings fall within ±1°C of the reference standard, warranting substantial caution when interpreting absolute values or isolated spikes without clinical context [PMC13094953]. Additionally, skin temperature sensors are known to be influenced by ambient factors and motion artifacts rather than solely core body heat [PMC12300191].

RECOMMENDATION: Do not interpret this single elevated reading as hyperthermia. Correlate with the patient's clinical status, room temperature logs, or repeat measurement after a period of rest to confirm if it represents true physiological change [PMC13094953].

DISCLAIMER: Research decision-support tool. Not a diagnostic device. Does not replace clinical judgment.","['PMC13263368_pulse_rate_variability_is_not_the_same_as_heart_rate_variabi', 'PMC13213813_human_experience_in_regulated_offices_hero_dataset_synchroni', 'PMC12300191_a_stability_and_aggregationbased_method_for_heart_rate_estim', 'PMC13068604_physiological_responses_to_emotional_video_stimuli_ecg_eda_a', 'PMC13094953_continuous_remote_monitoring_of_postoperative_vital_signs_wi']",12.0
7,4350,4380,0.4334,1.3611,"Abrupt isolated spike in wearable biosignals. reduced resp (z=-1.3, mean=-0.50) elevated wrist_temp (z=+1.1, mean=35.56) Relevant topics: respiration rate breathing pattern tachypnea bradypnea ventilation skin temperature thermal perfusion vasomotor ambient temperature sensor effects. Other readings: ecg mean=0.00, bvp mean=-1.01, wrist_eda mean=8.52.","DETECTED: An isolated spike in wrist temperature alongside reduced respiration may indicate sensor artifact or environmental influence rather than acute physiological distress.

EVIDENCE: Wearable skin temperature sensors can be affected by ambient conditions and motion artifacts, which are common challenges for photoplethysmography-based monitoring [PMC12300191]. Respiratory rate estimation from wearables is also susceptible to signal quality issues caused by movement or sensor placement errors [PMC13296462].

RECOMMENDATION: Verify the device's ambient temperature setting and check for motion artifacts before interpreting this as a clinical event. Review recent activity logs for sudden movements that could cause thermal spikes. If symptoms persist, perform manual vital sign assessment.

DISCLAIMER: Research decision-support tool. Not a diagnostic device. Does not replace clinical judgment.","['PMC13263368_pulse_rate_variability_is_not_the_same_as_heart_rate_variabi', 'PMC12300191_a_stability_and_aggregationbased_method_for_heart_rate_estim', 'PMC13296462_respiratory_monitoring_in_motion_an_overview_of_wearable_met', 'PMC13259056_physiological_monitoring_applications_of_wearable_multimodal', 'PMC13068604_physiological_responses_to_emotional_video_stimuli_ecg_eda_a']",10.9
7,8040,8070,0.4215,1.2979,"Abrupt isolated spike in wearable biosignals. reduced resp (z=-0.9, mean=-0.34) reduced wrist_eda (z=-0.6, mean=6.30) Relevant topics: respiration rate breathing pattern tachypnea bradypnea ventilation electrodermal activity skin conductance sympathetic stress arousal sweat response. Other readings: ecg mean=-0.00, bvp mean=0.11, wrist_temp mean=34.16.","DETECTED: The pattern suggests an isolated sympathetic stress response or motion artifact, indicated by reduced respiration and wrist EDA alongside stable cardiac signals.

EVIDENCE: Electrodermal activity (wrist_eda) reflects sweat responses linked to sympathetic arousal during stress [PMC13074453]. Reduced respiratory readings can occur due to transient changes in breathing patterns or sensor motion artifacts rather than clinical tachypnea/bradypnea alone, as wearable respiration monitoring requires context interpretation [PMC13296462]. Multimodal fusion is necessary to distinguish physiological stress from noise [PMC11679670].

RECOMMENDATION: Review recent activity logs for motion or environmental changes. Correlate the spike with user-reported events (e.g., anxiety, exercise). If symptoms persist outside of active movement contexts, consult clinical guidelines on tachypnea assessment before acting.

DISCLAIMER: Research decision-support tool. Not a diagnostic device. Does not replace clinical judgment.","['PMC13068127_mcardiacdx_radardriven_contactless_monitoring_and_diagnosis_', 'PMC13259056_physiological_monitoring_applications_of_wearable_multimodal', 'PMC13296462_respiratory_monitoring_in_motion_an_overview_of_wearable_met', 'PMC13074453_from_sensing_to_sensemaking_a_framework_for_onperson_intelli', 'PMC11679670_wearable_solutions_using_physiological_signals_for_stress_mo']",11.3
7,8160,8190,0.4344,1.6072,"Abrupt isolated spike in wearable biosignals. elevated bvp (z=+2.3, mean=4.11) elevated resp (z=+1.2, mean=0.47) Relevant topics: photoplethysmography pulse waveform amplitude perfusion signal quality motion artifact respiration rate breathing pattern tachypnea bradypnea ventilation. Other readings: ecg mean=0.00, wrist_eda mean=5.44, wrist_temp mean=34.18.","DETECTED: The abrupt spike likely represents a motion artifact rather than true physiological tachypnea or bradycardia.
EVIDENCE: PPG signals are highly susceptible to movement artifacts where shaking or rapid sensor movements disrupt the signal with noise [PMC12282364]. Algorithms often use acceleration data and quality indices (SQI) specifically for an initial check before analysis, as these disturbances can mimic physiological changes like elevated respiration or heart rate [PMC12282364], [PMC12694438].
RECOMMENDATION: Verify the patient's position and activity level; if motion is present, disregard this 30-second window as unreliable data per artifact reduction guidelines.
DISCLAIMER: Research decision-support tool. Not a diagnostic device. Does not replace clinical judgment.","['PMC12282364_photoplethysmography_in_recentonset_atrial_fibrillation_auto', 'PMC12694438_realtime_subjectspecific_predictive_modeling_of_ppg_signals_', 'PMC12300191_a_stability_and_aggregationbased_method_for_heart_rate_estim', 'PMC13296462_respiratory_monitoring_in_motion_an_overview_of_wearable_met', 'PMC13210545_signal_quality_of_reflectivemode_photoplethysmograms_across_']",11.8
7,8190,8220,0.4531,1.5194,"Abrupt isolated spike in wearable biosignals. reduced bvp (z=-2.5, mean=-4.31) reduced resp (z=-1.2, mean=-0.44) Relevant topics: photoplethysmography pulse waveform amplitude perfusion signal quality motion artifact respiration rate breathing pattern tachypnea bradypnea ventilation. Other readings: ecg mean=0.00, wrist_eda mean=5.34, wrist_temp mean=34.20.","DETECTED: An abrupt isolated spike with reduced blood volume pulse suggests motion artifact or signal quality degradation rather than true physiological tachypnea.

EVIDENCE: Literature indicates that PPG signals are highly susceptible to movement artifacts, where shaking or rapid sensor movements disrupt the signal with noise [PMC12300191]. Acceleration data is often used for initial quality checks and pre-processing before further analysis because raw PPG can be corrupted by such motion [PMC12282364].

RECOMMENDATION: Review concurrent acceleration or movement sensor data to confirm if the anomaly correlates with patient activity. If motion was present, treat this as a signal artifact rather than a clinical event requiring immediate intervention based on these guidelines alone.

DISCLAIMER: Research decision-support tool. Not a diagnostic device. Does not replace clinical judgment.","['PMC12694438_realtime_subjectspecific_predictive_modeling_of_ppg_signals_', 'PMC12989444_colorfilterarraybased_multispectral_photoplethysmography_opt', 'PMC12300191_a_stability_and_aggregationbased_method_for_heart_rate_estim', 'PMC13296462_respiratory_monitoring_in_motion_an_overview_of_wearable_met', 'PMC12282364_photoplethysmography_in_recentonset_atrial_fibrillation_auto']",10.7
7,8400,8430,0.3921,1.3037,"Abrupt isolated spike in wearable biosignals. elevated ecg (z=+2.1, mean=0.01) reduced wrist_eda (z=-0.8, mean=3.59) Relevant topics: electrocardiogram rhythm irregularity heart rate variability arrhythmia ectopic beats electrodermal activity skin conductance sympathetic stress arousal sweat response. Other readings: resp mean=-0.04, bvp mean=-0.51, wrist_temp mean=34.27.","DETECTED: The abrupt ECG spike combined with reduced wrist sweat response suggests a sudden cardiac event or arrhythmia, potentially accompanied by autonomic nervous system changes like stress.

EVIDENCE: Smartwatch single-lead ECGs can detect various arrhythmias beyond atrial fibrillation, including bradycardia and tachyarrhythmias [PMC13118077]. Wearable devices have successfully identified symptomatic isolated supraventricular arrhythmias in athletes using wrist-based sensors [PMC12789550]. ECG signals capture heart electrical activity with high fidelity, while reduced skin conductance (sweat) reflects autonomic modulation during emotional arousal or stress [PMC13068127].

RECOMMENDATION: Clinical follow-up should include a standard 12-lead ECG and evaluation for palpitations or presyncope symptoms. If symptomatic, obtain an ECG tracing immediately to characterize the rhythm; consider referral for electrophysiology study if arrhythmia is confirmed [PMC13068127].

DISCLAIMER: Research decision-support tool. Not a diagnostic device. Does not replace clinical judgment.","['PMC13118077_a_prospective_realworld_study_evaluating_the_feasibility_and', 'PMC13027176_the_use_of_digital_devices_in_the_management_of_athletes_wit', 'PMC12031393_reliable_ecg_anomaly_detection_on_edge_devices_for_internet_', 'PMC13068127_mcardiacdx_radardriven_contactless_monitoring_and_diagnosis_', 'PMC12789550_wearable_devices_for_anxiety_assessment_a_systematic_review']",10.9
7,8520,8550,0.4063,1.2916,"Abrupt isolated spike in wearable biosignals. reduced wrist_eda (z=-0.9, mean=3.18) elevated wrist_temp (z=+0.5, mean=34.28) Relevant topics: electrodermal activity skin conductance sympathetic stress arousal sweat response skin temperature thermal perfusion vasomotor ambient temperature sensor effects. Other readings: ecg mean=0.00, resp mean=-0.03, bvp mean=-0.33.","DETECTED: The abrupt EDA spike likely represents a motion artifact rather than genuine stress, as wrist-worn sensors are prone to signal inaccuracies during movement [PMC12635167]. Additionally, high ambient temperatures can independently elevate skin temperature and tonic baseline levels without indicating psychological stress [PMC13259440].

EVIDENCE: Literature notes that collecting EDA signals using wristbands is not very accurate and artifacts from motion or environmental factors (like heat) can affect data results [PMC12635167]. High ambient temperature and humidity are known to elevate tonic skin conductance levels independently of stress responses [PMC13259440].

RECOMMENDATION: Review the accelerometer data for concurrent movement artifacts. Correlate with environmental logs to rule out thermal effects before concluding a sympathetic arousal event occurred.

DISCLAIMER: Research decision-support tool. Not a diagnostic device. Does not replace clinical judgment.","['PMC12635167_a_multimodal_stress_detection_dataset_with_facial_expression', 'PMC13213813_human_experience_in_regulated_offices_hero_dataset_synchroni', 'PMC13068604_physiological_responses_to_emotional_video_stimuli_ecg_eda_a', 'PMC13259440_hybrid_feature_learning_for_wearable_stress_detection_combin', 'PMC12828444_using_wearable_technology_to_evaluate_the_electrodermal_acti']",10.7
8,0,30,0.4293,1.3273,"Abrupt isolated spike in wearable biosignals. reduced wrist_eda (z=-1.2, mean=0.24) reduced wrist_temp (z=-1.1, mean=30.85) Relevant topics: electrodermal activity skin conductance sympathetic stress arousal sweat response skin temperature thermal perfusion vasomotor ambient temperature sensor effects. Other readings: ecg mean=0.00, resp mean=0.17, bvp mean=-0.72.","DETECTED: The pattern suggests a potential motion artifact or sensor displacement rather than genuine stress, given simultaneous drops in both skin temperature and EDA which contradicts typical sympathetic activation where one often rises while the other falls.

EVIDENCE: Literature notes that collecting EDA signals using wristbands is not very accurate and artifacts can affect data collection results [PMC12635167]. Additionally, motion artifacts caused by electrode displacement during physical movement produce sharp signal transients indistinguishable from genuine responses [PMC13259440]. Skin temperature varies widely based on activity type and ambient conditions rather than just stress levels [PMC12635167].

RECOMMENDATION: Verify device fit for skin contact issues or check if the user moved abruptly during this 30-second window. Review environmental logs to rule out sudden changes in room temperature that could cause simultaneous sensor drops. If motion is confirmed, discard this segment as unreliable data [PMC12635167].

DISCLAIMER: Research decision-support tool. Not a diagnostic device. Does not replace clinical judgment.","['PMC12635167_a_multimodal_stress_detection_dataset_with_facial_expression', 'PMC13213813_human_experience_in_regulated_offices_hero_dataset_synchroni', 'PMC13068604_physiological_responses_to_emotional_video_stimuli_ecg_eda_a', 'PMC13259440_hybrid_feature_learning_for_wearable_stress_detection_combin', 'PMC12828444_using_wearable_technology_to_evaluate_the_electrodermal_acti']",10.2
8,60,90,0.4383,1.3761,"Abrupt isolated spike in wearable biosignals. elevated resp (z=+1.2, mean=0.50) reduced wrist_eda (z=-1.2, mean=0.32) Relevant topics: respiration rate breathing pattern tachypnea bradypnea ventilation electrodermal activity skin conductance sympathetic stress arousal sweat response. Other readings: ecg mean=-0.00, bvp mean=-0.02, wrist_temp mean=30.74.","DETECTED: The pattern suggests an isolated sympathetic stress response or motion artifact, indicated by increased respiration and decreased skin conductance (reduced sweating).
EVIDENCE: EDA phasic peaks reflect event-related sympathetic activation but can be indistinguishable from genuine responses when caused by motion artifacts like electrode displacement. Additionally, high ambient temperature can elevate baseline conductance independently of psychological stress [PMC13259440]. Wearable wristband EDA data collection is noted to have accuracy issues where signals may not be captured or are affected by noise and movement [PMC12635167].
RECOMMENDATION: Verify if the patient was moving, experiencing heat exposure, or undergoing a discrete stressor before concluding this represents genuine physiological arousal. Correlate with ECG stability to rule out cardiac causes for respiratory changes.
DISCLAIMER: Research decision-support tool. Not a diagnostic device. Does not replace clinical judgment.","['PMC13068127_mcardiacdx_radardriven_contactless_monitoring_and_diagnosis_', 'PMC13259440_hybrid_feature_learning_for_wearable_stress_detection_combin', 'PMC12635167_a_multimodal_stress_detection_dataset_with_facial_expression', 'PMC13259056_physiological_monitoring_applications_of_wearable_multimodal', 'PMC13296462_respiratory_monitoring_in_motion_an_overview_of_wearable_met']",9.8
8,900,930,0.439,1.3321,"Abrupt isolated spike in wearable biosignals. reduced wrist_temp (z=-1.5, mean=30.00) reduced wrist_eda (z=-1.1, mean=0.44) Relevant topics: skin temperature thermal perfusion vasomotor ambient temperature sensor effects electrodermal activity skin conductance sympathetic stress arousal sweat response. Other readings: ecg mean=-0.00, resp mean=-0.02, bvp mean=-0.46.","DETECTED: An abrupt isolated spike in wrist temperature and EDA likely represents motion artifact or sensor noise rather than physiological stress, given that other signals (ECG, BVP) remain stable.

EVIDENCE: Literature notes that collecting EDA via wristbands is not very accurate and artifacts can affect data collection results [PMC12635167]. Additionally, sharp signal transients in EDA are often indistinguishable from genuine stress peaks when caused by motion or electrode displacement rather than sympathetic activation [PMC13259440]. Skin temperature also varies widely based on activity and ambient conditions, not just blood flow changes related to stress [PMC12635167].

RECOMMENDATION: Review accelerometer data for sudden movement during the 30-second window. If motion is detected, treat this as a sensor artifact rather than a clinical event requiring immediate intervention. Monitor subsequent windows once activity stabilizes.

DISCLAIMER: Research decision-support tool. Not a diagnostic device. Does not replace clinical judgment.","['PMC12635167_a_multimodal_stress_detection_dataset_with_facial_expression', 'PMC13213813_human_experience_in_regulated_offices_hero_dataset_synchroni', 'PMC13068604_physiological_responses_to_emotional_video_stimuli_ecg_eda_a', 'PMC12736534_signal_quality_assessment_and_reconstruction_of_ppgderived_s', 'PMC13259440_hybrid_feature_learning_for_wearable_stress_detection_combin']",10.2
8,1230,1260,0.4633,1.3387,"Abrupt isolated spike in wearable biosignals. reduced wrist_temp (z=-1.7, mean=29.54) reduced resp (z=-1.3, mean=-0.49) Relevant topics: skin temperature thermal perfusion vasomotor ambient temperature sensor effects respiration rate breathing pattern tachypnea bradypnea ventilation. Other readings: ecg mean=0.00, bvp mean=-0.06, wrist_eda mean=0.40.","DETECTED: The abrupt spike combined with reduced wrist temperature suggests a motion artifact or sensor displacement rather than true physiological tachypnea, as PPG signals are highly susceptible to movement and perfusion changes [PMC12300191].

EVIDENCE: Literature indicates that photoplethysmography (PPG) measurements in wearable devices face challenges from motion artifacts, which can corrupt heart rate and respiratory data derived from pulse waveforms [PMC12300191]. Additionally, skin temperature sensors are affected by ambient conditions and thermal perfusion changes, meaning a sudden drop in wrist_temp often reflects vasomotor shifts or sensor contact loss rather than core hypothermia alone [PMC13213813].

RECOMMENDATION: Verify the patient's clinical status by comparing wearable data with direct observation. If no physical exertion, fever, or environmental change occurred, consider recalibrating the device or checking sensor placement to rule out motion artifacts [PMC12300191].

DISCLAIMER: Research decision-support tool. Not a diagnostic device. Does not replace clinical judgment.","['PMC12300191_a_stability_and_aggregationbased_method_for_heart_rate_estim', 'PMC13263368_pulse_rate_variability_is_not_the_same_as_heart_rate_variabi', 'PMC13213813_human_experience_in_regulated_offices_hero_dataset_synchroni', 'PMC12795177_ringtype_ppg_sensor_for_the_detection_of_ventricular_arrhyth', 'PMC13259056_physiological_monitoring_applications_of_wearable_multimodal']",12.7
8,2130,2160,0.5007,1.2297,"Subtle distributed anomaly, gradual drift from baseline. reduced wrist_temp (z=-1.9, mean=28.96) reduced wrist_eda (z=-0.8, mean=4.50) Relevant topics: skin temperature thermal perfusion vasomotor ambient temperature sensor effects electrodermal activity skin conductance sympathetic stress arousal sweat response. Other readings: ecg mean=0.00, resp mean=0.05, bvp mean=0.74.","DETECTED: The gradual drop in wrist temperature suggests reduced skin blood flow (vasoconstriction), while the slight EDA reduction may reflect sensor noise or low sweat response rather than a specific stress event.
EVIDENCE: Skin temperature varies based on activity and ambient conditions, not just internal state [PMC12635167]. Wrist-worn EDA signals can be inaccurate due to artifacts in some subjects [PMC12635167]. PPG-derived heart rate data (BVP) may also suffer from motion or signal quality issues affecting accuracy [PMC12592569].
RECOMMENDATION: Verify ambient room temperature and recent physical activity before interpreting the thermal drift. Review accelerometer data for movement artifacts that could corrupt EDA/PPG readings, as single-sensor imperfections are common [PMC12635167].
DISCLAIMER: Research decision-support tool. Not a diagnostic device. Does not replace clinical judgment.","['PMC12635167_a_multimodal_stress_detection_dataset_with_facial_expression', 'PMC12736534_signal_quality_assessment_and_reconstruction_of_ppgderived_s', 'PMC13213813_human_experience_in_regulated_offices_hero_dataset_synchroni', 'PMC12656070_printed_sensors_for_quantifying_electrodermal_activity_and_s', 'PMC12592569_photoplethysmography_in_diverse_skin_tones_evaluating_bias_i']",11.1
8,2250,2280,0.4736,1.3615,"Abrupt isolated spike in wearable biosignals. reduced wrist_temp (z=-1.7, mean=29.44) reduced wrist_eda (z=-0.8, mean=4.10) Relevant topics: skin temperature thermal perfusion vasomotor ambient temperature sensor effects electrodermal activity skin conductance sympathetic stress arousal sweat response. Other readings: ecg mean=0.00, resp mean=0.06, bvp mean=0.36.","DETECTED: The abrupt spike in wrist temperature and reduced skin conductance likely indicates a motion artifact or sensor displacement rather than a physiological stress response.
EVIDENCE: Literature notes that collecting EDA signals using wristbands is not very accurate and can be affected by artifacts, where the signal may become inaccurate or uncaptureable [PMC12635167]. Additionally, skin temperature varies widely based on activity type and ambient conditions, suggesting external factors rather than internal stress drive these specific changes in this context [PMC12635167].
RECOMMENDATION: Verify sensor contact integrity; if the device shifted during movement (e.g., arm motion), recalibrate or reposition. Do not interpret isolated spikes without corroborating ECG/HRV data as acute stress events based on current guidelines.
DISCLAIMER: Research decision-support tool. Not a diagnostic device. Does not replace clinical judgment.","['PMC12635167_a_multimodal_stress_detection_dataset_with_facial_expression', 'PMC13213813_human_experience_in_regulated_offices_hero_dataset_synchroni', 'PMC13068604_physiological_responses_to_emotional_video_stimuli_ecg_eda_a', 'PMC12736534_signal_quality_assessment_and_reconstruction_of_ppgderived_s', 'PMC13263368_pulse_rate_variability_is_not_the_same_as_heart_rate_variabi']",10.5
8,2280,2310,0.5088,1.2628,"Subtle distributed anomaly, gradual drift from baseline. reduced wrist_temp (z=-2.0, mean=28.86) reduced wrist_eda (z=-0.9, mean=3.25) Relevant topics: skin temperature thermal perfusion vasomotor ambient temperature sensor effects electrodermal activity skin conductance sympathetic stress arousal sweat response. Other readings: ecg mean=0.00, resp mean=0.29, bvp mean=-0.26.","DETECTED: The pattern suggests reduced sympathetic arousal or vasodilation, potentially influenced by ambient temperature changes rather than stress.
EVIDENCE: Skin temperature varies based on skin blood flow and ambient conditions; EDA measures sweat gland activity which can be inaccurate due to artifacts [PMC12635167]. Motion and interface issues like changing contact pressure can bias these readings in wearables [PMC13068604].
RECOMMENDATION: Verify environmental temperature logs. If ambient conditions changed, the drift may reflect thermoregulation rather than a physiological event; no immediate clinical action is indicated based on this context alone.
DISCLAIMER: Research decision-support tool. Not a diagnostic device. Does not replace clinical judgment.","['PMC12635167_a_multimodal_stress_detection_dataset_with_facial_expression', 'PMC12736534_signal_quality_assessment_and_reconstruction_of_ppgderived_s', 'PMC13213813_human_experience_in_regulated_offices_hero_dataset_synchroni', 'PMC13203100_from_biosignals_to_bedside_a_review_of_realtime_edge_machine', 'PMC13068604_physiological_responses_to_emotional_video_stimuli_ecg_eda_a']",8.8
8,2340,2370,0.5036,1.2067,"Subtle distributed anomaly, gradual drift from baseline. reduced wrist_temp (z=-2.2, mean=28.34) reduced resp (z=-0.7, mean=-0.26) Relevant topics: skin temperature thermal perfusion vasomotor ambient temperature sensor effects respiration rate breathing pattern tachypnea bradypnea ventilation. Other readings: ecg mean=0.00, bvp mean=0.32, wrist_eda mean=4.91.","DETECTED: The gradual drop in wrist temperature and respiration rate likely reflects sensor signal degradation due to reduced blood perfusion (vasoconstriction) or motion artifacts, rather than a true physiological decline.

EVIDENCE: Wrist photoplethysmogram signals are highly susceptible to noise which can reduce the accuracy of monitored parameters [PMC12204546]. Signal quality is significantly influenced by posture and arm position; for example, standing with an arm hanging alongside yields lower signal quality compared to sitting or supine positions where perfusion is better maintained [PMC12204546]. Additionally, skin pigmentation can impact the accuracy of optical sensors used in wearables .

RECOMMENDATION: Verify if the patient has moved into a standing position with arms hanging down or experienced vasoconstriction. Re-evaluate readings after ensuring the arm is raised to heart level and at rest, as this improves signal quality [PMC12204546]. If skin tone varies significantly from device calibration standards, consider these optical limitations when interpreting data .

DISCLAIMER: Research decision-support tool. Not a diagnostic device. Does not replace clinical judgment.","['PMC12592569_photoplethysmography_in_diverse_skin_tones_evaluating_bias_i', 'PMC12204546_determinants_of_photoplethysmography_signal_quality_at_the_w', 'PMC12989444_colorfilterarraybased_multispectral_photoplethysmography_opt', 'PMC12736534_signal_quality_assessment_and_reconstruction_of_ppgderived_s', 'PMC13265936_wearable_ecg_and_ppg_for_anxiety_detection_a_translational_d']",12.2
8,2370,2400,0.515,1.2102,"Subtle distributed anomaly, gradual drift from baseline. reduced wrist_temp (z=-2.4, mean=27.98) reduced wrist_eda (z=-0.6, mean=5.95) Relevant topics: skin temperature thermal perfusion vasomotor ambient temperature sensor effects electrodermal activity skin conductance sympathetic stress arousal sweat response. Other readings: ecg mean=-0.00, resp mean=0.23, bvp mean=-0.26.","DETECTED: The gradual drop in wrist temperature and slight reduction in skin conductance likely reflect normal thermoregulatory adjustments to ambient conditions rather than acute stress.
EVIDENCE: Skin temperature varies widely based on activity type and ambient temperature due to changes in skin blood flow [PMC12635167]. Electrodermal activity (EDA) measures sweat gland activity, but wristband collection can be inaccurate or affected by artifacts like motion or sensor contact issues [PMC12635167]. Wearable sensors are sensitive to interface conditions where changes in sweat volume and ambient light can bias readings over time [PMC13203100].
RECOMMENDATION: Monitor environmental temperature logs; if stable, this pattern is likely non-clinical. If symptoms persist or worsen, consult a clinician.
DISCLAIMER: Research decision-support tool. Not a diagnostic device. Does not replace clinical judgment.","['PMC12635167_a_multimodal_stress_detection_dataset_with_facial_expression', 'PMC12736534_signal_quality_assessment_and_reconstruction_of_ppgderived_s', 'PMC13213813_human_experience_in_regulated_offices_hero_dataset_synchroni', 'PMC13068604_physiological_responses_to_emotional_video_stimuli_ecg_eda_a', 'PMC13203100_from_biosignals_to_bedside_a_review_of_realtime_edge_machine']",10.1
8,2400,2430,0.5266,1.1394,"Subtle distributed anomaly, gradual drift from baseline. reduced wrist_temp (z=-2.5, mean=27.70) reduced wrist_eda (z=-0.5, mean=7.32) Relevant topics: skin temperature thermal perfusion vasomotor ambient temperature sensor effects electrodermal activity skin conductance sympathetic stress arousal sweat response. Other readings: ecg mean=0.00, resp mean=0.12, bvp mean=-0.08.","DETECTED: The gradual drop in wrist temperature and slight reduction in skin conductance likely reflect normal thermoregulatory adjustments to ambient conditions rather than a stress response.

EVIDENCE: Skin temperature varies widely based on activity type and ambient temperature due to changes in skin blood flow [PMC12635167]. Electrodermal activity (EDA) measures sweat gland activity, but wristband data can be inaccurate or affected by artifacts like motion or sensor contact issues [PMC12635167]. Skin temperature and EDA are sensitive to interface conditions such as sweat volume changes and electrode hydration over time [PMC13203100].

RECOMMENDATION: Monitor environmental factors (e.g., room cooling) before concluding a physiological change. Verify sensor contact integrity if readings continue drifting unexpectedly.

DISCLAIMER: Research decision-support tool. Not a diagnostic device. Does not replace clinical judgment.","['PMC12635167_a_multimodal_stress_detection_dataset_with_facial_expression', 'PMC12736534_signal_quality_assessment_and_reconstruction_of_ppgderived_s', 'PMC13213813_human_experience_in_regulated_offices_hero_dataset_synchroni', 'PMC13068604_physiological_responses_to_emotional_video_stimuli_ecg_eda_a', 'PMC13203100_from_biosignals_to_bedside_a_review_of_realtime_edge_machine']",10.2
8,2460,2490,0.5074,1.2103,"Subtle distributed anomaly, gradual drift from baseline. reduced wrist_temp (z=-2.6, mean=27.54) reduced resp (z=-0.7, mean=-0.26) Relevant topics: skin temperature thermal perfusion vasomotor ambient temperature sensor effects respiration rate breathing pattern tachypnea bradypnea ventilation. Other readings: ecg mean=0.00, bvp mean=0.32, wrist_eda mean=6.91.","DETECTED: The gradual drop in wrist temperature suggests reduced skin perfusion or vasomotor changes, while the slight respiratory signal shift may reflect sensor noise rather than true breathing rate change.

EVIDENCE: Wrist photoplethysmography (PPG) signals are highly susceptible to noise and environmental factors like ambient temperature, which can reduce accuracy of monitored parameters [PMC12204546]. Additionally, optical sensing technology at the wrist is influenced by skin pigmentation and sensor placement height; quality decreases when arms hang alongside the body compared to heart level or supine positions [PMC12204546], potentially causing gradual drifts in temperature and respiration readings.

RECOMMENDATION: Verify if the patient's arm position changed (e.g., moving from resting on a lap to hanging down) or if ambient room temperature dropped, as these factors significantly impact wrist sensor signal quality [PMC12204546]. Re-evaluate after ensuring the device is at heart level and in a stable thermal environment.

DISCLAIMER: Research decision-support tool. Not a diagnostic device. Does not replace clinical judgment.","['PMC12592569_photoplethysmography_in_diverse_skin_tones_evaluating_bias_i', 'PMC12204546_determinants_of_photoplethysmography_signal_quality_at_the_w', 'PMC12736534_signal_quality_assessment_and_reconstruction_of_ppgderived_s', 'PMC12989444_colorfilterarraybased_multispectral_photoplethysmography_opt', 'PMC11679670_wearable_solutions_using_physiological_signals_for_stress_mo']",12.2
8,2490,2520,0.499,1.1538,"Subtle distributed anomaly, gradual drift from baseline. reduced wrist_temp (z=-2.6, mean=27.61) elevated resp (z=+0.9, mean=0.38) Relevant topics: skin temperature thermal perfusion vasomotor ambient temperature sensor effects respiration rate breathing pattern tachypnea bradypnea ventilation. Other readings: ecg mean=0.00, bvp mean=-0.04, wrist_eda mean=7.91.","DETECTED: The pattern suggests potential sensor signal degradation or environmental interference rather than acute physiological distress, given the simultaneous drop in skin temperature and rise in respiration rate without corroborating ECG changes.

EVIDENCE: Wrist PPG signals are highly susceptible to noise which can reduce accuracy of monitored parameters [PMC12204546]. Signal quality is also influenced by posture; standing with arms hanging results in the lowest signal quality compared to supine or sitting positions where the arm rests at heart height [PMC12204546]. Additionally, ambient temperature and skin perfusion can affect sensor readings like wrist temperature [PMC12989444].

RECOMMENDATION: Verify patient posture (ensure arms are supported) and check for cold exposure or low battery affecting the thermal sensor. Correlate with clinical assessment as wearable data alone may reflect artifact rather than tachypnea in this context.

DISCLAIMER: Research decision-support tool. Not a diagnostic device. Does not replace clinical judgment.","['PMC12204546_determinants_of_photoplethysmography_signal_quality_at_the_w', 'PMC12592569_photoplethysmography_in_diverse_skin_tones_evaluating_bias_i', 'PMC12736534_signal_quality_assessment_and_reconstruction_of_ppgderived_s', 'PMC12989444_colorfilterarraybased_multispectral_photoplethysmography_opt', 'PMC11679670_wearable_solutions_using_physiological_signals_for_stress_mo']",11.7
8,2820,2850,0.5416,1.419,"Robust anomaly confirmed by two independent detectors. reduced wrist_temp (z=-3.1, mean=26.49) elevated resp (z=+0.8, mean=0.32) Relevant topics: skin temperature thermal perfusion vasomotor ambient temperature sensor effects respiration rate breathing pattern tachypnea bradypnea ventilation. Other readings: ecg mean=0.00, bvp mean=0.07, wrist_eda mean=6.69.","DETECTED: The anomaly suggests a drop in wrist skin temperature and an increase in respiration, which may indicate peripheral vasoconstriction or sensor artifact rather than true tachypnea.

EVIDENCE: Wrist-based PPG signals are highly susceptible to local body temperature changes and ambient conditions; reduced perfusion at the wrist can degrade signal quality [PMC13094953]. Additionally, HRV metrics like RMSSD derived from wrist-worn devices often show systematic overestimation or bias compared to ECG ground truth due to site-specific limitations [PMC12736534].

RECOMMENDATION: Verify the patient's core temperature and respiratory rate via a different modality (e.g., chest strap, nasal cannula) before acting on wrist-based alerts. Consider that low perfusion indices at cold extremities can cause false anomalies in wearable data [PMC12736534].

DISCLAIMER: Research decision-support tool. Not a diagnostic device. Does not replace clinical judgment.","['PMC12204546_determinants_of_photoplethysmography_signal_quality_at_the_w', 'PMC13094953_continuous_remote_monitoring_of_postoperative_vital_signs_wi', 'PMC13210545_signal_quality_of_reflectivemode_photoplethysmograms_across_', 'PMC12736534_signal_quality_assessment_and_reconstruction_of_ppgderived_s', 'PMC12300191_a_stability_and_aggregationbased_method_for_heart_rate_estim']",10.8
8,2910,2940,0.4991,1.091,"Subtle distributed anomaly, gradual drift from baseline. reduced wrist_temp (z=-3.0, mean=26.65) elevated resp (z=+0.4, mean=0.17) Relevant topics: skin temperature thermal perfusion vasomotor ambient temperature sensor effects respiration rate breathing pattern tachypnea bradypnea ventilation. Other readings: ecg mean=0.00, bvp mean=-0.50, wrist_eda mean=9.50.","DETECTED: The pattern suggests potential sensor signal degradation or environmental interference rather than acute physiological distress, given the simultaneous drop in skin temperature and slight respiratory elevation which may reflect vasomotor changes affecting optical readings [PMC12204546].

EVIDENCE: Wrist PPG signals are highly susceptible to noise influenced by posture and ambient conditions; quality is often lowest when standing or with arms hanging alongside, potentially causing signal drift similar to the observed reduced wrist temperature (z=-3.0) [PMC12204546]. Additionally, skin pigmentation can impact optical sensor accuracy for blood volume pulse measurements [PMC12592569], and motion artifacts are a known source of inaccuracy requiring specific detection algorithms [PMC12736534].

RECOMMENDATION: Verify the device's physical position (ensure arm is at heart level if possible) and check for ambient temperature changes or skin contact issues before interpreting respiratory data, as optical quality directly impacts parameter accuracy [PMC12204546][PMC12736534].

DISCLAIMER: Research decision-support tool. Not a diagnostic device. Does not replace clinical judgment.","['PMC12204546_determinants_of_photoplethysmography_signal_quality_at_the_w', 'PMC12592569_photoplethysmography_in_diverse_skin_tones_evaluating_bias_i', 'PMC12736534_signal_quality_assessment_and_reconstruction_of_ppgderived_s', 'PMC12989444_colorfilterarraybased_multispectral_photoplethysmography_opt', 'PMC11679670_wearable_solutions_using_physiological_signals_for_stress_mo']",12.5
8,3030,3060,0.5062,1.5064,"Robust anomaly confirmed by two independent detectors. reduced wrist_temp (z=-3.0, mean=26.71) reduced resp (z=-1.1, mean=-0.43) Relevant topics: skin temperature thermal perfusion vasomotor ambient temperature sensor effects respiration rate breathing pattern tachypnea bradypnea ventilation. Other readings: ecg mean=0.00, bvp mean=0.03, wrist_eda mean=10.66.","DETECTED: The simultaneous reduction in skin temperature (z=-3.0) and respiration rate suggests impaired peripheral perfusion or vasomotor instability rather than simple sensor error.
EVIDENCE: Local body temperature is a known physiological factor that can modify PPG intensity, while reduced wrist temperature indicates altered thermal perfusion [PMC12795177]. Additionally, external factors like ambient temperature and local body temperature are documented as elements affecting PPG signals [PMC13094953].
RECOMMENDATION: Verify the patient's core temperature and clinical status for signs of shock or vasoconstriction; do not attribute this solely to motion artifact given the robust confirmation by two detectors.
DISCLAIMER: Research decision-support tool. Not a diagnostic device. Does not replace clinical judgment.","['PMC12204546_determinants_of_photoplethysmography_signal_quality_at_the_w', 'PMC12300191_a_stability_and_aggregationbased_method_for_heart_rate_estim', 'PMC12795177_ringtype_ppg_sensor_for_the_detection_of_ventricular_arrhyth', 'PMC13094953_continuous_remote_monitoring_of_postoperative_vital_signs_wi', 'PMC12110636_fully_automated_photoplethysmographybased_wearable_atrial_fi']",9.6
8,3090,3120,0.4999,1.1825,"Subtle distributed anomaly, gradual drift from baseline. reduced wrist_temp (z=-2.9, mean=26.85) elevated ecg (z=+0.1, mean=0.00) Relevant topics: skin temperature thermal perfusion vasomotor ambient temperature sensor effects electrocardiogram rhythm irregularity heart rate variability arrhythmia ectopic beats. Other readings: resp mean=0.02, bvp mean=-0.09, wrist_eda mean=11.44.","DETECTED: The gradual drift in wrist temperature and subtle changes suggest potential motion artifacts or sensor interface issues rather than a primary cardiac event.
EVIDENCE: Wearable sensors face combined optical and mechanical problems; small shifts in position, contact pressure, and changing conditions can bias estimates [PMC13203100]. Motion artifact is dominant for ECG/PPG and co-occurs with baseline drift when signal morphology is distorted by movement or sweat layer changes [PMC13203100]. PPG signals are particularly difficult to interpret during motion because spectral content overlaps physiological bands, making simple filtering insufficient in active settings [PMC13203100].
RECOMMENDATION: Verify sensor contact and skin condition; do not rely on this single 30-second window for clinical decision-making without corroborating data.
DISCLAIMER: Research decision-support tool. Not a diagnostic device. Does not replace clinical judgment.","['PMC12736534_signal_quality_assessment_and_reconstruction_of_ppgderived_s', 'PMC12789550_wearable_devices_for_anxiety_assessment_a_systematic_review', 'PMC12592569_photoplethysmography_in_diverse_skin_tones_evaluating_bias_i', 'PMC12731301_diagnostic_accuracy_of_wearable_ecg_devices_for_atrial_fibri', 'PMC13203100_from_biosignals_to_bedside_a_review_of_realtime_edge_machine']",10.5
8,3240,3270,0.499,1.1735,"Subtle distributed anomaly, gradual drift from baseline. reduced wrist_temp (z=-2.8, mean=27.00) elevated bvp (z=+0.6, mean=1.19) Relevant topics: skin temperature thermal perfusion vasomotor ambient temperature sensor effects photoplethysmography pulse waveform amplitude perfusion signal quality motion artifact. Other readings: ecg mean=-0.00, resp mean=-0.10, wrist_eda mean=10.29.","DETECTED: Reduced wrist temperature and elevated blood volume pulse signals suggest a potential motion artifact or sensor displacement affecting perfusion signal quality, rather than true physiological vasodilation [PMC12204546].

EVIDENCE: Wrist PPG signals are highly susceptible to noise which can reduce accuracy; posture significantly influences quality (e.g., standing yields lower SNR) and raising the arm improves it by reducing gravitational effects on perfusion [PMC12204546]. Motion artifacts also degrade signal integrity, requiring specific processing techniques for reliable estimation during activity [PMC12300191].

RECOMMENDATION: Verify the patient's posture and ensure the sensor is at heart level or raised if standing. Check skin contact pressure to rule out motion artifacts before interpreting perfusion changes as physiological events [PMC12204546].

DISCLAIMER: Research decision-support tool. Not a diagnostic device. Does not replace clinical judgment.","['PMC12204546_determinants_of_photoplethysmography_signal_quality_at_the_w', 'PMC12694438_realtime_subjectspecific_predictive_modeling_of_ppg_signals_', 'PMC12300191_a_stability_and_aggregationbased_method_for_heart_rate_estim', 'PMC12736534_signal_quality_assessment_and_reconstruction_of_ppgderived_s', 'PMC12960368_an_adjustable_smart_ring_to_monitor_pulse_rate_and_periphera']",11.2
8,3420,3450,0.4878,1.3164,"Abrupt isolated spike in wearable biosignals. reduced wrist_temp (z=-2.8, mean=27.18) elevated resp (z=+0.8, mean=0.34) Relevant topics: skin temperature thermal perfusion vasomotor ambient temperature sensor effects respiration rate breathing pattern tachypnea bradypnea ventilation. Other readings: ecg mean=0.00, bvp mean=-0.10, wrist_eda mean=9.96.","DETECTED: An abrupt isolated spike in respiratory rate alongside reduced wrist temperature suggests transient thermal vasodilation or sensor artifact rather than primary tachypnea.

EVIDENCE: Peripheral skin temperature reflects peripheral thermal regulation and autonomic nervous system activity, while EDA captures sympathetic responses; these signals can fluctuate independently of core respiration during environmental shifts [PMC13068604]. Wearable PPG-derived respiratory estimates are susceptible to motion artifacts that may appear as isolated spikes in short windows [PMC12300191].

RECOMMENDATION: Verify ambient temperature and recent movement; do not interpret the spike as acute tachypnea without corroborating clinical signs. Review ECG for concurrent arrhythmia if symptoms persist.

DISCLAIMER: Research decision-support tool. Not a diagnostic device. Does not replace clinical judgment.","['PMC13263368_pulse_rate_variability_is_not_the_same_as_heart_rate_variabi', 'PMC13213813_human_experience_in_regulated_offices_hero_dataset_synchroni', 'PMC12300191_a_stability_and_aggregationbased_method_for_heart_rate_estim', 'PMC13259056_physiological_monitoring_applications_of_wearable_multimodal', 'PMC13068604_physiological_responses_to_emotional_video_stimuli_ecg_eda_a']",10.5
8,4290,4320,0.4715,1.4852,"Abrupt isolated spike in wearable biosignals. reduced wrist_temp (z=-2.5, mean=27.68) reduced wrist_eda (z=-0.8, mean=4.25) Relevant topics: skin temperature thermal perfusion vasomotor ambient temperature sensor effects electrodermal activity skin conductance sympathetic stress arousal sweat response. Other readings: ecg mean=0.00, resp mean=-0.16, bvp mean=-0.65.","DETECTED: An abrupt isolated spike in wrist temperature is likely an artifact rather than true physiological stress, given that skin temperature naturally fluctuates with ambient conditions and activity. The concurrent reduction in electrodermal activity (EDA) further suggests a non-stressor event or sensor error, as genuine sympathetic arousal typically increases EDA.

EVIDENCE: Skin temperature varies widely based on the type of activity and ambient temperature [PMC12635167]. Additionally, motion artifacts caused by electrode displacement can produce sharp signal transients indistinguishable from genuine responses in wearable sensors [PMC13259440]. EDA peaks are event-related estimators of body response to stimuli, but wristband data collection is not very accurate and can be affected by artifacts [PMC12635167].

RECOMMENDATION: Review the device's orientation and contact pressure for motion artifacts. Check ambient temperature logs; a sudden drop in skin temp may indicate environmental cooling or sensor displacement rather than vasomotor stress response. Verify if the spike aligns with movement events recorded by accelerometers [PMC12635167].

DISCLAIMER: Research decision-support tool. Not a diagnostic device. Does not replace clinical judgment.","['PMC12635167_a_multimodal_stress_detection_dataset_with_facial_expression', 'PMC13213813_human_experience_in_regulated_offices_hero_dataset_synchroni', 'PMC13068604_physiological_responses_to_emotional_video_stimuli_ecg_eda_a', 'PMC12736534_signal_quality_assessment_and_reconstruction_of_ppgderived_s', 'PMC13259440_hybrid_feature_learning_for_wearable_stress_detection_combin']",11.5
8,4410,4440,0.4843,1.4031,"Abrupt isolated spike in wearable biosignals. reduced wrist_temp (z=-2.6, mean=27.60) reduced wrist_eda (z=-0.8, mean=3.68) Relevant topics: skin temperature thermal perfusion vasomotor ambient temperature sensor effects electrodermal activity skin conductance sympathetic stress arousal sweat response. Other readings: ecg mean=0.00, resp mean=0.13, bvp mean=0.03.","DETECTED: An abrupt spike in wrist temperature accompanied by reduced electrodermal activity likely represents motion artifact or sensor displacement rather than physiological stress.
EVIDENCE: Literature notes that EDA sensors are prone to artifacts from electrode displacement during movement, which produce sharp signal transients indistinguishable from genuine responses [PMC13259440]. Additionally, skin temperature varies widely based on activity and ambient conditions, not just autonomic state [PMC12635167].
RECOMMENDATION: Verify sensor contact integrity; if the device moved or was bumped during the 30-second window causing a transient signal change, discard this segment as noise. If no physical movement occurred, consult clinical judgment for further evaluation.
DISCLAIMER: Research decision-support tool. Not a diagnostic device. Does not replace clinical judgment.","['PMC12635167_a_multimodal_stress_detection_dataset_with_facial_expression', 'PMC13213813_human_experience_in_regulated_offices_hero_dataset_synchroni', 'PMC13068604_physiological_responses_to_emotional_video_stimuli_ecg_eda_a', 'PMC12736534_signal_quality_assessment_and_reconstruction_of_ppgderived_s', 'PMC13259440_hybrid_feature_learning_for_wearable_stress_detection_combin']",9.4
8,4530,4560,0.4827,1.3237,"Abrupt isolated spike in wearable biosignals. reduced wrist_temp (z=-2.8, mean=27.09) reduced wrist_eda (z=-0.8, mean=3.85) Relevant topics: skin temperature thermal perfusion vasomotor ambient temperature sensor effects electrodermal activity skin conductance sympathetic stress arousal sweat response. Other readings: ecg mean=0.00, resp mean=0.00, bvp mean=0.40.","DETECTED: An abrupt isolated spike in wrist EDA combined with reduced skin temperature suggests motion artifacts or sensor displacement rather than a physiological stress event.

EVIDENCE: Research indicates that sharp signal transients in electrodermal activity (EDA) can be caused by motion artifacts from electrode displacement, which are indistinguishable from genuine stress peaks [PMC13259440]. Additionally, skin temperature readings vary widely based on ambient conditions and sensor placement; a drop to 27.09°C is likely due to environmental factors or poor contact rather than vasomotor changes alone [PMC12635167], while EDA signals can be inaccurate if the device orientation shifts during movement [PMC12635167].

RECOMMENDATION: Verify sensor placement and ensure stable skin contact. Check ambient temperature logs to rule out environmental cooling effects before interpreting this as a stress response.

DISCLAIMER: Research decision-support tool. Not a diagnostic device. Does not replace clinical judgment.","['PMC12635167_a_multimodal_stress_detection_dataset_with_facial_expression', 'PMC13213813_human_experience_in_regulated_offices_hero_dataset_synchroni', 'PMC13068604_physiological_responses_to_emotional_video_stimuli_ecg_eda_a', 'PMC12736534_signal_quality_assessment_and_reconstruction_of_ppgderived_s', 'PMC13259440_hybrid_feature_learning_for_wearable_stress_detection_combin']",10.1
8,4740,4770,0.4672,1.4138,"Abrupt isolated spike in wearable biosignals. reduced wrist_temp (z=-2.5, mean=27.73) reduced wrist_eda (z=-0.9, mean=3.22) Relevant topics: skin temperature thermal perfusion vasomotor ambient temperature sensor effects electrodermal activity skin conductance sympathetic stress arousal sweat response. Other readings: ecg mean=0.00, resp mean=0.21, bvp mean=0.15.","DETECTED: The abrupt spike in wrist temperature and reduced skin conductance likely represents a motion artifact or sensor displacement rather than a physiological stress response.
EVIDENCE: Literature indicates that EDA signals collected via wristbands can be inaccurate due to artifacts affecting data collection, and skin temperature varies widely based on ambient conditions and activity type [PMC12635167]. Additionally, PPG-derived heart rate estimates are susceptible to motion artifacts which may distort other biosignal readings like BVP or derived metrics in short windows [PMC12736534].
RECOMMENDATION: Verify sensor contact integrity; if the device shifted during movement (e.g., arm raising), discard this 30-second window as unreliable data rather than interpreting it as a clinical event.
DISCLAIMER: Research decision-support tool. Not a diagnostic device. Does not replace clinical judgment.","['PMC12635167_a_multimodal_stress_detection_dataset_with_facial_expression', 'PMC13213813_human_experience_in_regulated_offices_hero_dataset_synchroni', 'PMC13068604_physiological_responses_to_emotional_video_stimuli_ecg_eda_a', 'PMC12736534_signal_quality_assessment_and_reconstruction_of_ppgderived_s', 'PMC13263368_pulse_rate_variability_is_not_the_same_as_heart_rate_variabi']",10.4
8,5040,5070,0.4612,1.3399,"Abrupt isolated spike in wearable biosignals. reduced wrist_temp (z=-1.6, mean=29.69) reduced wrist_eda (z=-0.7, mean=4.91) Relevant topics: skin temperature thermal perfusion vasomotor ambient temperature sensor effects electrodermal activity skin conductance sympathetic stress arousal sweat response. Other readings: ecg mean=0.00, resp mean=-0.00, bvp mean=1.04.","DETECTED: The abrupt spike suggests a transient physiological or environmental event affecting peripheral circulation and sweat response.
EVIDENCE: Skin temperature varies based on skin blood flow and ambient conditions; EDA measures sweat gland activity which can be inaccurate due to artifacts [PMC12635167]. Motion artifacts in PPG signals (which affect BVP) are common and require specific detection algorithms for correction [PMC12736534].
RECOMMENDATION: Review concurrent accelerometer data or video logs to rule out movement; verify ambient temperature changes. If the spike persists, consider sensor contact issues as EDA collection via wristbands is noted to be less accurate in some subjects [PMC12635167].
DISCLAIMER: Research decision-support tool. Not a diagnostic device. Does not replace clinical judgment.","['PMC12635167_a_multimodal_stress_detection_dataset_with_facial_expression', 'PMC13213813_human_experience_in_regulated_offices_hero_dataset_synchroni', 'PMC13068604_physiological_responses_to_emotional_video_stimuli_ecg_eda_a', 'PMC12736534_signal_quality_assessment_and_reconstruction_of_ppgderived_s', 'PMC13263368_pulse_rate_variability_is_not_the_same_as_heart_rate_variabi']",10.0
8,5100,5130,0.5104,1.2475,"Subtle distributed anomaly, gradual drift from baseline. reduced wrist_temp (z=-1.5, mean=29.99) elevated resp (z=+0.5, mean=0.20) Relevant topics: skin temperature thermal perfusion vasomotor ambient temperature sensor effects respiration rate breathing pattern tachypnea bradypnea ventilation. Other readings: ecg mean=-0.00, bvp mean=-0.15, wrist_eda mean=13.08.","DETECTED: The gradual drift in wrist temperature and slight rise in respiration rate likely reflect sensor signal quality issues or environmental changes rather than acute clinical distress, as wearable optical signals are highly susceptible to noise from posture and ambient conditions [PMC12204546].

EVIDENCE: Wrist photoplethysmogram (PPG) signals used for monitoring can be significantly affected by factors like body position and sensor height; quality is often greatest when supine but degrades in standing or hanging positions due to perfusion changes [PMC12204546]. Additionally, PPG accuracy varies with skin tone and ambient temperature effects on thermal sensors must be considered during interpretation [PMC12592569].

RECOMMENDATION: Verify the patient's posture (supine vs. standing) and check for changes in room temperature or sensor placement before concluding a physiological event occurred; review recent activity logs to rule out motion artifacts affecting signal quality [PMC12204546][PMC12736534].

DISCLAIMER: Research decision-support tool. Not a diagnostic device. Does not replace clinical judgment.","['PMC12204546_determinants_of_photoplethysmography_signal_quality_at_the_w', 'PMC12592569_photoplethysmography_in_diverse_skin_tones_evaluating_bias_i', 'PMC12736534_signal_quality_assessment_and_reconstruction_of_ppgderived_s', 'PMC11679670_wearable_solutions_using_physiological_signals_for_stress_mo', 'PMC12989444_colorfilterarraybased_multispectral_photoplethysmography_opt']",12.5
8,5340,5370,0.5195,1.6337,"Robust anomaly confirmed by two independent detectors. reduced wrist_temp (z=-1.0, mean=31.04) elevated wrist_eda (z=+0.6, mean=19.04) Relevant topics: skin temperature thermal perfusion vasomotor ambient temperature sensor effects electrodermal activity skin conductance sympathetic stress arousal sweat response. Other readings: ecg mean=0.00, resp mean=0.18, bvp mean=-0.13.","DETECTED: The pattern suggests a physiological response to stress or sympathetic arousal, characterized by reduced skin blood flow and increased sweat gland activity.
EVIDENCE: Skin temperature drops due to vasoconstriction (reduced skin blood flow) during activities like high-stress tasks [PMC12635167]. Simultaneously, Electrodermal Activity (EDA) rises because it measures sweat gland activity modulated by the autonomic nervous system in response to emotional arousal or stress [PMC12789550]. The combination of these signals is robust for detecting such states even with sensor imperfections [PMC12635167].
RECOMMENDATION: Monitor if this pattern persists during rest; consider environmental factors like ambient temperature which can also affect skin readings [PMC12635167].
DISCLAIMER: Research decision-support tool. Not a diagnostic device. Does not replace clinical judgment.","['PMC12635167_a_multimodal_stress_detection_dataset_with_facial_expression', 'PMC12736534_signal_quality_assessment_and_reconstruction_of_ppgderived_s', 'PMC13213813_human_experience_in_regulated_offices_hero_dataset_synchroni', 'PMC12789550_wearable_devices_for_anxiety_assessment_a_systematic_review', 'PMC13259056_physiological_monitoring_applications_of_wearable_multimodal']",10.2
8,5370,5400,0.5417,1.5864,"Robust anomaly confirmed by two independent detectors. reduced wrist_temp (z=-1.0, mean=31.07) elevated wrist_eda (z=+0.7, mean=19.51) Relevant topics: skin temperature thermal perfusion vasomotor ambient temperature sensor effects electrodermal activity skin conductance sympathetic stress arousal sweat response. Other readings: ecg mean=0.00, resp mean=-0.10, bvp mean=0.02.","DETECTED: The pattern suggests a stress response involving sympathetic activation (elevated sweat/EDA) and concurrent peripheral vasoconstriction or reduced blood flow to the wrist skin (lowered temperature).

EVIDENCE: EDA measures sweat gland activity modulated by the autonomic nervous system in response to emotional arousal, making it valuable for detecting anxiety [PMC12789550]. Skin temperature varies based on skin blood flow and can be affected by ambient conditions or vasoconstriction during stress [PMC12635167]. Multimodal approaches combining EDA with other signals are recommended as they achieve higher accuracy than single-signal methods, though PPG (used for BVP) may be less reliable under poor perfusion [PMC12789550].

RECOMMENDATION: Monitor the patient's environment and activity level to rule out external factors like cold ambient temperature. If stress is suspected, correlate with other vital signs or self-reporting as single signals may have limitations [PMC12789550].

DISCLAIMER: Research decision-support tool. Not a diagnostic device. Does not replace clinical judgment.","['PMC12635167_a_multimodal_stress_detection_dataset_with_facial_expression', 'PMC12736534_signal_quality_assessment_and_reconstruction_of_ppgderived_s', 'PMC13213813_human_experience_in_regulated_offices_hero_dataset_synchroni', 'PMC12789550_wearable_devices_for_anxiety_assessment_a_systematic_review', 'PMC12204546_determinants_of_photoplethysmography_signal_quality_at_the_w']",12.0
8,5430,5460,0.5233,1.1994,"Subtle distributed anomaly, gradual drift from baseline. reduced wrist_temp (z=-0.9, mean=31.13) elevated wrist_eda (z=+0.8, mean=20.47) Relevant topics: skin temperature thermal perfusion vasomotor ambient temperature sensor effects electrodermal activity skin conductance sympathetic stress arousal sweat response. Other readings: ecg mean=0.00, resp mean=-0.25, bvp mean=-0.06.","DETECTED: The pattern suggests a physiological response to environmental changes rather than acute stress, indicated by reduced skin temperature and elevated electrodermal activity.

EVIDENCE: Skin temperature varies based on ambient conditions and blood flow [PMC12635167]. EDA measures sweat gland activity; however, high ambient temperatures can elevate the tonic baseline (SCL) independently of psychological stress [PMC13259440]. Motion artifacts or electrode displacement may also produce signal transients indistinguishable from genuine responses [PMC13259440].

RECOMMENDATION: Review environmental logs for temperature shifts. Verify sensor contact and hydration status, as these affect impedance and baseline drift [PMC13203100]. If ambient conditions are stable, monitor the trend to distinguish between thermal effects and sustained arousal.

DISCLAIMER: Research decision-support tool. Not a diagnostic device. Does not replace clinical judgment.","['PMC12635167_a_multimodal_stress_detection_dataset_with_facial_expression', 'PMC12736534_signal_quality_assessment_and_reconstruction_of_ppgderived_s', 'PMC13213813_human_experience_in_regulated_offices_hero_dataset_synchroni', 'PMC13259440_hybrid_feature_learning_for_wearable_stress_detection_combin', 'PMC13203100_from_biosignals_to_bedside_a_review_of_realtime_edge_machine']",9.7
8,5490,5520,0.5611,1.2601,"Subtle distributed anomaly, gradual drift from baseline. reduced bvp (z=-1.2, mean=-2.13) elevated wrist_eda (z=+1.0, mean=22.91) Relevant topics: photoplethysmography pulse waveform amplitude perfusion signal quality motion artifact electrodermal activity skin conductance sympathetic stress arousal sweat response. Other readings: ecg mean=0.00, resp mean=0.05, wrist_temp mean=31.06.","DETECTED: The pattern suggests a potential motion artifact or poor sensor contact causing reduced pulse signal quality, coinciding with elevated skin conductance (sweat response).
EVIDENCE: Wrist photoplethysmogram signals are highly susceptible to noise and artifacts which can reduce accuracy; posture significantly influences PPG quality at the wrist [PMC12204546]. Additionally, EDA collection using wristbands is noted as not very accurate with potential for artifacts affecting data results [PMC12635167].
RECOMMENDATION: Verify sensor placement and ensure the arm is supported (e.g., supine or sitting) to improve signal quality; consider that elevated sweat response may be a valid physiological finding but interpret alongside artifact-prone PPG signals.
DISCLAIMER: Research decision-support tool. Not a diagnostic device. Does not replace clinical judgment.","['PMC12204546_determinants_of_photoplethysmography_signal_quality_at_the_w', 'PMC12736534_signal_quality_assessment_and_reconstruction_of_ppgderived_s', 'PMC12635167_a_multimodal_stress_detection_dataset_with_facial_expression', 'PMC12694438_realtime_subjectspecific_predictive_modeling_of_ppg_signals_', 'PMC12989444_colorfilterarraybased_multispectral_photoplethysmography_opt']",9.8
8,5520,5550,0.5526,1.1742,"Subtle distributed anomaly, gradual drift from baseline. elevated bvp (z=+1.2, mean=2.17) reduced wrist_temp (z=-0.9, mean=31.18) Relevant topics: photoplethysmography pulse waveform amplitude perfusion signal quality motion artifact skin temperature thermal perfusion vasomotor ambient temperature sensor effects. Other readings: ecg mean=0.00, resp mean=0.20, wrist_eda mean=18.90.","DETECTED: The pattern suggests a gradual signal quality degradation likely caused by reduced skin perfusion or motion artifact affecting the wrist sensor.
EVIDENCE: Wrist PPG signals are highly susceptible to noise which can reduce accuracy [PMC12204546]. Signal clarity is lower at reflective sites like the wrist compared to transmissive sites, making them more prone to distortion from external influences such as ambient temperature or motion artifacts that overlap with physiological rates [PMC12736534].
RECOMMENDATION: Verify if the patient has moved significantly or experienced a drop in skin perfusion (e.g., due to cold). If clinical concern persists, consider switching measurement sites.
DISCLAIMER: Research decision-support tool. Not a diagnostic device. Does not replace clinical judgment.","['PMC12204546_determinants_of_photoplethysmography_signal_quality_at_the_w', 'PMC12694438_realtime_subjectspecific_predictive_modeling_of_ppg_signals_', 'PMC12300191_a_stability_and_aggregationbased_method_for_heart_rate_estim', 'PMC12736534_signal_quality_assessment_and_reconstruction_of_ppgderived_s', 'PMC13210545_signal_quality_of_reflectivemode_photoplethysmograms_across_']",10.0
8,5580,5610,0.5158,1.109,"Subtle distributed anomaly, gradual drift from baseline. reduced wrist_temp (z=-1.0, mean=31.04) elevated wrist_eda (z=+0.7, mean=19.23) Relevant topics: skin temperature thermal perfusion vasomotor ambient temperature sensor effects electrodermal activity skin conductance sympathetic stress arousal sweat response. Other readings: ecg mean=0.00, resp mean=0.01, bvp mean=0.68.","DETECTED: The pattern suggests a gradual physiological shift likely driven by environmental factors rather than acute stress, given the slow drift in temperature and elevated skin conductance.

EVIDENCE: Skin temperature varies widely based on ambient conditions and activity length [PMC12635167]. EDA tonic levels (baseline) can rise independently of psychological stress due to high ambient temperature or humidity [PMC13259440]. Motion artifacts in wearables often cause baseline drift, which is a common failure mode for skin-facing signals like EDA and temperature [PMC13203100].

RECOMMENDATION: Verify if the user moved locations to a warmer environment or increased physical activity. Do not interpret this as immediate acute stress without corroborating context from other sensors (e.g., heart rate) or self-report, as environmental changes alone can mimic these signals [PMC12635167].

DISCLAIMER: Research decision-support tool. Not a diagnostic device. Does not replace clinical judgment.","['PMC12635167_a_multimodal_stress_detection_dataset_with_facial_expression', 'PMC12736534_signal_quality_assessment_and_reconstruction_of_ppgderived_s', 'PMC13213813_human_experience_in_regulated_offices_hero_dataset_synchroni', 'PMC13259440_hybrid_feature_learning_for_wearable_stress_detection_combin', 'PMC13203100_from_biosignals_to_bedside_a_review_of_realtime_edge_machine']",10.3
8,5640,5670,0.5391,1.2606,"Subtle distributed anomaly, gradual drift from baseline. reduced wrist_temp (z=-0.9, mean=31.17) reduced bvp (z=-0.8, mean=-1.43) Relevant topics: skin temperature thermal perfusion vasomotor ambient temperature sensor effects photoplethysmography pulse waveform amplitude perfusion signal quality motion artifact. Other readings: ecg mean=0.00, resp mean=-0.00, wrist_eda mean=16.32.","DETECTED: Reduced wrist temperature and blood volume pulse signal suggest poor perfusion or motion artifact affecting sensor quality [PMC12204546].
EVIDENCE: Wrist PPG signals are highly susceptible to noise, which reduces accuracy of monitored parameters like heart rate; posture significantly impacts quality (e.g., standing yields lower SNR than supine) and arm position relative to the body matters [PMC12204546]. Motion artifacts can corrupt signal detection during physical activity or if contact force is insufficient [PMC12960368].
RECOMMENDATION: Verify patient posture (supine preferred) and ensure the sensor is at heart level with adequate skin contact; check for motion interference before interpreting low perfusion index values.
DISCLAIMER: Research decision-support tool. Not a diagnostic device. Does not replace clinical judgment.","['PMC12204546_determinants_of_photoplethysmography_signal_quality_at_the_w', 'PMC12694438_realtime_subjectspecific_predictive_modeling_of_ppg_signals_', 'PMC12300191_a_stability_and_aggregationbased_method_for_heart_rate_estim', 'PMC12736534_signal_quality_assessment_and_reconstruction_of_ppgderived_s', 'PMC12960368_an_adjustable_smart_ring_to_monitor_pulse_rate_and_periphera']",10.6
8,5940,5970,0.4946,1.336,"Abrupt isolated spike in wearable biosignals. reduced wrist_temp (z=-0.4, mean=32.33) reduced wrist_eda (z=-0.4, mean=8.58) Relevant topics: skin temperature thermal perfusion vasomotor ambient temperature sensor effects electrodermal activity skin conductance sympathetic stress arousal sweat response. Other readings: ecg mean=0.00, resp mean=-0.06, bvp mean=-0.01.","DETECTED: The abrupt spike in wrist temperature and EDA likely represents a motion artifact or sensor noise rather than a physiological stress response, as these signals are known to be inaccurate during movement.

EVIDENCE: Research indicates that collecting Electrodermal Activity (EDA) using wristbands is not very accurate and can be affected by artifacts; additionally, skin temperature varies widely based on activity type and ambient conditions [PMC12635167]. Studies also note that motion artifacts in photoplethysmographic data significantly influence downstream analyses of heart rate variability [PMC12736534], suggesting similar interference affects concurrent thermal sensors.

RECOMMENDATION: Verify if the anomaly coincides with physical movement or environmental changes; do not interpret this isolated 30-second event as a clinical stress response without corroborating data from other modalities like ECG, which showed no significant change in your case [PMC12635167].

DISCLAIMER: Research decision-support tool. Not a diagnostic device. Does not replace clinical judgment.","['PMC12635167_a_multimodal_stress_detection_dataset_with_facial_expression', 'PMC13213813_human_experience_in_regulated_offices_hero_dataset_synchroni', 'PMC13068604_physiological_responses_to_emotional_video_stimuli_ecg_eda_a', 'PMC12736534_signal_quality_assessment_and_reconstruction_of_ppgderived_s', 'PMC13263368_pulse_rate_variability_is_not_the_same_as_heart_rate_variabi']",11.2
8,6210,6240,0.4351,1.2996,"Abrupt isolated spike in wearable biosignals. reduced wrist_eda (z=-0.8, mean=4.51) reduced wrist_temp (z=-0.4, mean=32.27) Relevant topics: electrodermal activity skin conductance sympathetic stress arousal sweat response skin temperature thermal perfusion vasomotor ambient temperature sensor effects. Other readings: ecg mean=0.00, resp mean=-0.12, bvp mean=-0.50.","DETECTED: The abrupt spike likely represents a motion artifact or sensor noise rather than genuine stress, given simultaneous drops in skin temperature and EDA which contradict typical sympathetic activation patterns.

EVIDENCE: Wrist-worn EDA signals are noted to be inaccurate with artifacts affecting data collection; sharp transients can mimic real responses but stem from electrode displacement during movement [PMC13259440]. Skin temperature varies widely based on ambient conditions and activity, not just stress levels [PMC12635167]. High ambient temperatures or humidity can elevate baseline conductance independently of psychological stress [PMC13259440].

RECOMMENDATION: Verify if the user was moving abruptly during this 30-second window. If motion occurred, disregard the spike as an artifact; otherwise, monitor for sustained changes in other metrics like heart rate variability to confirm physiological arousal.

DISCLAIMER: Research decision-support tool. Not a diagnostic device. Does not replace clinical judgment.","['PMC12635167_a_multimodal_stress_detection_dataset_with_facial_expression', 'PMC13213813_human_experience_in_regulated_offices_hero_dataset_synchroni', 'PMC13068604_physiological_responses_to_emotional_video_stimuli_ecg_eda_a', 'PMC13259440_hybrid_feature_learning_for_wearable_stress_detection_combin', 'PMC12828444_using_wearable_technology_to_evaluate_the_electrodermal_acti']",9.7
8,6270,6300,0.4372,1.5402,"Abrupt isolated spike in wearable biosignals. reduced wrist_eda (z=-0.8, mean=3.93) reduced wrist_temp (z=-0.6, mean=31.89) Relevant topics: electrodermal activity skin conductance sympathetic stress arousal sweat response skin temperature thermal perfusion vasomotor ambient temperature sensor effects. Other readings: ecg mean=-0.00, resp mean=-0.08, bvp mean=0.01.","DETECTED: The abrupt spike suggests a potential motion artifact or sensor displacement rather than genuine stress, as wrist-worn EDA signals are prone to inaccuracies from movement and poor contact [PMC12635167]. Additionally, high ambient temperature can independently elevate skin conductance levels unrelated to psychological stress [PMC13259440].

EVIDENCE: Wristband EDA data collection is noted as not very accurate and susceptible to artifacts affecting results; genuine SCR peaks are distinct from motion-induced transients which can be indistinguishable in shape [PMC12635167]. Environmental sensitivity, specifically high ambient temperature, elevates tonic skin conductance levels independently of stress [PMC13259440].

RECOMMENDATION: Review accelerometer data for sudden movement or device orientation changes that could cause the signal spike. Check environmental conditions to rule out ambient temperature effects on baseline readings before attributing the change to stress [PMC13259440].

DISCLAIMER: Research decision-support tool. Not a diagnostic device. Does not replace clinical judgment.","['PMC12635167_a_multimodal_stress_detection_dataset_with_facial_expression', 'PMC13213813_human_experience_in_regulated_offices_hero_dataset_synchroni', 'PMC13068604_physiological_responses_to_emotional_video_stimuli_ecg_eda_a', 'PMC13259440_hybrid_feature_learning_for_wearable_stress_detection_combin', 'PMC12828444_using_wearable_technology_to_evaluate_the_electrodermal_acti']",11.8
8,6630,6660,0.4888,1.5736,"Abrupt isolated spike in wearable biosignals. reduced wrist_temp (z=-1.4, mean=30.22) reduced wrist_eda (z=-1.0, mean=2.26) Relevant topics: skin temperature thermal perfusion vasomotor ambient temperature sensor effects electrodermal activity skin conductance sympathetic stress arousal sweat response. Other readings: ecg mean=0.00, resp mean=0.36, bvp mean=-0.06.","DETECTED: The abrupt spike suggests a transient physiological response or sensor artifact rather than sustained stress, as wrist temperature and EDA simultaneously decreased.
EVIDENCE: Skin temperature varies based on activity and ambient conditions; reduced readings can occur due to vasoconstriction from cold environments [PMC12635167]. Electrodermal Activity (EDA) measures sweat gland activity via skin conductance, where peaks are event-related responses to stimuli but wristband data collection is noted as not very accurate with potential artifacts affecting results [PMC12635167].
RECOMMENDATION: Verify if the anomaly correlates with a sudden change in ambient temperature or physical movement causing motion artifact. Monitor for recurrence; isolated simultaneous drops in perfusion and sweat response may indicate environmental cooling rather than sympathetic arousal.
DISCLAIMER: Research decision-support tool. Not a diagnostic device. Does not replace clinical judgment.","['PMC12635167_a_multimodal_stress_detection_dataset_with_facial_expression', 'PMC13213813_human_experience_in_regulated_offices_hero_dataset_synchroni', 'PMC13068604_physiological_responses_to_emotional_video_stimuli_ecg_eda_a', 'PMC12736534_signal_quality_assessment_and_reconstruction_of_ppgderived_s', 'PMC13263368_pulse_rate_variability_is_not_the_same_as_heart_rate_variabi']",10.3
8,6690,6720,0.4582,1.3762,"Abrupt isolated spike in wearable biosignals. reduced wrist_temp (z=-1.4, mean=30.09) reduced wrist_eda (z=-1.0, mean=2.05) Relevant topics: skin temperature thermal perfusion vasomotor ambient temperature sensor effects electrodermal activity skin conductance sympathetic stress arousal sweat response. Other readings: ecg mean=0.00, resp mean=-0.14, bvp mean=-0.24.","DETECTED: An abrupt spike in wrist signals combined with reduced skin temperature and EDA likely indicates motion artifact or sensor displacement rather than physiological stress.
EVIDENCE: Sharp signal transients caused by electrode movement during physical activity can mimic genuine stress peaks (SCR) but are indistinguishable from real responses without additional context [PMC13259440]. Skin temperature varies widely based on ambient conditions and activity type, not just autonomic arousal [PMC12635167]. EDA signals collected via wristbands can be inaccurate or fail to capture data due to artifacts affecting collection results [PMC12635167].
RECOMMENDATION: Verify sensor contact integrity; if motion occurred during the 30-second window, treat this as a potential artifact rather than a stress event. Review concurrent accelerometer data for movement spikes that correlate with the signal anomaly.
DISCLAIMER: Research decision-support tool. Not a diagnostic device. Does not replace clinical judgment.","['PMC12635167_a_multimodal_stress_detection_dataset_with_facial_expression', 'PMC13213813_human_experience_in_regulated_offices_hero_dataset_synchroni', 'PMC13068604_physiological_responses_to_emotional_video_stimuli_ecg_eda_a', 'PMC12736534_signal_quality_assessment_and_reconstruction_of_ppgderived_s', 'PMC13259440_hybrid_feature_learning_for_wearable_stress_detection_combin']",10.2
8,6780,6810,0.45,1.3035,"Abrupt isolated spike in wearable biosignals. reduced wrist_temp (z=-1.4, mean=30.14) reduced wrist_eda (z=-1.0, mean=1.98) Relevant topics: skin temperature thermal perfusion vasomotor ambient temperature sensor effects electrodermal activity skin conductance sympathetic stress arousal sweat response. Other readings: ecg mean=0.00, resp mean=-0.04, bvp mean=0.51.","DETECTED: An abrupt spike in wrist signals combined with reduced skin temperature and electrodermal activity likely indicates motion artifact or sensor displacement rather than physiological stress.

EVIDENCE: Literature notes that EDA measurement faces challenges including ""motion artifacts caused by electrode displacement during physical movement, which produce sharp signal transients indistinguishable from genuine peaks"" [PMC13259440]. Additionally, skin temperature varies widely based on activity and ambient conditions rather than just stress levels [PMC12635167], and EDA signals can be inaccurate or fail to capture data in some subjects due to artifacts [PMC12635167].

RECOMMENDATION: Verify sensor contact integrity and check for recent movement. Do not interpret this isolated 30-second pattern as a stress response without corroborating clinical context, given the high susceptibility of these signals to motion noise.

DISCLAIMER: Research decision-support tool. Not a diagnostic device. Does not replace clinical judgment.","['PMC12635167_a_multimodal_stress_detection_dataset_with_facial_expression', 'PMC13213813_human_experience_in_regulated_offices_hero_dataset_synchroni', 'PMC13068604_physiological_responses_to_emotional_video_stimuli_ecg_eda_a', 'PMC12736534_signal_quality_assessment_and_reconstruction_of_ppgderived_s', 'PMC13259440_hybrid_feature_learning_for_wearable_stress_detection_combin']",10.0
8,7140,7170,0.4418,1.4174,"Abrupt isolated spike in wearable biosignals. reduced wrist_temp (z=-1.3, mean=30.36) reduced wrist_eda (z=-1.1, mean=1.39) Relevant topics: skin temperature thermal perfusion vasomotor ambient temperature sensor effects electrodermal activity skin conductance sympathetic stress arousal sweat response. Other readings: ecg mean=0.00, resp mean=0.04, bvp mean=-1.32.","DETECTED: An abrupt spike in wrist biosignals combined with reduced skin temperature and EDA suggests motion artifacts or sensor displacement rather than physiological stress.
EVIDENCE: Sharp signal transients caused by electrode movement during physical activity can mimic genuine stress peaks (SCR) but are indistinguishable from real responses without context [PMC12736534]. Additionally, collecting EDA signals using wristbands is noted to be inaccurate and prone to artifacts that affect data collection results [PMC12635167]. Skin temperature varies widely based on ambient conditions and activity type rather than just stress levels [PMC12635167].
RECOMMENDATION: Verify if the participant was moving or adjusting the device during this 30-second window. If motion occurred, treat the spike as an artifact; otherwise, review environmental temperature changes which can independently alter skin conductance and perfusion [PMC12736534][PMC12635167].
DISCLAIMER: Research decision-support tool. Not a diagnostic device. Does not replace clinical judgment.","['PMC12635167_a_multimodal_stress_detection_dataset_with_facial_expression', 'PMC13213813_human_experience_in_regulated_offices_hero_dataset_synchroni', 'PMC13068604_physiological_responses_to_emotional_video_stimuli_ecg_eda_a', 'PMC12736534_signal_quality_assessment_and_reconstruction_of_ppgderived_s', 'PMC13259440_hybrid_feature_learning_for_wearable_stress_detection_combin']",10.5
8,7620,7650,0.4297,1.3076,"Abrupt isolated spike in wearable biosignals. reduced wrist_eda (z=-1.1, mean=1.05) reduced wrist_temp (z=-0.8, mean=31.41) Relevant topics: electrodermal activity skin conductance sympathetic stress arousal sweat response skin temperature thermal perfusion vasomotor ambient temperature sensor effects. Other readings: ecg mean=0.00, resp mean=0.09, bvp mean=-0.19.","DETECTED: The pattern suggests a transient sympathetic response or motion artifact, as reduced skin temperature and EDA often accompany stress-induced vasoconstriction but are frequently distorted by wristband sensor limitations [PMC12635167].
EVIDENCE: Wrist-worn devices may produce inaccurate EDA signals or artifacts that mimic genuine responses; high ambient temperature can also elevate baseline skin conductance independently of stress. Skin temperature varies widely based on activity and environment, not just physiological state [PMC12635167]. Additionally, motion artifacts from electrode displacement during movement create sharp signal transients indistinguishable from real events [PMC13259440].
RECOMMENDATION: Verify if the spike coincides with physical movement or environmental changes (e.g., temperature shifts) before attributing it to stress. Cross-reference accelerometer data for motion artifacts and consider ambient conditions when interpreting reduced skin perfusion [PMC12635167].
DISCLAIMER: Research decision-support tool. Not a diagnostic device. Does not replace clinical judgment.","['PMC12635167_a_multimodal_stress_detection_dataset_with_facial_expression', 'PMC13213813_human_experience_in_regulated_offices_hero_dataset_synchroni', 'PMC13259440_hybrid_feature_learning_for_wearable_stress_detection_combin', 'PMC13068604_physiological_responses_to_emotional_video_stimuli_ecg_eda_a', 'PMC12828444_using_wearable_technology_to_evaluate_the_electrodermal_acti']",11.2
8,7830,7860,0.4412,1.4444,"Abrupt isolated spike in wearable biosignals. reduced wrist_eda (z=-1.1, mean=0.98) reduced wrist_temp (z=-0.6, mean=31.87) Relevant topics: electrodermal activity skin conductance sympathetic stress arousal sweat response skin temperature thermal perfusion vasomotor ambient temperature sensor effects. Other readings: ecg mean=0.00, resp mean=0.18, bvp mean=-0.82.","DETECTED: The pattern suggests a potential motion artifact or sensor displacement rather than genuine stress, given the simultaneous drop in skin temperature and EDA which contradicts typical sympathetic arousal responses.

EVIDENCE: Literature notes that collecting EDA signals from wristbands is not very accurate and artifacts can affect data collection results [PMC12635167]. Additionally, motion artifacts caused by electrode displacement during physical movement produce sharp signal transients indistinguishable in shape from genuine stress peaks [PMC13259440]. Skin temperature varies widely based on activity type and ambient conditions rather than just physiological state [PMC12635167].

RECOMMENDATION: Review accelerometer data for sudden movements or device orientation changes that could cause electrode displacement. Verify if the participant was moving vigorously during this 30-second window, as motion can invalidate EDA readings on wristbands. If movement is confirmed, disregard this specific anomaly as a likely artifact rather than a physiological event.

DISCLAIMER: Research decision-support tool. Not a diagnostic device. Does not replace clinical judgment.","['PMC12635167_a_multimodal_stress_detection_dataset_with_facial_expression', 'PMC13213813_human_experience_in_regulated_offices_hero_dataset_synchroni', 'PMC13259440_hybrid_feature_learning_for_wearable_stress_detection_combin', 'PMC13068604_physiological_responses_to_emotional_video_stimuli_ecg_eda_a', 'PMC12828444_using_wearable_technology_to_evaluate_the_electrodermal_acti']",10.2
8,7860,7890,0.4277,1.3514,"Abrupt isolated spike in wearable biosignals. reduced wrist_eda (z=-1.1, mean=0.94) elevated bvp (z=+0.7, mean=1.28) Relevant topics: electrodermal activity skin conductance sympathetic stress arousal sweat response photoplethysmography pulse waveform amplitude perfusion signal quality motion artifact. Other readings: ecg mean=0.00, resp mean=-0.19, wrist_temp mean=31.91.","DETECTED: An abrupt BVP spike combined with reduced EDA likely indicates a motion artifact or signal quality issue rather than true physiological stress, as wrist-worn PPG is highly susceptible to movement noise [PMC12635167].
EVIDENCE: Literature confirms that collecting EDA signals using wristbands can be inaccurate and affected by artifacts; similarly, motion artifacts significantly affect photoplethysmogram (PPG) data collection results [PMC12635167]. While multimodal approaches remain robust despite single-stream imperfections, isolated spikes in BVP often reflect device orientation changes or movement rather than cardiac events like arrest which require specific waveform patterns not described here [PMC12635167].
RECOMMENDATION: Verify if the patient was moving during this 30-second window. If motion is confirmed, disregard the spike as an artifact per guidelines on PPG signal quality [PMC12635167].
DISCLAIMER: Research decision-support tool. Not a diagnostic device. Does not replace clinical judgment.","['PMC12635167_a_multimodal_stress_detection_dataset_with_facial_expression', 'PMC12300191_a_stability_and_aggregationbased_method_for_heart_rate_estim', 'PMC13182813_automated_cardiac_arrest_detection_using_wristworn_photoplet', 'PMC12736534_signal_quality_assessment_and_reconstruction_of_ppgderived_s', 'PMC12204546_determinants_of_photoplethysmography_signal_quality_at_the_w']",14.2
8,7890,7920,0.4797,2.3648,"Abrupt isolated spike in wearable biosignals. reduced bvp (z=-1.4, mean=-2.32) reduced wrist_eda (z=-1.1, mean=0.87) Relevant topics: photoplethysmography pulse waveform amplitude perfusion signal quality motion artifact electrodermal activity skin conductance sympathetic stress arousal sweat response. Other readings: ecg mean=0.00, resp mean=0.18, wrist_temp mean=31.96.","DETECTED: The pattern suggests a motion artifact or signal quality issue rather than true physiological stress, indicated by simultaneous drops in blood volume pulse (BVP) and wrist electrodermal activity (EDA).
EVIDENCE: Literature indicates that PPG signals are frequently affected by motion artifacts which can corrupt heart rate estimates [PMC12300191]. Additionally, EDA data collected via wristbands is noted to be less accurate and susceptible to various artifacts during activity [PMC12635167].
RECOMMENDATION: Review concurrent accelerometer or motion sensor data for signs of movement. If motion was present, the signal drop may represent artifact rather than a clinical event; verify with ECG if available to confirm true hemodynamic changes.
DISCLAIMER: Research decision-support tool. Not a diagnostic device. Does not replace clinical judgment.","['PMC12300191_a_stability_and_aggregationbased_method_for_heart_rate_estim', 'PMC12204546_determinants_of_photoplethysmography_signal_quality_at_the_w', 'PMC12110636_fully_automated_photoplethysmographybased_wearable_atrial_fi', 'PMC12694438_realtime_subjectspecific_predictive_modeling_of_ppg_signals_', 'PMC12635167_a_multimodal_stress_detection_dataset_with_facial_expression']",11.3
8,7920,7950,0.4779,1.9436,"Abrupt isolated spike in wearable biosignals. reduced wrist_eda (z=-1.1, mean=0.97) elevated bvp (z=+1.1, mean=1.93) Relevant topics: electrodermal activity skin conductance sympathetic stress arousal sweat response photoplethysmography pulse waveform amplitude perfusion signal quality motion artifact. Other readings: ecg mean=0.00, resp mean=0.16, wrist_temp mean=31.88.","DETECTED: The pattern suggests a potential motion artifact or signal quality issue rather than true physiological stress, given the simultaneous rise in pulse amplitude and drop in skin conductance.

EVIDENCE: Literature indicates that wrist-worn EDA signals can be inaccurate due to artifacts, while PPG (BVP) measurements are significantly affected by motion during activities like walking or exercise [PMC12635167]. Additionally, studies confirm that photoplethysmography signal quality at the wrist is heavily influenced by movement and ambient conditions [PMC12204546], which can cause false spikes in pulse amplitude.

RECOMMENDATION: Review accelerometer data for recent movement; if motion was present, treat the BVP spike as likely artifactual and do not interpret it as acute stress or cardiac event without clinical correlation.

DISCLAIMER: Research decision-support tool. Not a diagnostic device. Does not replace clinical judgment.","['PMC12635167_a_multimodal_stress_detection_dataset_with_facial_expression', 'PMC12300191_a_stability_and_aggregationbased_method_for_heart_rate_estim', 'PMC12736534_signal_quality_assessment_and_reconstruction_of_ppgderived_s', 'PMC12204546_determinants_of_photoplethysmography_signal_quality_at_the_w', 'PMC13182813_automated_cardiac_arrest_detection_using_wristworn_photoplet']",11.4
8,8040,8070,0.4671,1.5329,"Abrupt isolated spike in wearable biosignals. reduced wrist_eda (z=-1.1, mean=0.91) elevated bvp (z=+0.8, mean=1.40) Relevant topics: electrodermal activity skin conductance sympathetic stress arousal sweat response photoplethysmography pulse waveform amplitude perfusion signal quality motion artifact. Other readings: ecg mean=0.00, resp mean=0.07, wrist_temp mean=31.75.","DETECTED: An abrupt BVP spike combined with reduced EDA likely indicates a motion artifact or signal quality issue rather than true physiological stress, as wrist-worn PPG is highly susceptible to movement noise [PMC12635167].
EVIDENCE: Literature confirms that collecting EDA signals using wristbands can be inaccurate and affected by artifacts; similarly, motion artifacts significantly affect photoplethysmogram (PPG) data collection results [PMC12635167]. While BVP provides heart activity information, its accuracy in research is often compared against ECG and can be corrupted by movement [PMC12300191].
RECOMMENDATION: Verify the patient's physical state for sudden movement or device displacement before interpreting this as a stress response. Cross-reference with accelerometer data if available to confirm motion events, acknowledging that single-signal streams may be imperfect [PMC12635167].
DISCLAIMER: Research decision-support tool. Not a diagnostic device. Does not replace clinical judgment.","['PMC12635167_a_multimodal_stress_detection_dataset_with_facial_expression', 'PMC12300191_a_stability_and_aggregationbased_method_for_heart_rate_estim', 'PMC12736534_signal_quality_assessment_and_reconstruction_of_ppgderived_s', 'PMC13182813_automated_cardiac_arrest_detection_using_wristworn_photoplet', 'PMC12204546_determinants_of_photoplethysmography_signal_quality_at_the_w']",12.7
9,1860,1890,0.3996,1.3127,"Abrupt isolated spike in wearable biosignals. elevated ecg (z=+3.4, mean=0.02) reduced wrist_eda (z=-1.0, mean=2.15) Relevant topics: electrocardiogram rhythm irregularity heart rate variability arrhythmia ectopic beats electrodermal activity skin conductance sympathetic stress arousal sweat response. Other readings: resp mean=-0.03, bvp mean=0.23, wrist_temp mean=31.59.","DETECTED: The abrupt ECG spike suggests an isolated arrhythmia event (e.g., ectopic beat or tachycardia), while reduced wrist EDA indicates a lack of sympathetic stress response typical in anxiety; this pattern points toward a cardiac origin rather than emotional arousal.

EVIDENCE: Smartwatch single-lead ECGs can detect various arrhythmias beyond atrial fibrillation, including bradycardia and tachyarrhythmias [PMC13118077]. Wearable devices have successfully identified symptomatic isolated supraventricular arrhythmias in athletes that differed from motion artifacts [PMC13027176]. While EDA reflects autonomic changes during stress, its absence here suggests the event is not driven by anxiety detection markers which typically show increased skin conductance [PMC12789550].

RECOMMENDATION: Clinicians should evaluate for paroxysmal arrhythmias and consider referral for electrocardiogram or electrophysiology study to confirm diagnosis, as wearable data can prompt definitive testing in symptomatic patients.

DISCLAIMER: Research decision-support tool. Not a diagnostic device. Does not replace clinical judgment.","['PMC13068127_mcardiacdx_radardriven_contactless_monitoring_and_diagnosis_', 'PMC12789550_wearable_devices_for_anxiety_assessment_a_systematic_review', 'PMC13118077_a_prospective_realworld_study_evaluating_the_feasibility_and', 'PMC12031393_reliable_ecg_anomaly_detection_on_edge_devices_for_internet_', 'PMC13027176_the_use_of_digital_devices_in_the_management_of_athletes_wit']",10.9
9,1890,1920,0.4299,1.3866,"Abrupt isolated spike in wearable biosignals. reduced ecg (z=-3.6, mean=-0.02) reduced wrist_eda (z=-1.0, mean=2.29) Relevant topics: electrocardiogram rhythm irregularity heart rate variability arrhythmia ectopic beats electrodermal activity skin conductance sympathetic stress arousal sweat response. Other readings: resp mean=0.16, bvp mean=-0.44, wrist_temp mean=31.59.","DETECTED: The abrupt ECG spike suggests a potential arrhythmia or ectopic beat rather than simple noise, as isolated spikes can indicate clinically significant events like supraventricular tachycardia.

EVIDENCE: Wearable devices have demonstrated clinical utility in detecting infrequent or difficult-to-document palpitations and symptomatic isolated supraventricular arrhythmias that differ clearly from motion artifacts [PMC13027176]. While PPG (wrist) is more prone to motion artifacts than ECG, multimodal approaches combining signals improve accuracy for anxiety/stress detection where sympathetic arousal occurs [PMC12789550].

RECOMMENDATION: Correlate the spike with symptoms. If symptomatic or recurrent, refer for ambulatory ECG (Holter) monitoring to confirm rhythm and rule out arrhythmia, as wearable data alone may not be definitive without clinical correlation [PMC13027176].

DISCLAIMER: Research decision-support tool. Not a diagnostic device. Does not replace clinical judgment.","['PMC12736534_signal_quality_assessment_and_reconstruction_of_ppgderived_s', 'PMC13259056_physiological_monitoring_applications_of_wearable_multimodal', 'PMC13068127_mcardiacdx_radardriven_contactless_monitoring_and_diagnosis_', 'PMC13027176_the_use_of_digital_devices_in_the_management_of_athletes_wit', 'PMC12789550_wearable_devices_for_anxiety_assessment_a_systematic_review']",10.7
9,2430,2460,0.4395,1.3281,"Abrupt isolated spike in wearable biosignals. elevated ecg (z=+3.2, mean=0.02) reduced wrist_eda (z=-1.1, mean=1.42) Relevant topics: electrocardiogram rhythm irregularity heart rate variability arrhythmia ectopic beats electrodermal activity skin conductance sympathetic stress arousal sweat response. Other readings: resp mean=-0.12, bvp mean=0.34, wrist_temp mean=31.56.","DETECTED: The abrupt ECG spike suggests an isolated electrical event or artifact, while reduced wrist sweat response (EDA) may indicate a lack of sympathetic arousal typically seen with stress.
EVIDENCE: Smartwatch single-lead ECGs can detect various arrhythmias like tachycardia and bradycardia [PMC13118077]. Skin temperature varies based on activity, but skin conductance (EDA) changes reflect sweat gland activity modulated by the autonomic nervous system in response to emotional arousal or stress [PMC12789550]. However, wristband EDA collection can be inaccurate and affected by artifacts [PMC12635167].
RECOMMENDATION: Correlate this isolated spike with patient symptoms; if symptomatic (e.g., palpitations), obtain a standard 12-lead ECG for confirmation. If asymptomatic, monitor closely as the signal may be an artifact given the conflicting biosignals [PMC13118077].
DISCLAIMER: Research decision-support tool. Not a diagnostic device. Does not replace clinical judgment.","['PMC13068127_mcardiacdx_radardriven_contactless_monitoring_and_diagnosis_', 'PMC12031393_reliable_ecg_anomaly_detection_on_edge_devices_for_internet_', 'PMC12789550_wearable_devices_for_anxiety_assessment_a_systematic_review', 'PMC12635167_a_multimodal_stress_detection_dataset_with_facial_expression', 'PMC13118077_a_prospective_realworld_study_evaluating_the_feasibility_and']",10.4
9,3030,3060,0.4724,1.3715,"Abrupt isolated spike in wearable biosignals. elevated resp (z=+2.7, mean=1.04) reduced wrist_temp (z=-1.6, mean=29.63) Relevant topics: respiration rate breathing pattern tachypnea bradypnea ventilation skin temperature thermal perfusion vasomotor ambient temperature sensor effects. Other readings: ecg mean=-0.00, bvp mean=-0.94, wrist_eda mean=2.00.","DETECTED: The pattern suggests a transient physiological stress response, potentially due to motion artifact or thermal regulation changes rather than acute respiratory distress.

EVIDENCE: Wearable sensors like smartwatches are susceptible to motion artifacts that can distort signal quality and lead to false readings in heart rate and respiration estimation [PMC12300191]. Additionally, skin temperature is used to assess peripheral thermal regulation; abrupt changes may reflect vasomotor responses or sensor effects from ambient conditions rather than core pathology [PMC13068604]. Respiratory rates derived from photoplethysmography (PPG) can be affected by motion and signal quality indices during high-intensity activities, leading to transient spikes that do not necessarily indicate tachypnea [PMC13296462].

RECOMMENDATION: Verify the patient's clinical status. If no respiratory distress is observed clinically, consider this a likely sensor artifact or thermal fluctuation rather than an acute event requiring immediate intervention based on these guidelines alone.

DISCLAIMER: Research decision-support tool. Not a diagnostic device. Does not replace clinical judgment.","['PMC13263368_pulse_rate_variability_is_not_the_same_as_heart_rate_variabi', 'PMC13296462_respiratory_monitoring_in_motion_an_overview_of_wearable_met', 'PMC12300191_a_stability_and_aggregationbased_method_for_heart_rate_estim', 'PMC13068604_physiological_responses_to_emotional_video_stimuli_ecg_eda_a', 'PMC13259056_physiological_monitoring_applications_of_wearable_multimodal']",12.4
9,3060,3090,0.4592,1.3091,"Abrupt isolated spike in wearable biosignals. reduced resp (z=-2.0, mean=-0.77) reduced wrist_temp (z=-1.7, mean=29.50) Relevant topics: respiration rate breathing pattern tachypnea bradypnea ventilation skin temperature thermal perfusion vasomotor ambient temperature sensor effects. Other readings: ecg mean=0.01, bvp mean=0.06, wrist_eda mean=2.41.","DETECTED: An abrupt spike in wearable signals accompanied by reduced respiration rate (-2.0 SD) and wrist temperature (-1.7 SD).
EVIDENCE: Literature indicates PPG-based respiratory monitoring can be affected by motion artifacts, which may cause signal instability or false readings during physical activity [PMC13296462]. Additionally, skin temperature sensors provide insight into peripheral thermal regulation but are susceptible to ambient conditions and sensor effects rather than solely reflecting core physiological changes like vasomotor tone in this context [PMC13068604].
RECOMMENDATION: Verify if the patient was moving or exposed to sudden temperature changes during the 30-second window. If motion is confirmed, treat as an artifact; otherwise, monitor for clinical signs of tachypnea or bradycardia.
DISCLAIMER: Research decision-support tool. Not a diagnostic device. Does not replace clinical judgment.","['PMC12300191_a_stability_and_aggregationbased_method_for_heart_rate_estim', 'PMC13259056_physiological_monitoring_applications_of_wearable_multimodal', 'PMC13296462_respiratory_monitoring_in_motion_an_overview_of_wearable_met', 'PMC13263368_pulse_rate_variability_is_not_the_same_as_heart_rate_variabi', 'PMC13068604_physiological_responses_to_emotional_video_stimuli_ecg_eda_a']",11.6
9,3150,3180,0.4798,1.2884,"Abrupt isolated spike in wearable biosignals. reduced wrist_temp (z=-1.5, mean=29.97) reduced wrist_eda (z=-0.8, mean=4.24) Relevant topics: skin temperature thermal perfusion vasomotor ambient temperature sensor effects electrodermal activity skin conductance sympathetic stress arousal sweat response. Other readings: ecg mean=0.00, resp mean=0.02, bvp mean=0.81.","DETECTED: The abrupt spike in wrist temperature and reduced electrodermal activity (EDA) likely represents a sensor artifact or transient environmental change rather than an acute physiological stress response.

EVIDENCE: Skin temperature varies widely based on ambient conditions and skin blood flow, while EDA signals collected via wristbands are prone to artifacts that can affect data accuracy [PMC12635167]. Additionally, motion artifacts and sensor contact variability in photoplethysmographic (PPG) and related biosignals may influence downstream analyses [PMC12736534].

RECOMMENDATION: Review the device's orientation and ambient temperature logs during this 30-second window to rule out environmental interference or movement artifacts before interpreting the signal as a clinical event.

DISCLAIMER: Research decision-support tool. Not a diagnostic device. Does not replace clinical judgment.","['PMC12635167_a_multimodal_stress_detection_dataset_with_facial_expression', 'PMC13213813_human_experience_in_regulated_offices_hero_dataset_synchroni', 'PMC13068604_physiological_responses_to_emotional_video_stimuli_ecg_eda_a', 'PMC12736534_signal_quality_assessment_and_reconstruction_of_ppgderived_s', 'PMC13263368_pulse_rate_variability_is_not_the_same_as_heart_rate_variabi']",10.3
9,3180,3210,0.5134,1.5815,"Robust anomaly confirmed by two independent detectors. reduced wrist_temp (z=-1.3, mean=30.25) elevated ecg (z=+1.1, mean=0.01) Relevant topics: skin temperature thermal perfusion vasomotor ambient temperature sensor effects electrocardiogram rhythm irregularity heart rate variability arrhythmia ectopic beats. Other readings: resp mean=0.35, bvp mean=0.00, wrist_eda mean=5.81.","DETECTED: Reduced wrist skin temperature and elevated ECG signals may indicate stress-related vasoconstriction or signal artifacts common in wearable devices.
EVIDENCE: Skin temperature can capture stress-related peripheral vasoconstriction [PMC12789550]. PPG sensors (often used with ECG) are prone to motion artifacts and signal degradation under poor perfusion, which may affect readings like skin temperature [PMC12789550]. Signal quality issues from factors such as local body temperature can modify PPG intensity or waveform [PMC13094953].
RECOMMENDATION: Verify if the patient is experiencing stress/anxiety (linked to ECG/EDA changes) or check for motion/perfusion artifacts affecting wrist sensors. Review signal quality thresholds before acting on single-modality alerts, as multimodal approaches are more reliable [PMC12789550].
DISCLAIMER: Research decision-support tool. Not a diagnostic device. Does not replace clinical judgment.","['PMC12789550_wearable_devices_for_anxiety_assessment_a_systematic_review', 'PMC12110636_fully_automated_photoplethysmographybased_wearable_atrial_fi', 'PMC12031393_reliable_ecg_anomaly_detection_on_edge_devices_for_internet_', 'PMC12736534_signal_quality_assessment_and_reconstruction_of_ppgderived_s', 'PMC13094953_continuous_remote_monitoring_of_postoperative_vital_signs_wi']",9.9
9,3210,3240,0.4406,1.3038,"Abrupt isolated spike in wearable biosignals. reduced ecg (z=-2.6, mean=-0.01) reduced wrist_temp (z=-1.3, mean=30.43) Relevant topics: electrocardiogram rhythm irregularity heart rate variability arrhythmia ectopic beats skin temperature thermal perfusion vasomotor ambient temperature sensor effects. Other readings: resp mean=-0.44, bvp mean=0.27, wrist_eda mean=4.60.","DETECTED: The abrupt spike in ECG and wrist temperature likely represents a transient arrhythmia or motion artifact rather than anxiety, as PPG signals are prone to degradation from poor perfusion or movement [PMC12789550].

EVIDENCE: Wearable devices can detect infrequent supraventricular arrhythmias that differ clearly from motion artifacts but may require confirmation via standard diagnostic methods like ambulatory ECG [PMC13027176]. While skin temperature changes are noted in anxiety detection, PPG is less reliable during physical activity or poor perfusion compared to chest-strap monitors [PMC12789550].

RECOMMENDATION: Correlate the spike with recent movement or symptoms. If symptomatic arrhythmia is suspected, refer for ambulatory ECG monitoring as wearable data alone may be insufficient to distinguish true events from artifacts [PMC13027176].

DISCLAIMER: Research decision-support tool. Not a diagnostic device. Does not replace clinical judgment.","['PMC12300191_a_stability_and_aggregationbased_method_for_heart_rate_estim', 'PMC13027176_the_use_of_digital_devices_in_the_management_of_athletes_wit', 'PMC12789550_wearable_devices_for_anxiety_assessment_a_systematic_review', 'PMC12982742_a_lightweight_residual_dilated_temporal_transformer_block_fo', 'PMC12736534_signal_quality_assessment_and_reconstruction_of_ppgderived_s']",11.4
9,4200,4230,0.4522,1.3706,"Abrupt isolated spike in wearable biosignals. reduced wrist_eda (z=-1.0, mean=1.69) elevated resp (z=+0.6, mean=0.23) Relevant topics: electrodermal activity skin conductance sympathetic stress arousal sweat response respiration rate breathing pattern tachypnea bradypnea ventilation. Other readings: ecg mean=0.00, bvp mean=0.18, wrist_temp mean=32.65.","DETECTED: The abrupt EDA spike combined with elevated respiration suggests a transient sympathetic stress response, though the low wrist temperature may indicate reduced skin blood flow or sensor artifact rather than pure thermal regulation [PMC12635167].
EVIDENCE: Research indicates that EDA peaks are event-related estimators of body responses to stimuli but can be inaccurate due to motion artifacts, electrode displacement, and environmental factors like ambient temperature which elevate baseline conductance independently of stress [PMC12635167]. Skin temperature varies widely based on activity and environment, not just autonomic state [PMC12635167].
RECOMMENDATION: Verify if the spike coincides with physical movement or environmental changes; consider filtering out artifacts caused by motion or poor electrode contact before interpreting as stress [PMC13259440].
DISCLAIMER: Research decision-support tool. Not a diagnostic device. Does not replace clinical judgment.","['PMC12635167_a_multimodal_stress_detection_dataset_with_facial_expression', 'PMC13259440_hybrid_feature_learning_for_wearable_stress_detection_combin', 'PMC13213813_human_experience_in_regulated_offices_hero_dataset_synchroni', 'PMC12828444_using_wearable_technology_to_evaluate_the_electrodermal_acti', 'PMC12736534_signal_quality_assessment_and_reconstruction_of_ppgderived_s']",11.8
9,4860,4890,0.4501,1.3478,"Abrupt isolated spike in wearable biosignals. reduced wrist_eda (z=-1.0, mean=1.69) elevated resp (z=+0.8, mean=0.33) Relevant topics: electrodermal activity skin conductance sympathetic stress arousal sweat response respiration rate breathing pattern tachypnea bradypnea ventilation. Other readings: ecg mean=0.00, bvp mean=-1.34, wrist_temp mean=31.66.","DETECTED: The abrupt EDA spike combined with elevated respiration likely represents a genuine sympathetic stress response or motion artifact, as wristband sensors are prone to inaccuracies and environmental interference [PMC12635167].

EVIDENCE: Research indicates that collecting EDA signals using wristbands is not very accurate; artifacts can affect data collection results, and in some subjects, the signal cannot be captured or is inaccurate due to motion [PMC12635167]. Additionally, high ambient temperature and humidity can elevate skin conductance independently of psychological stress [PMC13259440].

RECOMMENDATION: Correlate the signal with accelerometer data to distinguish between physiological arousal (stress) and motion artifacts caused by movement or electrode displacement [PMC12635167] and consider environmental conditions like temperature that may falsely elevate readings [PMC13259440].

DISCLAIMER: Research decision-support tool. Not a diagnostic device. Does not replace clinical judgment.","['PMC12635167_a_multimodal_stress_detection_dataset_with_facial_expression', 'PMC13259440_hybrid_feature_learning_for_wearable_stress_detection_combin', 'PMC13213813_human_experience_in_regulated_offices_hero_dataset_synchroni', 'PMC12828444_using_wearable_technology_to_evaluate_the_electrodermal_acti', 'PMC12736534_signal_quality_assessment_and_reconstruction_of_ppgderived_s']",11.9
9,5640,5670,0.4487,1.3226,"Abrupt isolated spike in wearable biosignals. reduced wrist_eda (z=-1.1, mean=0.49) elevated resp (z=+0.7, mean=0.30) Relevant topics: electrodermal activity skin conductance sympathetic stress arousal sweat response respiration rate breathing pattern tachypnea bradypnea ventilation. Other readings: ecg mean=0.00, bvp mean=0.48, wrist_temp mean=32.84.","DETECTED: The abrupt EDA spike combined with elevated respiration likely represents a motion artifact rather than genuine stress, as wrist-worn sensors are prone to signal noise from movement that mimics real physiological responses [PMC12635167].

EVIDENCE: Research indicates EDA peaks can be event-related but collecting signals via wristbands is not very accurate and artifacts often affect data collection results, making it difficult to distinguish genuine stress from motion-induced transients [PMC12635167]. Additionally, sharp signal transidents caused by electrode displacement during physical movement can be indistinguishable in shape from genuine skin conductance responses (SCR) [PMC13259440].

RECOMMENDATION: Review concurrent accelerometer data to confirm if the subject was moving; do not interpret this isolated 30-second window as acute stress without corroborating context from other sensors or activity logs.

DISCLAIMER: Research decision-support tool. Not a diagnostic device. Does not replace clinical judgment.","['PMC12635167_a_multimodal_stress_detection_dataset_with_facial_expression', 'PMC13213813_human_experience_in_regulated_offices_hero_dataset_synchroni', 'PMC13259440_hybrid_feature_learning_for_wearable_stress_detection_combin', 'PMC12828444_using_wearable_technology_to_evaluate_the_electrodermal_acti', 'PMC12736534_signal_quality_assessment_and_reconstruction_of_ppgderived_s']",11.1
9,6090,6120,0.4749,1.4315,"Abrupt isolated spike in wearable biosignals. reduced wrist_eda (z=-1.2, mean=0.24) elevated resp (z=+0.7, mean=0.29) Relevant topics: electrodermal activity skin conductance sympathetic stress arousal sweat response respiration rate breathing pattern tachypnea bradypnea ventilation. Other readings: ecg mean=0.00, bvp mean=-0.37, wrist_temp mean=33.82.","DETECTED: The abrupt EDA spike combined with elevated respiration likely represents a genuine sympathetic stress response or motion artifact, as wristband sensors are prone to inaccuracies and environmental interference [PMC12635167].

EVIDENCE: Research indicates that collecting EDA signals using wristbands is not very accurate; artifacts can affect data collection results, and in some subjects, the signal cannot be captured or is inaccurate due to motion [PMC12635167]. Additionally, high ambient temperature and humidity can elevate skin conductance independently of psychological stress [PMC13259440].

RECOMMENDATION: Correlate the signal with accelerometer data to distinguish between physiological arousal (stress) and motion artifacts caused by movement or electrode displacement [PMC13259440]. Consider environmental factors like temperature that may falsely elevate baseline readings [PMC13259440].

DISCLAIMER: Research decision-support tool. Not a diagnostic device. Does not replace clinical judgment.","['PMC12635167_a_multimodal_stress_detection_dataset_with_facial_expression', 'PMC13259440_hybrid_feature_learning_for_wearable_stress_detection_combin', 'PMC13213813_human_experience_in_regulated_offices_hero_dataset_synchroni', 'PMC12828444_using_wearable_technology_to_evaluate_the_electrodermal_acti', 'PMC12736534_signal_quality_assessment_and_reconstruction_of_ppgderived_s']",11.9
9,6450,6480,0.4945,4.9803,"Abrupt isolated spike in wearable biosignals. reduced wrist_eda (z=-1.2, mean=0.26) elevated bvp (z=+0.7, mean=1.33) Relevant topics: electrodermal activity skin conductance sympathetic stress arousal sweat response photoplethysmography pulse waveform amplitude perfusion signal quality motion artifact. Other readings: ecg mean=0.00, resp mean=-0.02, wrist_temp mean=33.46.","DETECTED: The pattern suggests a potential motion artifact or signal quality issue rather than true physiological stress, given the isolated nature of the spike.

EVIDENCE: Literature indicates that EDA signals collected via wristbands can be inaccurate and prone to artifacts [PMC12635167]. Additionally, PPG-based heart rate measurements are known to be affected by motion artifacts which can corrupt signal quality [PMC12300191].

RECOMMENDATION: Review the user's activity log for sudden movement during this 30-second window. If no significant physical exertion occurred, consider the reading unreliable due to potential motion artifact or sensor noise rather than a genuine physiological event [PMC12736534].

DISCLAIMER: Research decision-support tool. Not a diagnostic device. Does not replace clinical judgment.","['PMC12635167_a_multimodal_stress_detection_dataset_with_facial_expression', 'PMC12300191_a_stability_and_aggregationbased_method_for_heart_rate_estim', 'PMC12204546_determinants_of_photoplethysmography_signal_quality_at_the_w', 'PMC12736534_signal_quality_assessment_and_reconstruction_of_ppgderived_s', 'PMC13182813_automated_cardiac_arrest_detection_using_wristworn_photoplet']",11.0
9,7050,7080,0.4502,1.4097,"Abrupt isolated spike in wearable biosignals. reduced wrist_eda (z=-1.1, mean=1.41) reduced wrist_temp (z=-0.8, mean=31.51) Relevant topics: electrodermal activity skin conductance sympathetic stress arousal sweat response skin temperature thermal perfusion vasomotor ambient temperature sensor effects. Other readings: ecg mean=0.00, resp mean=0.14, bvp mean=1.10.","DETECTED: The abrupt spike combined with reduced skin temperature and EDA suggests a motion artifact or sensor displacement rather than genuine stress, as physical movement often disrupts wrist-worn sensors more significantly than psychological arousal.

EVIDENCE: Research indicates that collecting EDA signals using wristbands is not very accurate and can be affected by artifacts; additionally, high ambient temperatures can elevate skin conductance independently of stress [PMC12635167]. Motion artifacts caused by electrode displacement during physical movement produce sharp signal transients indistinguishable from genuine responses [PMC13259440], while skin temperature varies widely based on activity and ambient conditions rather than just blood flow changes [PMC12635167].

RECOMMENDATION: Verify device placement, check for loose fit or sweat interference, and review accelerometer data to confirm if the subject was moving during the anomaly window. If motion is confirmed, disregard this 30-second segment as unreliable physiological data.

DISCLAIMER: Research decision-support tool. Not a diagnostic device. Does not replace clinical judgment.","['PMC12635167_a_multimodal_stress_detection_dataset_with_facial_expression', 'PMC13213813_human_experience_in_regulated_offices_hero_dataset_synchroni', 'PMC13259440_hybrid_feature_learning_for_wearable_stress_detection_combin', 'PMC13068604_physiological_responses_to_emotional_video_stimuli_ecg_eda_a', 'PMC12828444_using_wearable_technology_to_evaluate_the_electrodermal_acti']",10.2
9,7110,7140,0.5209,1.4644,"Robust anomaly confirmed by two independent detectors. reduced wrist_eda (z=-1.1, mean=1.15) reduced wrist_temp (z=-1.0, mean=30.99) Relevant topics: electrodermal activity skin conductance sympathetic stress arousal sweat response skin temperature thermal perfusion vasomotor ambient temperature sensor effects. Other readings: ecg mean=0.00, resp mean=-0.35, bvp mean=-0.96.","DETECTED: The simultaneous reduction in wrist skin temperature and electrodermal activity suggests a potential sensor artifact rather than physiological stress, likely caused by poor skin contact or motion.

EVIDENCE: Skin temperature varies based on ambient conditions and blood flow, while EDA measures sweat gland activity which can be inaccurate due to artifacts from suboptimal coupling between sensors and the skin [PMC12635167]. Wearable signals are highly sensitive to interface issues like changes in contact pressure or hydration, leading to baseline drift and reduced signal quality [PMC13203100].

RECOMMENDATION: Verify sensor placement on a clean, dry wrist; ensure the device is snug but not tight. If symptoms persist during rest, consider discarding this segment as low-quality data per standard variance thresholds found in literature [PMC12608435].

DISCLAIMER: Research decision-support tool. Not a diagnostic device. Does not replace clinical judgment.","['PMC12635167_a_multimodal_stress_detection_dataset_with_facial_expression', 'PMC12736534_signal_quality_assessment_and_reconstruction_of_ppgderived_s', 'PMC13213813_human_experience_in_regulated_offices_hero_dataset_synchroni', 'PMC12608435_shortterm_detection_of_dynamic_stress_levels_in_exergaming_w', 'PMC13203100_from_biosignals_to_bedside_a_review_of_realtime_edge_machine']",9.7
9,7140,7170,0.4831,1.3797,"Abrupt isolated spike in wearable biosignals. reduced wrist_temp (z=-1.2, mean=30.54) reduced wrist_eda (z=-1.1, mean=0.99) Relevant topics: skin temperature thermal perfusion vasomotor ambient temperature sensor effects electrodermal activity skin conductance sympathetic stress arousal sweat response. Other readings: ecg mean=0.00, resp mean=0.11, bvp mean=1.50.","DETECTED: An abrupt isolated spike in wrist temperature and EDA likely represents motion artifact or sensor noise rather than physiological stress, given that wearable sensors are prone to inaccuracies from movement.

EVIDENCE: Literature notes that collecting EDA signals using wristbands is not very accurate and artifacts can affect data collection results [PMC12635167]. Additionally, sharp signal transients in EDA caused by motion artifacts during physical movement can be indistinguishable from genuine stress responses (SCR peaks) [PMC13259440]. Skin temperature also varies widely based on activity and ambient conditions rather than just blood flow changes alone [PMC12635167].

RECOMMENDATION: Review concurrent accelerometer data for movement spikes to confirm if the signal change correlates with physical motion. If no significant movement is detected, consider discarding this 30-second window as unreliable sensor noise per manufacturer limitations on wrist-worn accuracy [PMC12635167].

DISCLAIMER: Research decision-support tool. Not a diagnostic device. Does not replace clinical judgment.","['PMC12635167_a_multimodal_stress_detection_dataset_with_facial_expression', 'PMC13213813_human_experience_in_regulated_offices_hero_dataset_synchroni', 'PMC13068604_physiological_responses_to_emotional_video_stimuli_ecg_eda_a', 'PMC12736534_signal_quality_assessment_and_reconstruction_of_ppgderived_s', 'PMC13259440_hybrid_feature_learning_for_wearable_stress_detection_combin']",10.7
9,8370,8400,0.506,1.2628,"Subtle distributed anomaly, gradual drift from baseline. reduced resp (z=-1.7, mean=-0.65) reduced wrist_eda (z=-1.2, mean=0.11) Relevant topics: respiration rate breathing pattern tachypnea bradypnea ventilation electrodermal activity skin conductance sympathetic stress arousal sweat response. Other readings: ecg mean=0.00, bvp mean=0.78, wrist_temp mean=31.71.","DETECTED: The gradual drift in respiration rate (reduced) and skin conductance suggests potential signal quality issues or physiological stress rather than acute clinical tachypnea.
EVIDENCE: Research indicates that PPG-derived metrics, particularly those sensitive to parasympathetic activity like RMSSD and HF power, are prone to systematic overestimation by wrist-worn devices even with advanced processing methods [PMC12736534]. Additionally, HR estimation from the wrist shows significantly larger errors compared to facial sites due to missed pulse peaks and motion artifacts [PMC13210545].
RECOMMENDATION: Verify signal quality by checking for motion artifact or poor contact; do not interpret these specific wrist-worn metrics as definitive evidence of bradypnea without ECG confirmation. Monitor the patient clinically and consider using a chest strap if accurate respiration data is critical [PMC12736534].
DISCLAIMER: Research decision-support tool. Not a diagnostic device. Does not replace clinical judgment.","['PMC12736534_signal_quality_assessment_and_reconstruction_of_ppgderived_s', 'PMC12989444_colorfilterarraybased_multispectral_photoplethysmography_opt', 'PMC11679670_wearable_solutions_using_physiological_signals_for_stress_mo', 'ESC 2018 — Guidelines for the Diagnosis and Management of Syncope', 'PMC13210545_signal_quality_of_reflectivemode_photoplethysmograms_across_']",11.7
9,8400,8430,0.4855,1.6607,"Abrupt isolated spike in wearable biosignals. elevated resp (z=+2.3, mean=0.92) reduced wrist_eda (z=-1.2, mean=0.12) Relevant topics: respiration rate breathing pattern tachypnea bradypnea ventilation electrodermal activity skin conductance sympathetic stress arousal sweat response. Other readings: ecg mean=0.00, bvp mean=-0.51, wrist_temp mean=31.76.","DETECTED: The abrupt spike in respiration combined with reduced skin conductance suggests a potential motion artifact or environmental interference rather than genuine physiological stress, as high ambient temperatures can independently elevate baseline arousal levels [PMC13259440]. Additionally, sharp signal transients from physical movement are often indistinguishable from real sympathetic activation peaks [PMC13259440], and wrist EDA signals may be inaccurate due to individual variability or poor contact [PMC12635167].

EVIDENCE: High ambient temperature can elevate tonic skin conductance independently of psychological stress, while motion artifacts create sharp transients mimicking genuine responses [PMC13259440]. EDA signals collected via wristbands are noted to be less accurate and susceptible to various artifacts affecting data collection results [PMC12635167].

RECOMMENDATION: Review environmental conditions (temperature/humidity) and recent physical activity. Verify electrode contact quality before attributing the pattern to stress or tachypnea, as single-modality spikes may reflect sensor noise rather than clinical events [PMC13259440], [PMC12635167].

DISCLAIMER: Research decision-support tool. Not a diagnostic device. Does not replace clinical judgment.","['PMC13259440_hybrid_feature_learning_for_wearable_stress_detection_combin', 'PMC13068127_mcardiacdx_radardriven_contactless_monitoring_and_diagnosis_', 'PMC12635167_a_multimodal_stress_detection_dataset_with_facial_expression', 'PMC13213813_human_experience_in_regulated_offices_hero_dataset_synchroni', 'PMC13259056_physiological_monitoring_applications_of_wearable_multimodal']",11.3
9,8520,8550,0.4834,1.3594,"Abrupt isolated spike in wearable biosignals. reduced wrist_eda (z=-1.2, mean=0.11) reduced wrist_temp (z=-0.6, mean=31.87) Relevant topics: electrodermal activity skin conductance sympathetic stress arousal sweat response skin temperature thermal perfusion vasomotor ambient temperature sensor effects. Other readings: ecg mean=0.00, resp mean=-0.02, bvp mean=-0.59.","DETECTED: The pattern suggests a potential motion artifact or sensor displacement rather than genuine stress, given the simultaneous drop in skin temperature and EDA alongside stable heart rate signals.

EVIDENCE: Literature notes that collecting EDA from wristbands is not very accurate and artifacts can affect data collection results [PMC12635167]. Additionally, high ambient temperatures or gradual changes (like electrode displacement) cause baseline drifts in the signal's zero point which are non-physiological shifts [PMC13259440]. Skin temperature varies widely based on activity and ambient conditions rather than just stress levels [PMC12635167].

RECOMMENDATION: Verify device fit to ensure stable electrode contact, as motion artifacts can produce sharp transients indistinguishable from genuine responses. Check for environmental changes like increased room heat that could independently lower skin temperature readings.

DISCLAIMER: Research decision-support tool. Not a diagnostic device. Does not replace clinical judgment.","['PMC12635167_a_multimodal_stress_detection_dataset_with_facial_expression', 'PMC13213813_human_experience_in_regulated_offices_hero_dataset_synchroni', 'PMC13068604_physiological_responses_to_emotional_video_stimuli_ecg_eda_a', 'PMC13259440_hybrid_feature_learning_for_wearable_stress_detection_combin', 'PMC12828444_using_wearable_technology_to_evaluate_the_electrodermal_acti']",9.7
10,0,30,0.4486,1.3732,"Abrupt isolated spike in wearable biosignals. reduced wrist_eda (z=-1.2, mean=0.12) reduced wrist_temp (z=-1.2, mean=30.66) Relevant topics: electrodermal activity skin conductance sympathetic stress arousal sweat response skin temperature thermal perfusion vasomotor ambient temperature sensor effects. Other readings: ecg mean=0.00, resp mean=0.26, bvp mean=-0.02.","DETECTED: The abrupt spike suggests a potential motion artifact or sensor displacement rather than genuine stress, given simultaneous drops in skin temperature and EDA which contradicts typical sympathetic activation patterns where both signals usually rise together.

EVIDENCE: Wrist-worn sensors are noted to be less accurate and prone to artifacts that can affect data collection results [PMC12635167]. High ambient temperatures or humidity can independently elevate baseline skin conductance, complicating interpretation of tonic levels [PMC13259440]. Motion caused by physical movement produces sharp signal transients indistinguishable from genuine stress responses in EDA signals [PMC13259440]. Skin temperature varies widely based on activity and ambient conditions rather than just blood flow changes alone [PMC12635167].

RECOMMENDATION: Review accelerometer data for sudden movement spikes that coincide with the anomaly. Check if environmental factors like heat caused baseline shifts before evaluating stress levels further.

DISCLAIMER: Research decision-support tool. Not a diagnostic device. Does not replace clinical judgment.","['PMC12635167_a_multimodal_stress_detection_dataset_with_facial_expression', 'PMC13213813_human_experience_in_regulated_offices_hero_dataset_synchroni', 'PMC13068604_physiological_responses_to_emotional_video_stimuli_ecg_eda_a', 'PMC13259440_hybrid_feature_learning_for_wearable_stress_detection_combin', 'PMC12828444_using_wearable_technology_to_evaluate_the_electrodermal_acti']",10.2
10,720,750,0.4133,1.3607,"Abrupt isolated spike in wearable biosignals. reduced wrist_eda (z=-1.2, mean=0.18) reduced wrist_temp (z=-0.8, mean=31.34) Relevant topics: electrodermal activity skin conductance sympathetic stress arousal sweat response skin temperature thermal perfusion vasomotor ambient temperature sensor effects. Other readings: ecg mean=0.00, resp mean=0.07, bvp mean=0.62.","DETECTED: The abrupt spike combined with reduced skin temperature and EDA likely represents a motion artifact or sensor displacement rather than genuine stress, as wrist-worn devices are prone to signal inaccuracies during movement [PMC12635167].
EVIDENCE: Literature notes that collecting EDA signals using wristbands is not very accurate and artifacts can affect data collection results; additionally, motion artifacts from electrode displacement produce sharp transients indistinguishable from genuine stress responses [PMC12828444]. Skin temperature also varies widely based on activity type and ambient conditions rather than just physiological state [PMC12635167].
RECOMMENDATION: Review accelerometer data for sudden movement or device orientation changes to confirm if the signal spike correlates with physical motion; verify sensor contact integrity. If motion is confirmed, disregard this 30-second window as unreliable [PMC12635167].
DISCLAIMER: Research decision-support tool. Not a diagnostic device. Does not replace clinical judgment.","['PMC12635167_a_multimodal_stress_detection_dataset_with_facial_expression', 'PMC13213813_human_experience_in_regulated_offices_hero_dataset_synchroni', 'PMC13068604_physiological_responses_to_emotional_video_stimuli_ecg_eda_a', 'PMC13259440_hybrid_feature_learning_for_wearable_stress_detection_combin', 'PMC12828444_using_wearable_technology_to_evaluate_the_electrodermal_acti']",11.3
10,1230,1260,0.4708,1.3815,"Abrupt isolated spike in wearable biosignals. reduced bvp (z=-1.4, mean=-2.37) reduced wrist_eda (z=-1.2, mean=0.18) Relevant topics: photoplethysmography pulse waveform amplitude perfusion signal quality motion artifact electrodermal activity skin conductance sympathetic stress arousal sweat response. Other readings: ecg mean=-0.00, resp mean=-0.27, wrist_temp mean=30.95.","DETECTED: The abrupt spike in BVP with reduced amplitude likely represents a motion artifact or signal quality issue rather than true physiology, as PPG sensors are highly susceptible to movement interference [PMC12635167].

EVIDENCE: Literature indicates that wrist-based photoplethysmography (PPG) signals can be inaccurate due to motion artifacts and may fail to capture data in some subjects during active tasks [PMC12694438]. Additionally, EDA peaks are event-related but the wristband signal itself is noted as not very accurate with potential artifacts affecting collection results [PMC12635167].

RECOMMENDATION: Review concurrent accelerometer data to confirm if physical movement occurred during this 30-second window. If motion was detected, treat the BVP and EDA reduction as a technical artifact rather than physiological stress or perfusion change [PMC12694438].

DISCLAIMER: Research decision-support tool. Not a diagnostic device. Does not replace clinical judgment.","['PMC12300191_a_stability_and_aggregationbased_method_for_heart_rate_estim', 'PMC12204546_determinants_of_photoplethysmography_signal_quality_at_the_w', 'PMC12110636_fully_automated_photoplethysmographybased_wearable_atrial_fi', 'PMC12694438_realtime_subjectspecific_predictive_modeling_of_ppg_signals_', 'PMC12635167_a_multimodal_stress_detection_dataset_with_facial_expression']",13.1
10,1320,1350,0.5138,1.2463,"Subtle distributed anomaly, gradual drift from baseline. reduced wrist_eda (z=-1.2, mean=0.17) reduced wrist_temp (z=-1.1, mean=30.89) Relevant topics: electrodermal activity skin conductance sympathetic stress arousal sweat response skin temperature thermal perfusion vasomotor ambient temperature sensor effects. Other readings: ecg mean=-0.00, resp mean=0.20, bvp mean=-0.14.","DETECTED: The gradual reduction in wrist temperature and electrodermal activity suggests a slow drift from baseline rather than an acute stress response.
EVIDENCE: Skin temperature varies based on skin blood flow and ambient conditions; EDA signals can be inaccurate due to motion artifacts or environmental sensitivity like high humidity which elevates the tonic signal independently of psychological stress [PMC12635167]. High ambient temperature can also elevate skin conductance levels without indicating actual sympathetic arousal [PMC13259440].
RECOMMENDATION: Verify environmental conditions (ambient heat/humidity) and check for motion artifacts or poor electrode contact before interpreting this as a physiological change.
DISCLAIMER: Research decision-support tool. Not a diagnostic device. Does not replace clinical judgment.","['PMC12635167_a_multimodal_stress_detection_dataset_with_facial_expression', 'PMC13213813_human_experience_in_regulated_offices_hero_dataset_synchroni', 'PMC12736534_signal_quality_assessment_and_reconstruction_of_ppgderived_s', 'PMC13259440_hybrid_feature_learning_for_wearable_stress_detection_combin', 'PMC13203100_from_biosignals_to_bedside_a_review_of_realtime_edge_machine']",10.0
10,1380,1410,0.4981,1.32,"Abrupt isolated spike in wearable biosignals. reduced wrist_eda (z=-1.2, mean=0.18) reduced wrist_temp (z=-1.1, mean=30.85) Relevant topics: electrodermal activity skin conductance sympathetic stress arousal sweat response skin temperature thermal perfusion vasomotor ambient temperature sensor effects. Other readings: ecg mean=0.00, resp mean=0.07, bvp mean=0.20.","DETECTED: The abrupt spike suggests a potential motion artifact or sensor displacement rather than genuine stress, given simultaneous drops in skin temperature and EDA which contradicts typical sympathetic activation patterns where both signals usually rise together.

EVIDENCE: Wrist-worn EDA sensors are noted to be inaccurate with artifacts affecting data collection; sharp transients from electrode movement can mimic real responses [PMC12635167]. Additionally, high ambient temperature or gradual shifts in contact pressure cause baseline drift that filters aim to remove, but sudden drops may indicate environmental changes or poor fit rather than physiological stress [PMC13068604].

RECOMMENDATION: Verify device placement and check for motion artifacts before interpreting this as a true sympathetic response. Review concurrent accelerometer data to rule out movement causing the signal distortion.

DISCLAIMER: Research decision-support tool. Not a diagnostic device. Does not replace clinical judgment.","['PMC12635167_a_multimodal_stress_detection_dataset_with_facial_expression', 'PMC13213813_human_experience_in_regulated_offices_hero_dataset_synchroni', 'PMC13259440_hybrid_feature_learning_for_wearable_stress_detection_combin', 'PMC13068604_physiological_responses_to_emotional_video_stimuli_ecg_eda_a', 'PMC12828444_using_wearable_technology_to_evaluate_the_electrodermal_acti']",9.4
10,1470,1500,0.5082,1.062,"Subtle distributed anomaly, gradual drift from baseline. reduced ecg (z=-1.9, mean=-0.01) reduced wrist_eda (z=-1.2, mean=0.16) Relevant topics: electrocardiogram rhythm irregularity heart rate variability arrhythmia ectopic beats electrodermal activity skin conductance sympathetic stress arousal sweat response. Other readings: resp mean=0.02, bvp mean=-0.13, wrist_temp mean=30.83.","DETECTED: The gradual drift in ECG amplitude suggests a potential signal quality issue or physiological change that warrants verification with an alternative modality like PPG-derived pulse rate to confirm if the electrical activity is truly reduced or merely obscured by noise [PMC12938449]. Reduced wrist EDA may indicate lower sympathetic arousal, but this should be interpreted cautiously as optical methods can underestimate transient events during arrhythmias compared to direct ECG monitoring [PMC12736534].

EVIDENCE: Optical sensors like PPG may miss brief, non-perfusing ectopic beats that appear on ECG because they measure blood volume changes rather than electrical activity [PMC12938449]. Signal quality assessment and reconstruction steps can improve agreement with ground truth but do not fully eliminate bias in parasympathetic-sensitive metrics like HRV derived from PPG [PMC12736534].

RECOMMENDATION: Verify the ECG reading by comparing it to a simultaneous or subsequent pulse rate measurement. If symptoms are present, prioritize an active 1-lead ECG recording over relying solely on optical data [PMC12736534].

DISCLAIMER: Research decision-support tool. Not a diagnostic device. Does not replace clinical judgment.","['PMC12736534_signal_quality_assessment_and_reconstruction_of_ppgderived_s', 'PMC12948591_patientled_smartwatch_ecg_followup_strategy_after_af_ablatio', 'PMC12938449_clinical_validation_of_rppgenabled_contactless_pulse_rate_mo', 'PMC12731301_diagnostic_accuracy_of_wearable_ecg_devices_for_atrial_fibri', '2017 ACCAHAHRS — Evaluation of Patients with Syncope']",13.2
10,1500,1530,0.5233,1.1164,"Subtle distributed anomaly, gradual drift from baseline. reduced ecg (z=-1.4, mean=-0.01) reduced wrist_eda (z=-1.2, mean=0.16) Relevant topics: electrocardiogram rhythm irregularity heart rate variability arrhythmia ectopic beats electrodermal activity skin conductance sympathetic stress arousal sweat response. Other readings: resp mean=-0.09, bvp mean=-0.01, wrist_temp mean=30.84.","DETECTED: The gradual drift in ECG and wrist signals suggests a discrepancy between electrical heart activity (ECG) and peripheral blood flow measurements (PPG/EDA), where optical sensors may miss brief arrhythmic events like ectopic beats that do not generate sufficient pulse waves.

EVIDENCE: Optical methods measure peripheral blood volume changes, making them less sensitive to transient rhythm irregularities or non-perfusing ectopic beats compared to ECG, which tracks direct electrical activity [PMC12938449]. Consequently, PPG-derived metrics like HRV can show systematic bias and fail to recover parasympathetic-sensitive data during such events [PMC12736534]. Wearable devices are highly accurate for detecting atrial fibrillation but may produce inconclusive results or miss specific ST-segment changes without clinical correlation [PMC12731301].

RECOMMENDATION: Correlate wearable findings with a standard 12-lead ECG to confirm rhythm irregularities, as optical sensors alone cannot reliably capture all arrhythmic events. Monitor for symptoms like palpitations or dizziness that might accompany the detected drift [PMC12736534].

DISCLAIMER: Research decision-support tool. Not a diagnostic device. Does not replace clinical judgment.","['PMC12736534_signal_quality_assessment_and_reconstruction_of_ppgderived_s', 'PMC12938449_clinical_validation_of_rppgenabled_contactless_pulse_rate_mo', 'PMC12948591_patientled_smartwatch_ecg_followup_strategy_after_af_ablatio', 'PMC12731301_diagnostic_accuracy_of_wearable_ecg_devices_for_atrial_fibri', '2017 ACCAHAHRS — Evaluation of Patients with Syncope']",11.9
10,1530,1560,0.5221,1.125,"Subtle distributed anomaly, gradual drift from baseline. reduced ecg (z=-1.3, mean=-0.01) reduced wrist_eda (z=-1.2, mean=0.17) Relevant topics: electrocardiogram rhythm irregularity heart rate variability arrhythmia ectopic beats electrodermal activity skin conductance sympathetic stress arousal sweat response. Other readings: resp mean=0.25, bvp mean=0.07, wrist_temp mean=30.84.","DETECTED: The gradual drift in ECG and wrist signals suggests a potential limitation of optical sensors rather than true physiological change, as PPG often underestimates parasympathetic metrics like HRV compared to ECG ground truth [PMC12736534].

EVIDENCE: Optical methods (PPG) measure peripheral blood volume and can miss transient arrhythmic events or ectopic beats that do not produce a sufficient pulse, leading to discrepancies with ECG which tracks electrical activity directly [PMC12938449]. Even refined processing methods may fail to fully recover parasympathetic-sensitive metrics from wrist-worn PPG due to inherent measurement differences [PMC12736534].

RECOMMENDATION: Correlate wearable data with a standard 12-lead ECG or smartwatch ECG recording if symptoms persist, as optical methods may underestimate arrhythmias and show bias in HRV metrics [PMC12938449].

DISCLAIMER: Research decision-support tool. Not a diagnostic device. Does not replace clinical judgment.","['PMC12736534_signal_quality_assessment_and_reconstruction_of_ppgderived_s', 'PMC12948591_patientled_smartwatch_ecg_followup_strategy_after_af_ablatio', 'PMC12938449_clinical_validation_of_rppgenabled_contactless_pulse_rate_mo', '2017 ACCAHAHRS — Evaluation of Patients with Syncope', 'PMC12731301_diagnostic_accuracy_of_wearable_ecg_devices_for_atrial_fibri']",12.1
10,1560,1590,0.5035,1.0505,"Subtle distributed anomaly, gradual drift from baseline. reduced ecg (z=-2.1, mean=-0.01) reduced wrist_eda (z=-1.2, mean=0.17) Relevant topics: electrocardiogram rhythm irregularity heart rate variability arrhythmia ectopic beats electrodermal activity skin conductance sympathetic stress arousal sweat response. Other readings: resp mean=0.01, bvp mean=-0.18, wrist_temp mean=30.82.","DETECTED: The anomaly suggests a gradual reduction in heart rate variability and skin conductance, potentially indicating reduced sympathetic arousal or signal limitations rather than acute arrhythmia.

EVIDENCE: PPG-derived metrics like RMSSD and HF power are prone to systematic overestimation compared to ECG ground truth; even refined processing methods struggle to recover these parasympathetic-sensitive metrics from wrist-worn sensors [PMC12736534]. Additionally, optical methods may underestimate transient arrhythmic events or miss non-perfusing beats because they measure peripheral blood volume rather than direct electrical activity [PMC12938449].

RECOMMENDATION: Correlate wearable trends with clinical symptoms; if symptomatic, obtain a standard ECG to confirm rhythm. If asymptomatic and stable, monitor for further drift or symptom onset before escalating care [PMC12736534].

DISCLAIMER: Research decision-support tool. Not a diagnostic device. Does not replace clinical judgment.","['PMC12736534_signal_quality_assessment_and_reconstruction_of_ppgderived_s', 'PMC12948591_patientled_smartwatch_ecg_followup_strategy_after_af_ablatio', '2017 ACCAHAHRS — Evaluation of Patients with Syncope', 'PMC12938449_clinical_validation_of_rppgenabled_contactless_pulse_rate_mo', 'PMC12731301_diagnostic_accuracy_of_wearable_ecg_devices_for_atrial_fibri']",11.2
10,1590,1620,0.5195,1.2022,"Subtle distributed anomaly, gradual drift from baseline. elevated ecg (z=+1.6, mean=0.01) reduced wrist_eda (z=-1.2, mean=0.17) Relevant topics: electrocardiogram rhythm irregularity heart rate variability arrhythmia ectopic beats electrodermal activity skin conductance sympathetic stress arousal sweat response. Other readings: resp mean=-0.06, bvp mean=0.47, wrist_temp mean=30.82.","DETECTED: The gradual drift and elevated ECG reading suggest potential arrhythmia or ectopic beats that may not be fully captured by wrist-based optical sensors.

EVIDENCE: Optical methods like PPG measure peripheral blood volume changes rather than direct electrical activity, making them less sensitive to brief, non-perfusing ectopic events compared to ECG [PMC12938449]. Consequently, rPPG may underestimate transient arrhythmic events and miss extra beats that do not produce a sufficient pulse wave [PMC12938449]. Additionally, PPG-derived heart rate variability metrics often show systematic overestimation or bias compared to ECG ground truth [PMC12736534].

RECOMMENDATION: Prioritize the elevated ECG reading as it precisely tracks R-R intervals and detects fine-grained electrical activity missed by optical sensors. Correlate with patient symptoms; if unclassified, repeat same-day recording is often indicated for rhythm characterization [PMC12948591].

DISCLAIMER: Research decision-support tool. Not a diagnostic device. Does not replace clinical judgment.","['PMC12736534_signal_quality_assessment_and_reconstruction_of_ppgderived_s', 'PMC12948591_patientled_smartwatch_ecg_followup_strategy_after_af_ablatio', 'PMC12938449_clinical_validation_of_rppgenabled_contactless_pulse_rate_mo', 'PMC13075123_aienabled_sensor_technologies_for_remote_arrhythmic_monitori', 'PMC12031393_reliable_ecg_anomaly_detection_on_edge_devices_for_internet_']",10.5
10,1710,1740,0.5041,1.2622,"Subtle distributed anomaly, gradual drift from baseline. elevated ecg (z=+2.8, mean=0.02) reduced wrist_eda (z=-1.2, mean=0.19) Relevant topics: electrocardiogram rhythm irregularity heart rate variability arrhythmia ectopic beats electrodermal activity skin conductance sympathetic stress arousal sweat response. Other readings: resp mean=-0.04, bvp mean=0.91, wrist_temp mean=30.76.","DETECTED: The gradual drift and elevated ECG reading suggest potential arrhythmia or ectopic beats that may not be fully captured by wrist-based optical sensors.

EVIDENCE: Optical methods like PPG measure peripheral blood volume changes rather than direct electrical activity, making them less sensitive to brief, non-perfusing ectopic events compared to ECG [PMC12938449]. Consequently, rPPG may underestimate transient arrhythmic events and miss extra beats that do not produce a sufficient pulse wave [PMC12938449]. Additionally, PPG-derived heart rate variability metrics can show systematic overestimation or bias compared to ECG ground truth [PMC12736534].

RECOMMENDATION: Prioritize the elevated ECG reading as it precisely tracks R-R intervals and detects fine-grained electrical activity missed by optical methods. Correlate with patient symptoms; if symptomatic, seek immediate clinical evaluation for arrhythmia confirmation rather than relying solely on wrist sensor data [PMC12938449].

DISCLAIMER: Research decision-support tool. Not a diagnostic device. Does not replace clinical judgment.","['PMC12736534_signal_quality_assessment_and_reconstruction_of_ppgderived_s', 'PMC12948591_patientled_smartwatch_ecg_followup_strategy_after_af_ablatio', 'PMC12938449_clinical_validation_of_rppgenabled_contactless_pulse_rate_mo', 'PMC13075123_aienabled_sensor_technologies_for_remote_arrhythmic_monitori', 'PMC12031393_reliable_ecg_anomaly_detection_on_edge_devices_for_internet_']",10.7
10,1740,1770,0.4912,1.3188,"Abrupt isolated spike in wearable biosignals. reduced wrist_eda (z=-1.2, mean=0.21) reduced wrist_temp (z=-1.1, mean=30.75) Relevant topics: electrodermal activity skin conductance sympathetic stress arousal sweat response skin temperature thermal perfusion vasomotor ambient temperature sensor effects. Other readings: ecg mean=0.00, resp mean=-0.07, bvp mean=-1.36.","DETECTED: The abrupt spike suggests a potential motion artifact or sensor displacement rather than genuine stress, as wrist-worn EDA signals are prone to inaccuracies from movement and environmental changes like temperature fluctuations [PMC12635167].
EVIDENCE: Literature notes that collecting EDA via wristbands is not very accurate and artifacts can affect results, while skin temperature varies widely based on activity type and ambient conditions rather than just stress levels [PMC12635167]. Additionally, motion artifacts from electrode displacement during physical movement produce sharp signal transients indistinguishable from genuine responses [PMC13259440], and high ambient temperature can elevate skin conductance independently of psychological stress [PMC13259440].
RECOMMENDATION: Verify if the participant was moving or exposed to sudden environmental changes (e.g., leaving a cool room) during this window; do not interpret isolated spikes as acute sympathetic arousal without corroborating context [PMC12635167].
DISCLAIMER: Research decision-support tool. Not a diagnostic device. Does not replace clinical judgment.","['PMC12635167_a_multimodal_stress_detection_dataset_with_facial_expression', 'PMC13213813_human_experience_in_regulated_offices_hero_dataset_synchroni', 'PMC13259440_hybrid_feature_learning_for_wearable_stress_detection_combin', 'PMC13068604_physiological_responses_to_emotional_video_stimuli_ecg_eda_a', 'PMC12828444_using_wearable_technology_to_evaluate_the_electrodermal_acti']",12.0
10,2850,2880,0.4868,1.3737,"Abrupt isolated spike in wearable biosignals. reduced wrist_eda (z=-1.2, mean=0.09) reduced ecg (z=-1.2, mean=-0.01) Relevant topics: electrodermal activity skin conductance sympathetic stress arousal sweat response electrocardiogram rhythm irregularity heart rate variability arrhythmia ectopic beats. Other readings: resp mean=-0.28, bvp mean=-0.20, wrist_temp mean=32.39.","DETECTED: The abrupt spike with reduced wrist_eda and ecg likely represents a motion artifact rather than true physiological stress, given that wearables often fail to capture accurate EDA during movement.

EVIDENCE: Motion artifacts can distort signals like ECG and PPG due to changes in electrode-skin contact or sweat layer thickness [PMC13203100]. Additionally, collecting EDA via wristbands is noted as not very accurate, with potential for artifacts that affect data collection results [PMC12635167].

RECOMMENDATION: Review the user's activity log (e.g., movement or arm motion) during this 30-second window. If significant movement occurred, treat the spike as a technical artifact and disregard it for stress assessment until signal quality improves [PMC12635167].

DISCLAIMER: Research decision-support tool. Not a diagnostic device. Does not replace clinical judgment.","['PMC12635167_a_multimodal_stress_detection_dataset_with_facial_expression', 'PMC13259056_physiological_monitoring_applications_of_wearable_multimodal', 'PMC12736534_signal_quality_assessment_and_reconstruction_of_ppgderived_s', 'PMC12828444_using_wearable_technology_to_evaluate_the_electrodermal_acti', 'PMC13203100_from_biosignals_to_bedside_a_review_of_realtime_edge_machine']",10.9
10,2880,2910,0.4462,1.5397,"Abrupt isolated spike in wearable biosignals. reduced wrist_eda (z=-1.2, mean=0.08) elevated resp (z=+0.7, mean=0.30) Relevant topics: electrodermal activity skin conductance sympathetic stress arousal sweat response respiration rate breathing pattern tachypnea bradypnea ventilation. Other readings: ecg mean=-0.00, bvp mean=0.28, wrist_temp mean=32.43.","DETECTED: The abrupt EDA spike combined with elevated respiration likely represents a genuine sympathetic stress response or motion artifact, as wrist-worn sensors are prone to inaccuracies and environmental interference [PMC12635167].
EVIDENCE: Research indicates that collecting EDA from wristbands is not very accurate and can be affected by artifacts; additionally, high ambient temperature or humidity can elevate skin conductance independently of psychological stress [PMC12635167], while phasic SCR peaks capture event-related sympathetic activation but are often indistinguishable from motion-induced transients [PMC13259440].
RECOMMENDATION: Correlate the signal with accelerometer data to distinguish between physiological stress and movement artifacts, as accelerometers can determine device orientation and activity type [PMC12635167]; verify if ambient conditions (temperature/humidity) were elevated during the event [PMC13259440].
DISCLAIMER: Research decision-support tool. Not a diagnostic device. Does not replace clinical judgment.","['PMC12635167_a_multimodal_stress_detection_dataset_with_facial_expression', 'PMC13259440_hybrid_feature_learning_for_wearable_stress_detection_combin', 'PMC13213813_human_experience_in_regulated_offices_hero_dataset_synchroni', 'PMC12828444_using_wearable_technology_to_evaluate_the_electrodermal_acti', 'PMC12736534_signal_quality_assessment_and_reconstruction_of_ppgderived_s']",12.3
10,2910,2940,0.4486,1.3533,"Abrupt isolated spike in wearable biosignals. reduced wrist_eda (z=-1.2, mean=0.08) reduced wrist_temp (z=-0.3, mean=32.48) Relevant topics: electrodermal activity skin conductance sympathetic stress arousal sweat response skin temperature thermal perfusion vasomotor ambient temperature sensor effects. Other readings: ecg mean=0.00, resp mean=0.05, bvp mean=0.10.","DETECTED: The abrupt EDA spike combined with reduced skin temperature likely represents a motion artifact or sensor displacement rather than genuine stress, as wrist-worn devices are prone to signal inaccuracies from movement and environmental changes.

EVIDENCE: Literature notes that collecting EDA signals using wristbands is not very accurate and artifacts can affect data collection results [PMC12635167]. Additionally, motion artifacts caused by electrode displacement during physical movement produce sharp transients indistinguishable from genuine stress responses in these devices [PMC13259440]. Skin temperature also varies widely based on activity type and ambient conditions rather than just physiological state [PMC12635167].

RECOMMENDATION: Verify the device was not moved or shaken during this 30-second window. If motion occurred, disregard this specific anomaly as a likely artifact per standard processing guidelines for wrist-worn sensors [PMC13259440][PMC12635167].

DISCLAIMER: Research decision-support tool. Not a diagnostic device. Does not replace clinical judgment.","['PMC12635167_a_multimodal_stress_detection_dataset_with_facial_expression', 'PMC13213813_human_experience_in_regulated_offices_hero_dataset_synchroni', 'PMC13068604_physiological_responses_to_emotional_video_stimuli_ecg_eda_a', 'PMC13259440_hybrid_feature_learning_for_wearable_stress_detection_combin', 'PMC12828444_using_wearable_technology_to_evaluate_the_electrodermal_acti']",10.3
10,3120,3150,0.4713,1.3471,"Abrupt isolated spike in wearable biosignals. elevated ecg (z=+1.2, mean=0.01) reduced wrist_eda (z=-1.1, mean=0.54) Relevant topics: electrocardiogram rhythm irregularity heart rate variability arrhythmia ectopic beats electrodermal activity skin conductance sympathetic stress arousal sweat response. Other readings: resp mean=-0.12, bvp mean=-0.68, wrist_temp mean=32.36.","DETECTED: The abrupt ECG spike combined with reduced wrist sweat response suggests an isolated cardiac event or arrhythmia potentially accompanied by autonomic stress responses.

EVIDENCE: Smartwatch single-lead ECGs can detect various arrhythmias beyond atrial fibrillation, including bradycardia and tachyarrhythmias [PMC13118077]. Wearable devices are increasingly used to document paroxysmal arrhythmias during symptomatic episodes like palpitations [PMC13118077]. ECG signals capture heart rhythm timing with high fidelity, while reduced electrodermal activity (sweat response) can reflect autonomic nervous system modulation related to stress or arousal [PMC12789550].

RECOMMENDATION: Clinical follow-up should include a standard 12-lead ECG and evaluation for arrhythmias such as supraventricular tachycardia, bradycardia, or ventricular tachycardia if symptoms are present. Consider referral to an electrophysiologist if the anomaly is symptomatic [PMC13027176].

DISCLAIMER: Research decision-support tool. Not a diagnostic device. Does not replace clinical judgment.","['PMC13068127_mcardiacdx_radardriven_contactless_monitoring_and_diagnosis_', 'PMC13118077_a_prospective_realworld_study_evaluating_the_feasibility_and', 'PMC12031393_reliable_ecg_anomaly_detection_on_edge_devices_for_internet_', 'PMC12789550_wearable_devices_for_anxiety_assessment_a_systematic_review', 'PMC13027176_the_use_of_digital_devices_in_the_management_of_athletes_wit']",11.1
10,3840,3870,0.4583,1.3902,"Abrupt isolated spike in wearable biosignals. elevated ecg (z=+2.0, mean=0.01) reduced wrist_temp (z=-1.0, mean=31.02) Relevant topics: electrocardiogram rhythm irregularity heart rate variability arrhythmia ectopic beats skin temperature thermal perfusion vasomotor ambient temperature sensor effects. Other readings: resp mean=0.22, bvp mean=1.19, wrist_eda mean=8.70.","DETECTED: The pattern suggests a potential supraventricular arrhythmia or ectopic beat rather than simple motion artifact, as the ECG spike is distinct and accompanied by reduced skin temperature.

EVIDENCE: Literature indicates that athletes may identify characteristic, abrupt heart rate patterns on wearables that differ clearly from motion artifacts [PMC13027176]. While wrist-based PPG can be prone to signal degradation under poor perfusion (which lowers skin temperature) and is less reliable in real-world settings compared to ECG, multimodal approaches combining signals are recommended for higher accuracy [PMC12789550].

RECOMMENDATION: Correlate the event with symptoms. If symptomatic palpitations occurred or if this pattern persists despite rest, refer for further evaluation such as ambulatory ECG monitoring or exercise testing to confirm diagnosis and rule out structural heart disease [PMC13027176].

DISCLAIMER: Research decision-support tool. Not a diagnostic device. Does not replace clinical judgment.","['PMC13027176_the_use_of_digital_devices_in_the_management_of_athletes_wit', 'PMC12300191_a_stability_and_aggregationbased_method_for_heart_rate_estim', 'PMC12982742_a_lightweight_residual_dilated_temporal_transformer_block_fo', 'PMC12789550_wearable_devices_for_anxiety_assessment_a_systematic_review', 'PMC13263368_pulse_rate_variability_is_not_the_same_as_heart_rate_variabi']",11.0
10,3870,3900,0.4395,1.3092,"Abrupt isolated spike in wearable biosignals. reduced ecg (z=-4.1, mean=-0.02) reduced wrist_temp (z=-1.0, mean=31.10) Relevant topics: electrocardiogram rhythm irregularity heart rate variability arrhythmia ectopic beats skin temperature thermal perfusion vasomotor ambient temperature sensor effects. Other readings: resp mean=-0.08, bvp mean=-1.10, wrist_eda mean=11.41.","DETECTED: The abrupt ECG spike suggests an isolated ectopic beat or arrhythmia episode that may be clinically significant.
EVIDENCE: Wearable devices can detect infrequent supraventricular arrhythmias like atrial fibrillation, which often require extended monitoring to capture brief episodes missed in routine exams [PMC13027176]. While PPG is prone to motion artifacts and signal degradation under poor perfusion, ECG remains the most reliable individual signal for rhythm analysis [PMC12789550].
RECOMMENDATION: Correlate this isolated spike with patient symptoms (e.g., palpitations) and consider clinical follow-up or ambulatory monitoring if symptomatic. If asymptomatic, monitor to distinguish from motion artifacts; however, the retrieved context is insufficient to confirm a specific diagnosis without further evaluation.
DISCLAIMER: Research decision-support tool. Not a diagnostic device. Does not replace clinical judgment.","['PMC12300191_a_stability_and_aggregationbased_method_for_heart_rate_estim', 'PMC12982742_a_lightweight_residual_dilated_temporal_transformer_block_fo', 'PMC12789550_wearable_devices_for_anxiety_assessment_a_systematic_review', 'PMC13027176_the_use_of_digital_devices_in_the_management_of_athletes_wit', 'PMC12031393_reliable_ecg_anomaly_detection_on_edge_devices_for_internet_']",9.8
10,4890,4920,0.4598,1.3412,"Abrupt isolated spike in wearable biosignals. elevated bvp (z=+1.5, mean=2.66) reduced wrist_eda (z=-0.9, mean=2.89) Relevant topics: photoplethysmography pulse waveform amplitude perfusion signal quality motion artifact electrodermal activity skin conductance sympathetic stress arousal sweat response. Other readings: ecg mean=0.00, resp mean=0.05, wrist_temp mean=34.43.","DETECTED: The pattern suggests a motion artifact rather than true physiological stress, indicated by an isolated BVP spike paired with reduced EDA and stable temperature/ECG readings.

EVIDENCE: Literature confirms PPG signals are highly susceptible to noise from movement [PMC12204546]. Motion artifacts can corrupt heart rate data during physical activity or sudden movements like arm swinging, leading to false spikes in BVP while simultaneously disrupting the EDA signal due to sensor displacement or poor contact [PMC12300191].

RECOMMENDATION: Review the user's activity log for sudden movements (e.g., arm swinging, dropping device) during this 30-second window. If motion is confirmed, disregard the BVP/EDA values as unreliable and wait for a stable signal before interpreting stress levels or heart rate changes [PMC12635167].

DISCLAIMER: Research decision-support tool. Not a diagnostic device. Does not replace clinical judgment.","['PMC12300191_a_stability_and_aggregationbased_method_for_heart_rate_estim', 'PMC12635167_a_multimodal_stress_detection_dataset_with_facial_expression', 'PMC13182813_automated_cardiac_arrest_detection_using_wristworn_photoplet', 'PMC12204546_determinants_of_photoplethysmography_signal_quality_at_the_w', 'PMC12736534_signal_quality_assessment_and_reconstruction_of_ppgderived_s']",12.5
10,6960,6990,0.4317,1.3259,"Abrupt isolated spike in wearable biosignals. reduced wrist_eda (z=-1.2, mean=0.25) elevated wrist_temp (z=+0.5, mean=34.34) Relevant topics: electrodermal activity skin conductance sympathetic stress arousal sweat response skin temperature thermal perfusion vasomotor ambient temperature sensor effects. Other readings: ecg mean=-0.00, resp mean=0.01, bvp mean=-0.29.","DETECTED: The abrupt EDA spike combined with elevated skin temperature likely represents a motion artifact or environmental interference rather than genuine stress, as wrist-worn sensors are prone to inaccuracies from movement and ambient heat.

EVIDENCE: Literature notes that collecting EDA signals using wristbands is not very accurate and artifacts can affect data collection results [PMC12635167]. Additionally, high ambient temperature can elevate tonic skin conductance independently of psychological stress, while motion artifacts during physical activity produce sharp signal transients indistinguishable from genuine responses [PMC13259440]. Skin temperature also varies widely based on the type and length of activity and ambient temperature [PMC12635167].

RECOMMENDATION: Review concurrent accelerometer data for movement spikes or check environmental logs for sudden heat changes. If motion is confirmed, disregard this 30-second window as a false positive; otherwise, monitor if symptoms persist beyond the artifact duration.

DISCLAIMER: Research decision-support tool. Not a diagnostic device. Does not replace clinical judgment.","['PMC12635167_a_multimodal_stress_detection_dataset_with_facial_expression', 'PMC13213813_human_experience_in_regulated_offices_hero_dataset_synchroni', 'PMC13068604_physiological_responses_to_emotional_video_stimuli_ecg_eda_a', 'PMC13259440_hybrid_feature_learning_for_wearable_stress_detection_combin', 'PMC12828444_using_wearable_technology_to_evaluate_the_electrodermal_acti']",10.2
10,9150,9180,0.416,1.2987,"Abrupt isolated spike in wearable biosignals. reduced wrist_eda (z=-1.2, mean=0.30) reduced wrist_temp (z=-0.5, mean=32.14) Relevant topics: electrodermal activity skin conductance sympathetic stress arousal sweat response skin temperature thermal perfusion vasomotor ambient temperature sensor effects. Other readings: ecg mean=0.00, resp mean=0.16, bvp mean=-0.22.","DETECTED: The abrupt EDA spike combined with reduced skin temperature likely represents a motion artifact or sensor displacement rather than genuine stress, as wrist-worn devices are prone to signal inaccuracies from movement and environmental changes.

EVIDENCE: Literature notes that collecting EDA signals using wristbands is not very accurate and artifacts can affect data collection results [PMC12635167]. Additionally, motion artifacts caused by electrode displacement during physical movement produce sharp transients indistinguishable from genuine stress responses in these devices [PMC13259440]. Skin temperature also varies widely based on activity type and ambient conditions rather than just physiological state [PMC12635167].

RECOMMENDATION: Verify the user's physical movement or device fit during this 30-second window. If motion occurred, treat the EDA spike as an artifact; if no motion is confirmed, consider environmental temperature shifts affecting skin perfusion.

DISCLAIMER: Research decision-support tool. Not a diagnostic device. Does not replace clinical judgment.","['PMC12635167_a_multimodal_stress_detection_dataset_with_facial_expression', 'PMC13213813_human_experience_in_regulated_offices_hero_dataset_synchroni', 'PMC13068604_physiological_responses_to_emotional_video_stimuli_ecg_eda_a', 'PMC13259440_hybrid_feature_learning_for_wearable_stress_detection_combin', 'PMC12828444_using_wearable_technology_to_evaluate_the_electrodermal_acti']",10.0
10,9690,9720,0.4452,1.308,"Abrupt isolated spike in wearable biosignals. reduced wrist_eda (z=-1.2, mean=0.22) elevated bvp (z=+0.4, mean=0.73) Relevant topics: electrodermal activity skin conductance sympathetic stress arousal sweat response photoplethysmography pulse waveform amplitude perfusion signal quality motion artifact. Other readings: ecg mean=-0.00, resp mean=0.07, wrist_temp mean=33.06.","DETECTED: The pattern suggests a motion artifact rather than true physiological stress, given the isolated BVP spike paired with reduced EDA.
EVIDENCE: Literature indicates that PPG signals are frequently affected by motion artifacts which can distort readings like heart rate and pulse waveform amplitude [PMC12300191]. Additionally, wristband-based EDA collection is noted to be less accurate than other methods, where data may become inaccurate or fail entirely due to movement or noise [PMC12635167].
RECOMMENDATION: Verify if the patient was moving during this 30-second window. If motion occurred, disregard these values as they likely represent signal quality issues rather than clinical events. Review accelerometer data for concurrent activity spikes.
DISCLAIMER: Research decision-support tool. Not a diagnostic device. Does not replace clinical judgment.","['PMC12635167_a_multimodal_stress_detection_dataset_with_facial_expression', 'PMC12300191_a_stability_and_aggregationbased_method_for_heart_rate_estim', 'PMC12204546_determinants_of_photoplethysmography_signal_quality_at_the_w', 'PMC12736534_signal_quality_assessment_and_reconstruction_of_ppgderived_s', 'PMC13182813_automated_cardiac_arrest_detection_using_wristworn_photoplet']",10.5
11,1170,1200,0.4345,1.3931,"Abrupt isolated spike in wearable biosignals. reduced wrist_eda (z=-0.9, mean=2.65) reduced ecg (z=-0.7, mean=-0.00) Relevant topics: electrodermal activity skin conductance sympathetic stress arousal sweat response electrocardiogram rhythm irregularity heart rate variability arrhythmia ectopic beats. Other readings: resp mean=0.12, bvp mean=-0.10, wrist_temp mean=32.61.","DETECTED: The abrupt spike combined with reduced wrist_eda and ecg suggests a motion artifact rather than true physiological stress or arrhythmia.
EVIDENCE: Wearable ECG/PPG signals often suffer from ""motion artefact"" which distorts signal morphology, while EDA collection via wristbands is noted to be inaccurate and prone to artifacts due to sweat volume changes and interface conditions [PMC13203100]. Additionally, the provided context explicitly states that collecting EDA using wristbands is not very accurate and can result in data inaccuracies or uncaptureable signals [PMC12635167].
RECOMMENDATION: Verify if the user was moving during this 30-second window; consider discarding this segment as noise rather than a clinical event.
DISCLAIMER: Research decision-support tool. Not a diagnostic device. Does not replace clinical judgment.","['PMC12635167_a_multimodal_stress_detection_dataset_with_facial_expression', 'PMC13259056_physiological_monitoring_applications_of_wearable_multimodal', 'PMC12736534_signal_quality_assessment_and_reconstruction_of_ppgderived_s', 'PMC12828444_using_wearable_technology_to_evaluate_the_electrodermal_acti', 'PMC13203100_from_biosignals_to_bedside_a_review_of_realtime_edge_machine']",10.5
11,1200,1230,0.4195,1.3619,"Abrupt isolated spike in wearable biosignals. reduced wrist_eda (z=-0.9, mean=2.58) reduced resp (z=-0.5, mean=-0.19) Relevant topics: electrodermal activity skin conductance sympathetic stress arousal sweat response respiration rate breathing pattern tachypnea bradypnea ventilation. Other readings: ecg mean=0.00, bvp mean=0.25, wrist_temp mean=32.82.","DETECTED: The abrupt spike combined with reduced EDA and respiration likely represents a motion artifact or sensor noise rather than genuine physiological stress, as wrist-worn devices are prone to signal inaccuracies during movement [PMC12635167].

EVIDENCE: Literature notes that collecting EDA signals using wristbands is not very accurate and artifacts can affect data collection results; motion artifacts from electrode displacement produce sharp transients indistinguishable from genuine stress peaks [PMC12828444]. Additionally, skin temperature varies widely based on activity type and ambient conditions rather than just blood flow changes alone [PMC12635167].

RECOMMENDATION: Review concurrent accelerometer data for sudden movement spikes that coincide with the signal anomaly. If motion is detected, treat this window as unreliable for stress assessment and exclude it from analysis until sensor stability is confirmed [PMC12828444].

DISCLAIMER: Research decision-support tool. Not a diagnostic device. Does not replace clinical judgment.","['PMC12635167_a_multimodal_stress_detection_dataset_with_facial_expression', 'PMC13213813_human_experience_in_regulated_offices_hero_dataset_synchroni', 'PMC12828444_using_wearable_technology_to_evaluate_the_electrodermal_acti', 'PMC13259440_hybrid_feature_learning_for_wearable_stress_detection_combin', 'PMC12736534_signal_quality_assessment_and_reconstruction_of_ppgderived_s']",11.9
11,1560,1590,0.4261,1.322,"Abrupt isolated spike in wearable biosignals. reduced ecg (z=-0.6, mean=-0.00) reduced wrist_eda (z=-0.5, mean=6.79) Relevant topics: electrocardiogram rhythm irregularity heart rate variability arrhythmia ectopic beats electrodermal activity skin conductance sympathetic stress arousal sweat response. Other readings: resp mean=0.00, bvp mean=0.09, wrist_temp mean=33.65.","DETECTED: The abrupt spike likely represents a motion artifact or transient signal noise rather than true cardiac arrhythmia, given the simultaneous reduction (z-scores < 0) across ECG and wrist EDA signals.

EVIDENCE: PPG-derived metrics are more prone to motion artifacts and signal degradation under poor perfusion compared to multi-electrode setups like standard ECG [PMC12789550]. While wearables can detect arrhythmias, definitive diagnosis often requires confirmation via ambulatory ECG or exercise testing when symptoms are infrequent [PMC13027176]. Multimodal approaches combining signals generally achieve higher accuracy than single-signal methods for detecting physiological states like stress or anxiety [PMC12789550].

RECOMMENDATION: Review the raw signal trace to check for movement; if motion is present, disregard as artifact. If no obvious motion occurred and symptoms persist, recommend clinical follow-up with a standard ECG monitor to rule out arrhythmia.

DISCLAIMER: Research decision-support tool. Not a diagnostic device. Does not replace clinical judgment.","['PMC12736534_signal_quality_assessment_and_reconstruction_of_ppgderived_s', 'PMC13259056_physiological_monitoring_applications_of_wearable_multimodal', 'PMC13068127_mcardiacdx_radardriven_contactless_monitoring_and_diagnosis_', 'PMC13027176_the_use_of_digital_devices_in_the_management_of_athletes_wit', 'PMC12789550_wearable_devices_for_anxiety_assessment_a_systematic_review']",11.0
11,3090,3120,0.5041,1.2094,"Subtle distributed anomaly, gradual drift from baseline. elevated wrist_temp (z=+0.8, mean=35.00) reduced resp (z=-0.8, mean=-0.29) Relevant topics: skin temperature thermal perfusion vasomotor ambient temperature sensor effects respiration rate breathing pattern tachypnea bradypnea ventilation. Other readings: ecg mean=0.01, bvp mean=0.85, wrist_eda mean=9.13.","DETECTED: The gradual drift in temperature alongside reduced respiration suggests potential sensor noise or environmental influence rather than acute physiological crisis.
EVIDENCE: Wrist photoplethysmogram (PPG) signals are highly susceptible to noise, which can reduce accuracy of monitored parameters [PMC12204546]. Additionally, wrist-worn sensors show varying reliability depending on posture and ambient conditions; for instance, signal quality is lowest when standing with the arm hanging alongside compared to supine positions [PMC12204546].
RECOMMENDATION: Verify patient position (supine preferred) and check for environmental temperature changes or motion artifacts before interpreting vital sign trends.
DISCLAIMER: Research decision-support tool. Not a diagnostic device. Does not replace clinical judgment.","['PMC12204546_determinants_of_photoplethysmography_signal_quality_at_the_w', 'PMC12736534_signal_quality_assessment_and_reconstruction_of_ppgderived_s', 'PMC12592569_photoplethysmography_in_diverse_skin_tones_evaluating_bias_i', 'PMC13094953_continuous_remote_monitoring_of_postoperative_vital_signs_wi', 'PMC13210545_signal_quality_of_reflectivemode_photoplethysmograms_across_']",9.5
11,3240,3270,0.5181,1.167,"Subtle distributed anomaly, gradual drift from baseline. reduced resp (z=-1.8, mean=-0.69) elevated wrist_temp (z=+1.1, mean=35.49) Relevant topics: respiration rate breathing pattern tachypnea bradypnea ventilation skin temperature thermal perfusion vasomotor ambient temperature sensor effects. Other readings: ecg mean=0.00, bvp mean=1.00, wrist_eda mean=20.65.","DETECTED: The pattern suggests a potential physiological stress response or early respiratory change, though signal quality may be influenced by ambient factors like temperature affecting the wrist sensor.

EVIDENCE: Wrist-worn photoplethysmography (PPG) signals are highly susceptible to noise and can be affected by posture and arm position relative to heart height [PMC12204546]. Additionally, skin temperature changes due to ambient conditions or vasomotor responses can alter sensor readings at the wrist [PMC12989444], potentially causing gradual drifts in baseline metrics like respiration rate estimates derived from PPG.

RECOMMENDATION: Verify patient comfort and arm position (ensure arm is raised to heart level if possible) before interpreting respiratory trends, as posture significantly impacts signal quality at the wrist [PMC12204546]. Monitor for signs of thermal stress or vasomotor changes that could confound temperature readings.

DISCLAIMER: Research decision-support tool. Not a diagnostic device. Does not replace clinical judgment.","['PMC11679670_wearable_solutions_using_physiological_signals_for_stress_mo', 'PMC12204546_determinants_of_photoplethysmography_signal_quality_at_the_w', 'PMC12912879_novel_type_iv_monitoring_device_with_advanced_oximetry_indic', 'PMC13212801_from_classic_to_cuttingedge_technological_approaches_to_resp', 'PMC12989444_colorfilterarraybased_multispectral_photoplethysmography_opt']",11.6
11,3510,3540,0.4995,1.0921,"Subtle distributed anomaly, gradual drift from baseline. elevated wrist_temp (z=+1.3, mean=36.09) reduced resp (z=-1.3, mean=-0.47) Relevant topics: skin temperature thermal perfusion vasomotor ambient temperature sensor effects respiration rate breathing pattern tachypnea bradypnea ventilation. Other readings: ecg mean=0.00, bvp mean=-0.45, wrist_eda mean=14.47.","DETECTED: The pattern suggests reduced respiratory rate accompanied by elevated wrist temperature, which may indicate vasodilation or sensor drift rather than acute distress like tachypnea.

EVIDENCE: Wrist PPG signals are highly susceptible to noise and can be influenced by posture (e.g., supine vs. standing) and ambient conditions [PMC12204546]. Skin temperature changes reflect thermal perfusion, which is distinct from respiratory rate measurements derived from photoplethysmography or accelerometry [PMC12736534].

RECOMMENDATION: Verify the patient's posture and ambient environment. Check for motion artifacts that could distort PPG-derived respiration estimates. Correlate wrist temperature with known thermal perfusion states rather than assuming fever or hypothermia without clinical context [PMC12204546].

DISCLAIMER: Research decision-support tool. Not a diagnostic device. Does not replace clinical judgment.","['PMC12204546_determinants_of_photoplethysmography_signal_quality_at_the_w', 'PMC12736534_signal_quality_assessment_and_reconstruction_of_ppgderived_s', 'PMC12592569_photoplethysmography_in_diverse_skin_tones_evaluating_bias_i', 'PMC12989444_colorfilterarraybased_multispectral_photoplethysmography_opt', 'PMC11679670_wearable_solutions_using_physiological_signals_for_stress_mo']",11.8
11,3660,3690,0.5116,1.1697,"Subtle distributed anomaly, gradual drift from baseline. elevated wrist_temp (z=+1.3, mean=36.09) reduced ecg (z=-0.7, mean=-0.00) Relevant topics: skin temperature thermal perfusion vasomotor ambient temperature sensor effects electrocardiogram rhythm irregularity heart rate variability arrhythmia ectopic beats. Other readings: resp mean=0.05, bvp mean=-0.20, wrist_eda mean=13.57.","DETECTED: The pattern suggests a potential signal quality issue rather than a physiological event, indicated by reduced ECG fidelity alongside elevated skin temperature and drift from baseline.

EVIDENCE: Wearable sensors are prone to motion artifacts and signal degradation under poor perfusion or changing contact conditions [PMC12789550]. For wrist-worn devices specifically, changes in electrode-skin interface pressure, hydration, or sweat can lower the signal-to-noise ratio and introduce baseline drift [PMC13203100]. Additionally, PPG signals (often paired with ECG) are particularly susceptible to motion artifacts that simple filtering cannot always resolve [PMC13203100], while skin temperature changes may reflect environmental exposure or thermoregulation rather than pathology alone [PMC13203100].

RECOMMENDATION: Verify sensor contact and reposition the device if possible. Review raw signal morphology for motion artifacts before interpreting clinical metrics, as algorithm limitations can lead to inconclusive recordings in real-world settings [PMC12731301]. If symptoms persist despite good signal quality, seek medical evaluation.

DISCLAIMER: Research decision-support tool. Not a diagnostic device. Does not replace clinical judgment.","['PMC12736534_signal_quality_assessment_and_reconstruction_of_ppgderived_s', 'PMC12789550_wearable_devices_for_anxiety_assessment_a_systematic_review', 'PMC12592569_photoplethysmography_in_diverse_skin_tones_evaluating_bias_i', 'PMC13203100_from_biosignals_to_bedside_a_review_of_realtime_edge_machine', 'PMC12731301_diagnostic_accuracy_of_wearable_ecg_devices_for_atrial_fibri']",12.1
11,3690,3720,0.4741,1.469,"Abrupt isolated spike in wearable biosignals. elevated wrist_temp (z=+1.3, mean=36.10) reduced resp (z=-0.9, mean=-0.33) Relevant topics: skin temperature thermal perfusion vasomotor ambient temperature sensor effects respiration rate breathing pattern tachypnea bradypnea ventilation. Other readings: ecg mean=0.00, bvp mean=0.68, wrist_eda mean=8.97.","DETECTED: An isolated wrist temperature spike with reduced respiration likely reflects sensor artifact or environmental influence rather than acute physiological distress.
EVIDENCE: Wrist skin temperature sensors can show substantial accuracy issues, with only 29.6% of readings within ±1°C of a reference standard [PMC13094953]. Additionally, wrist-worn devices are susceptible to motion artifacts and ambient environmental factors that affect thermal regulation measurements [PMC13213813].
RECOMMENDATION: Verify the anomaly by checking for recent movement or changes in room temperature. Do not interpret this isolated spike as tachypnea, bradypnea, or fever without corroborating clinical signs from other vital sign trends.
DISCLAIMER: Research decision-support tool. Not a diagnostic device. Does not replace clinical judgment.","['PMC13263368_pulse_rate_variability_is_not_the_same_as_heart_rate_variabi', 'PMC13213813_human_experience_in_regulated_offices_hero_dataset_synchroni', 'PMC12300191_a_stability_and_aggregationbased_method_for_heart_rate_estim', 'PMC13094953_continuous_remote_monitoring_of_postoperative_vital_signs_wi', 'PMC13068604_physiological_responses_to_emotional_video_stimuli_ecg_eda_a']",10.1
11,3840,3870,0.4562,1.3661,"Abrupt isolated spike in wearable biosignals. elevated wrist_temp (z=+1.4, mean=36.12) reduced wrist_eda (z=-0.8, mean=4.10) Relevant topics: skin temperature thermal perfusion vasomotor ambient temperature sensor effects electrodermal activity skin conductance sympathetic stress arousal sweat response. Other readings: ecg mean=0.00, resp mean=-0.22, bvp mean=0.94.","DETECTED: An abrupt isolated spike in wrist temperature combined with reduced electrodermal activity likely represents an artifact or environmental interference rather than a physiological stress event.

EVIDENCE: Skin temperature varies widely based on ambient temperature, and EDA sensors are sensitive to high ambient temperatures which can elevate baseline levels independently of psychological stress [PMC13259440]. Additionally, collecting EDA signals using wristbands is noted as not very accurate, where artifacts or poor contact can affect data collection results [PMC12635167].

RECOMMENDATION: Verify ambient room temperature and sensor placement; do not interpret this isolated pattern as a stress response without corroborating clinical signs.

DISCLAIMER: Research decision-support tool. Not a diagnostic device. Does not replace clinical judgment.","['PMC12635167_a_multimodal_stress_detection_dataset_with_facial_expression', 'PMC13213813_human_experience_in_regulated_offices_hero_dataset_synchroni', 'PMC13263368_pulse_rate_variability_is_not_the_same_as_heart_rate_variabi', 'PMC13068604_physiological_responses_to_emotional_video_stimuli_ecg_eda_a', 'PMC13259440_hybrid_feature_learning_for_wearable_stress_detection_combin']",9.3
11,4680,4710,0.4539,1.3185,"Abrupt isolated spike in wearable biosignals. reduced wrist_eda (z=-0.8, mean=4.09) elevated wrist_temp (z=+0.6, mean=34.50) Relevant topics: electrodermal activity skin conductance sympathetic stress arousal sweat response skin temperature thermal perfusion vasomotor ambient temperature sensor effects. Other readings: ecg mean=-0.00, resp mean=0.07, bvp mean=-0.12.","DETECTED: The pattern suggests a potential motion artifact or environmental interference rather than acute stress, given the isolated nature of the signal changes alongside stable heart rate and respiration.

EVIDENCE: EDA peaks are event-related responses to stimuli but can be inaccurate due to artifacts from movement or poor contact [PMC12635167]. Skin temperature varies widely based on ambient conditions and activity type, not just stress levels [PMC12635167]. High ambient temperatures can elevate skin conductance independently of psychological stress [PMC13259440]. Motion artifacts from electrode displacement during physical movement produce sharp signal transients indistinguishable from genuine responses [PMC13259440].

RECOMMENDATION: Review the user's activity log for sudden movements or changes in environment (e.g., moving to a warmer room) that could explain the temperature spike and EDA fluctuation. If no external trigger exists, consider discarding this 30-second window as noise rather than a physiological event [PMC12635167].

DISCLAIMER: Research decision-support tool. Not a diagnostic device. Does not replace clinical judgment.","['PMC12635167_a_multimodal_stress_detection_dataset_with_facial_expression', 'PMC13213813_human_experience_in_regulated_offices_hero_dataset_synchroni', 'PMC13068604_physiological_responses_to_emotional_video_stimuli_ecg_eda_a', 'PMC13259440_hybrid_feature_learning_for_wearable_stress_detection_combin', 'PMC12828444_using_wearable_technology_to_evaluate_the_electrodermal_acti']",10.7
11,6600,6630,0.4243,1.3678,"Abrupt isolated spike in wearable biosignals. reduced wrist_eda (z=-1.2, mean=0.35) elevated bvp (z=+0.4, mean=0.66) Relevant topics: electrodermal activity skin conductance sympathetic stress arousal sweat response photoplethysmography pulse waveform amplitude perfusion signal quality motion artifact. Other readings: ecg mean=0.00, resp mean=-0.07, wrist_temp mean=33.53.","DETECTED: The pattern suggests a potential motion artifact rather than true physiological stress, as the elevated pulse signal coincides with reduced skin conductance.

EVIDENCE: Literature indicates that EDA signals collected via wristbands are not very accurate and can be affected by artifacts; additionally, PPG-based heart rate measurements in wearable devices face challenges from motion artifacts which corrupt data quality [PMC12635167].

RECOMMENDATION: Review the user's activity log for sudden movement or device displacement during this 30-second window. If no significant physical exertion occurred, treat the elevated BVP reading as unreliable data caused by signal noise rather than a cardiac event [PMC12635167].

DISCLAIMER: Research decision-support tool. Not a diagnostic device. Does not replace clinical judgment.","['PMC12635167_a_multimodal_stress_detection_dataset_with_facial_expression', 'PMC12300191_a_stability_and_aggregationbased_method_for_heart_rate_estim', 'PMC12204546_determinants_of_photoplethysmography_signal_quality_at_the_w', 'PMC12736534_signal_quality_assessment_and_reconstruction_of_ppgderived_s', 'PMC13182813_automated_cardiac_arrest_detection_using_wristworn_photoplet']",10.9
11,7590,7620,0.4524,1.377,"Abrupt isolated spike in wearable biosignals. elevated ecg (z=+2.5, mean=0.01) elevated resp (z=+1.0, mean=0.42) Relevant topics: electrocardiogram rhythm irregularity heart rate variability arrhythmia ectopic beats respiration rate breathing pattern tachypnea bradypnea ventilation. Other readings: bvp mean=0.43, wrist_eda mean=3.35, wrist_temp mean=33.57.","DETECTED: The abrupt ECG spike likely represents a transient ectopic beat or artifact rather than sustained pathology, as optical sensors often miss brief non-perfusing events [PMC12938449].
EVIDENCE: Optical methods like rPPG may underestimate arrhythmic events because they measure blood volume changes which are mechanically smoothed and less sensitive to brief ectopic beats compared to ECG's direct electrical tracking [PMC12938449]. Abrupt deviations in beat intervals can also be caused by motion artifacts or noise rather than disease, requiring careful distinction from true physiological irregularity [PMC13259400].
RECOMMENDATION: Correlate the isolated spike with symptoms and other modalities; do not treat as high-risk without further evaluation of underlying cause if syncope is suspected [ESC 2018].
DISCLAIMER: Research decision-support tool. Not a diagnostic device. Does not replace clinical judgment.","['ESC 2018 — Guidelines for the Diagnosis and Management of Syncope', 'PMC12938449_clinical_validation_of_rppgenabled_contactless_pulse_rate_mo', 'PMC12982742_a_lightweight_residual_dilated_temporal_transformer_block_fo', 'PMC12031393_reliable_ecg_anomaly_detection_on_edge_devices_for_internet_', 'PMC13259400_highreliability_signal_quality_validation_for_biosignals_usi']",9.5
11,8490,8520,0.4328,1.3186,"Abrupt isolated spike in wearable biosignals. reduced wrist_eda (z=-1.1, mean=0.86) elevated wrist_temp (z=+0.6, mean=34.50) Relevant topics: electrodermal activity skin conductance sympathetic stress arousal sweat response skin temperature thermal perfusion vasomotor ambient temperature sensor effects. Other readings: ecg mean=0.00, resp mean=-0.00, bvp mean=0.62.","DETECTED: The pattern suggests a potential motion artifact or environmental influence rather than acute stress, given the simultaneous drop in EDA and rise in skin temperature alongside stable heart rate signals.

EVIDENCE: Wrist-worn EDA sensors are noted to be less accurate and prone to artifacts that can affect data collection results [PMC12635167]. Additionally, high ambient temperatures can elevate tonic skin conductance levels independently of psychological stress [PMC13259440], while skin temperature varies widely based on activity type and ambient conditions rather than just blood flow changes [PMC12635167].

RECOMMENDATION: Review the device's orientation in the retrieved context to rule out motion artifacts; verify if ambient room temperature was elevated during this window. If environmental factors are ruled out, monitor for sustained elevation before concluding a stress response.

DISCLAIMER: Research decision-support tool. Not a diagnostic device. Does not replace clinical judgment.","['PMC12635167_a_multimodal_stress_detection_dataset_with_facial_expression', 'PMC13213813_human_experience_in_regulated_offices_hero_dataset_synchroni', 'PMC13259440_hybrid_feature_learning_for_wearable_stress_detection_combin', 'PMC13068604_physiological_responses_to_emotional_video_stimuli_ecg_eda_a', 'PMC12828444_using_wearable_technology_to_evaluate_the_electrodermal_acti']",9.6
12,90,120,0.4308,1.3979,"Abrupt isolated spike in wearable biosignals. reduced wrist_eda (z=-1.1, mean=0.83) elevated ecg (z=+0.3, mean=0.00) Relevant topics: electrodermal activity skin conductance sympathetic stress arousal sweat response electrocardiogram rhythm irregularity heart rate variability arrhythmia ectopic beats. Other readings: resp mean=-0.08, bvp mean=-0.37, wrist_temp mean=32.84.","DETECTED: The pattern suggests a potential motion artifact or signal noise rather than true physiological stress, given the conflicting and mild changes in signals alongside normal temperature.

EVIDENCE: Wrist-worn EDA sensors are noted to be inaccurate with artifacts affecting data collection; peaks can reflect body responses but single spikes may not represent significant stimuli [PMC12635167]. Additionally, wrist-based heart rate variability estimates often differ from gold-standard electrocardiography due to motion and signal quality issues [PMC12828444]. Skin temperature varies widely based on activity and ambient conditions rather than just blood flow changes alone [PMC12635167].

RECOMMENDATION: Verify if the patient was moving or adjusting the device during this 30-second window. Do not interpret isolated, mild spikes as acute stress without corroborating clinical context from other modalities like video or chest-strap ECG.

DISCLAIMER: Research decision-support tool. Not a diagnostic device. Does not replace clinical judgment.","['PMC12635167_a_multimodal_stress_detection_dataset_with_facial_expression', 'PMC13259056_physiological_monitoring_applications_of_wearable_multimodal', 'PMC13068127_mcardiacdx_radardriven_contactless_monitoring_and_diagnosis_', 'PMC12828444_using_wearable_technology_to_evaluate_the_electrodermal_acti', 'PMC12736534_signal_quality_assessment_and_reconstruction_of_ppgderived_s']",10.6
12,450,480,0.4337,1.3937,"Abrupt isolated spike in wearable biosignals. reduced wrist_eda (z=-1.2, mean=0.11) reduced ecg (z=-0.2, mean=0.00) Relevant topics: electrodermal activity skin conductance sympathetic stress arousal sweat response electrocardiogram rhythm irregularity heart rate variability arrhythmia ectopic beats. Other readings: resp mean=0.07, bvp mean=0.14, wrist_temp mean=33.15.","DETECTED: The abrupt spike likely represents a motion artifact rather than true physiological stress, given simultaneous reductions in wrist EDA and ECG signals.
EVIDENCE: Motion artifacts can distort wearable biosignals like ECG and PPG (BVP), often co-occurring with other disturbances when sensors are lightly coupled or exposed to movement [PMC13203100]. Wrist-worn EDA collection is noted as not very accurate, where artifacts can affect data results or prevent signal capture entirely in some subjects [PMC12635167].
RECOMMENDATION: Verify if the user was moving during this 30-second window; do not interpret these concurrent reductions as a physiological event.
DISCLAIMER: Research decision-support tool. Not a diagnostic device. Does not replace clinical judgment.","['PMC12635167_a_multimodal_stress_detection_dataset_with_facial_expression', 'PMC13259056_physiological_monitoring_applications_of_wearable_multimodal', 'PMC12736534_signal_quality_assessment_and_reconstruction_of_ppgderived_s', 'PMC12828444_using_wearable_technology_to_evaluate_the_electrodermal_acti', 'PMC13203100_from_biosignals_to_bedside_a_review_of_realtime_edge_machine']",10.2
12,1200,1230,0.5324,1.147,"Subtle distributed anomaly, gradual drift from baseline. reduced ecg (z=-0.5, mean=-0.00) reduced bvp (z=-0.3, mean=-0.40) Relevant topics: electrocardiogram rhythm irregularity heart rate variability arrhythmia ectopic beats photoplethysmography pulse waveform amplitude perfusion signal quality motion artifact. Other readings: resp mean=0.01, wrist_eda mean=14.99, wrist_temp mean=33.40.","DETECTED: A gradual reduction in both ECG amplitude and blood volume pulse (BVP) suggests a dampened hemodynamic signal where optical methods correctly follow peripheral perfusion trends rather than electrical activity.

EVIDENCE: Optical methods like rPPG measure peripheral blood volume changes, making them less sensitive to brief or non-perfusing ectopic events compared to ECG, which tracks direct cardiac electrical activity [PMC12938449]. Consequently, discrepancies where optical signals underestimate transient arrhythmic events are a known limitation of hemodynamic-based monitoring under certain conditions [PMC12938449].

RECOMMENDATION: Prioritize ECG data for detecting fine-grained electrical abnormalities, as optical methods may miss brief arrhythmic events that do not produce sufficient peripheral pulses. Clinical records should be reviewed to assess patient-specific risk factors like hypertension which can increase ectopic activity [PMC12938449].

DISCLAIMER: Research decision-support tool. Not a diagnostic device. Does not replace clinical judgment.","['PMC12938449_clinical_validation_of_rppgenabled_contactless_pulse_rate_mo', 'PMC13125301_mimiciiiextppg_a_ppgbased_benchmark_dataset_for_cardiovascul', 'PMC12031393_reliable_ecg_anomaly_detection_on_edge_devices_for_internet_', 'PMC12694438_realtime_subjectspecific_predictive_modeling_of_ppg_signals_', 'PMC13214367_a_peakoriented_diffusion_model_for_highfidelity_electrocardi']",13.7
12,1230,1260,0.5456,1.0898,"Subtle distributed anomaly, gradual drift from baseline. elevated bvp (z=+1.3, mean=2.38) elevated wrist_eda (z=+0.4, mean=16.84) Relevant topics: photoplethysmography pulse waveform amplitude perfusion signal quality motion artifact electrodermal activity skin conductance sympathetic stress arousal sweat response. Other readings: ecg mean=0.00, resp mean=-0.04, wrist_temp mean=33.37.","DETECTED: The pattern suggests mild sympathetic arousal or stress, indicated by elevated blood volume pulse and wrist electrodermal activity.
EVIDENCE: EDA reflects skin conductance changes from sweat gland activity modulated by the autonomic nervous system in response to emotional arousal or cognitive load [PMC12789550]. PPG signals are highly susceptible to noise, which can reduce accuracy of monitored parameters and is influenced by posture and arm position relative to heart height [PMC12204546]. Multimodal approaches combining EDA with other biosignals achieve higher accuracy for detecting stress than single-signal methods alone [PMC12789550].
RECOMMENDATION: Verify if the user is in a supine or sitting posture rather than standing, as signal quality degrades when standing with arms hanging down; consider raising the arm to heart level if possible. Monitor for persistent elevation across multiple sessions before clinical intervention.
DISCLAIMER: Research decision-support tool. Not a diagnostic device. Does not replace clinical judgment.","['PMC12204546_determinants_of_photoplethysmography_signal_quality_at_the_w', 'PMC12736534_signal_quality_assessment_and_reconstruction_of_ppgderived_s', 'PMC12635167_a_multimodal_stress_detection_dataset_with_facial_expression', 'PMC12694438_realtime_subjectspecific_predictive_modeling_of_ppg_signals_', 'PMC12789550_wearable_devices_for_anxiety_assessment_a_systematic_review']",10.4
12,1260,1290,0.51,1.1312,"Subtle distributed anomaly, gradual drift from baseline. reduced bvp (z=-2.7, mean=-4.65) elevated resp (z=+0.8, mean=0.32) Relevant topics: photoplethysmography pulse waveform amplitude perfusion signal quality motion artifact respiration rate breathing pattern tachypnea bradypnea ventilation. Other readings: ecg mean=0.00, wrist_eda mean=16.99, wrist_temp mean=33.33.","DETECTED: The pattern suggests a potential motion artifact or signal quality issue rather than true physiological change, as the reduced blood volume pulse (BVP) amplitude often indicates poor perfusion signal due to movement [PMC12694438].

EVIDENCE: PPG signals are subject to mechanical smoothing and motion artifacts that can reduce waveform amplitude, making them less sensitive than ECG during brief events or activity [PMC12938449]. External factors like movement significantly affect photoplethysmography waveforms [PMC13263368], and optical methods may underestimate transient events compared to ECG due to these limitations [PMC12938449].

RECOMMENDATION: Verify patient activity; if motion is present, the reduced BVP amplitude likely reflects artifact rather than bradycardia. Reassess signal quality indices to confirm data validity before clinical interpretation [PMC13125301].

DISCLAIMER: Research decision-support tool. Not a diagnostic device. Does not replace clinical judgment.","['PMC12694438_realtime_subjectspecific_predictive_modeling_of_ppg_signals_', 'PMC13125301_mimiciiiextppg_a_ppgbased_benchmark_dataset_for_cardiovascul', 'PMC12938449_clinical_validation_of_rppgenabled_contactless_pulse_rate_mo', 'PMC12989444_colorfilterarraybased_multispectral_photoplethysmography_opt', 'PMC13263368_pulse_rate_variability_is_not_the_same_as_heart_rate_variabi']",14.1
12,1290,1320,0.5481,1.0867,"Subtle distributed anomaly, gradual drift from baseline. elevated bvp (z=+2.2, mean=3.81) reduced ecg (z=-0.6, mean=-0.00) Relevant topics: photoplethysmography pulse waveform amplitude perfusion signal quality motion artifact electrocardiogram rhythm irregularity heart rate variability arrhythmia ectopic beats. Other readings: resp mean=-0.12, wrist_eda mean=15.60, wrist_temp mean=33.30.","DETECTED: The pattern suggests a transient rhythm irregularity where an electrical heart beat occurred but did not generate a detectable peripheral pulse wave.
EVIDENCE: ECG captures direct cardiac electrical activity making it sensitive to transient changes like ectopic beats, while PPG/rPPG measures blood volume and may miss non-perfusing events due to mechanical smoothing during vascular propagation [PMC12938449]. Consequently, optical methods can underestimate arrhythmic events compared to ECG because ectopic beats often fail to produce a sufficient peripheral pulse signal [PMC12938449].
RECOMMENDATION: Prioritize the elevated BVP and reduced ECG discrepancy as evidence of an electrical beat without hemodynamic response (e.g., non-perfusing ectopic beat) rather than a motion artifact or sensor failure. Correlate with clinical history for conditions linked to increased ectopic activity [PMC12938449].
DISCLAIMER: Research decision-support tool. Not a diagnostic device. Does not replace clinical judgment.","['PMC12938449_clinical_validation_of_rppgenabled_contactless_pulse_rate_mo', 'PMC13125301_mimiciiiextppg_a_ppgbased_benchmark_dataset_for_cardiovascul', 'PMC12031393_reliable_ecg_anomaly_detection_on_edge_devices_for_internet_', 'PMC12694438_realtime_subjectspecific_predictive_modeling_of_ppg_signals_', 'PMC12986937_sparse_temporal_autoencoder_for_ecg_anomaly_detection']",12.0
12,1320,1350,0.54,1.0915,"Subtle distributed anomaly, gradual drift from baseline. elevated bvp (z=+0.8, mean=1.39) elevated wrist_eda (z=+0.2, mean=14.61) Relevant topics: photoplethysmography pulse waveform amplitude perfusion signal quality motion artifact electrodermal activity skin conductance sympathetic stress arousal sweat response. Other readings: ecg mean=0.00, resp mean=0.03, wrist_temp mean=33.30.","DETECTED: The pattern suggests a physiological stress response, indicated by elevated blood volume pulse (BVP) and wrist electrodermal activity (EDA), potentially influenced by motion artifacts or posture.

EVIDENCE: EDA reflects skin conductance changes from sweat gland activity modulated by the autonomic nervous system in response to emotional arousal or cognitive load [PMC12789550]. PPG signals are highly susceptible to noise and degradation under poor perfusion, with signal quality varying significantly based on posture (e.g., supine vs. standing) and arm position relative to heart height [PMC12204546]. Motion artifacts can also affect data collection results for wristband sensors [PMC12635167].

RECOMMENDATION: Verify the user's current activity level, posture (e.g., sitting vs. standing), and potential motion interference before interpreting stress metrics as clinically significant. Consider reviewing signal quality indicators if available to distinguish between true physiological changes and artifact-induced drifts [PMC12204546].

DISCLAIMER: Research decision-support tool. Not a diagnostic device. Does not replace clinical judgment.","['PMC12204546_determinants_of_photoplethysmography_signal_quality_at_the_w', 'PMC12736534_signal_quality_assessment_and_reconstruction_of_ppgderived_s', 'PMC12635167_a_multimodal_stress_detection_dataset_with_facial_expression', 'PMC12789550_wearable_devices_for_anxiety_assessment_a_systematic_review', 'PMC12694438_realtime_subjectspecific_predictive_modeling_of_ppg_signals_']",11.0
12,1350,1380,0.5213,1.2035,"Subtle distributed anomaly, gradual drift from baseline. elevated bvp (z=+1.4, mean=2.52) elevated wrist_eda (z=+0.3, mean=14.98) Relevant topics: photoplethysmography pulse waveform amplitude perfusion signal quality motion artifact electrodermal activity skin conductance sympathetic stress arousal sweat response. Other readings: ecg mean=0.00, resp mean=0.02, wrist_temp mean=33.33.","DETECTED: The pattern suggests a mild physiological arousal or stress response combined with potential signal quality issues due to posture.
EVIDENCE: Elevated wrist EDA indicates sympathetic activation (stress/arousal) [PMC12635167]. PPG signals are highly susceptible to noise and degrade in standing postures compared to supine positions, where quality is greatest [PMC12204546]. Multimodal approaches combining these signals improve detection accuracy over single-signal methods [PMC12789550].
RECOMMENDATION: Verify the patient's posture; if standing with arms hanging, signal reliability may be reduced. Consider repeating measurement in a supine or sitting position to confirm findings and reduce motion/perfusion artifacts. Monitor for clinical signs of anxiety rather than relying solely on wearable data [PMC12789550].
DISCLAIMER: Research decision-support tool. Not a diagnostic device. Does not replace clinical judgment.","['PMC12204546_determinants_of_photoplethysmography_signal_quality_at_the_w', 'PMC12736534_signal_quality_assessment_and_reconstruction_of_ppgderived_s', 'PMC12635167_a_multimodal_stress_detection_dataset_with_facial_expression', 'PMC12694438_realtime_subjectspecific_predictive_modeling_of_ppg_signals_', 'PMC12789550_wearable_devices_for_anxiety_assessment_a_systematic_review']",9.8
12,1680,1710,0.4618,1.3889,"Abrupt isolated spike in wearable biosignals. reduced bvp (z=-0.5, mean=-0.88) reduced wrist_eda (z=-0.3, mean=9.40) Relevant topics: photoplethysmography pulse waveform amplitude perfusion signal quality motion artifact electrodermal activity skin conductance sympathetic stress arousal sweat response. Other readings: ecg mean=-0.00, resp mean=-0.07, wrist_temp mean=33.05.","DETECTED: The abrupt spike with reduced blood volume pulse (BVP) and wrist electrodermal activity (EDA) suggests a motion artifact or signal quality issue rather than true physiological stress, as the BVP amplitude is low while EDA remains relatively stable.

EVIDENCE: Literature indicates that PPG signals are frequently affected by motion artifacts which can corrupt heart rate estimates [PMC12300191]. Additionally, wrist-based photoplethysmography signal quality is often compromised during movement or due to perfusion changes, leading to reduced waveform amplitude and unreliable data points [PMC12204546].

RECOMMENDATION: Review the user's activity log for sudden movements (e.g., arm swinging) during this 30-second window. If motion is confirmed, disregard these values as they likely represent noise rather than a clinical event [PMC12694438].

DISCLAIMER: Research decision-support tool. Not a diagnostic device. Does not replace clinical judgment.","['PMC12300191_a_stability_and_aggregationbased_method_for_heart_rate_estim', 'PMC12204546_determinants_of_photoplethysmography_signal_quality_at_the_w', 'PMC12110636_fully_automated_photoplethysmographybased_wearable_atrial_fi', 'PMC12694438_realtime_subjectspecific_predictive_modeling_of_ppg_signals_', 'PMC12635167_a_multimodal_stress_detection_dataset_with_facial_expression']",12.9
12,2040,2070,0.4689,1.4819,"Abrupt isolated spike in wearable biosignals. reduced bvp (z=-4.1, mean=-7.16) elevated ecg (z=+0.7, mean=0.00) Relevant topics: photoplethysmography pulse waveform amplitude perfusion signal quality motion artifact electrocardiogram rhythm irregularity heart rate variability arrhythmia ectopic beats. Other readings: resp mean=0.10, wrist_eda mean=13.27, wrist_temp mean=32.84.","DETECTED: The pattern suggests an electrical event (ECG spike) that did not generate a detectable peripheral pulse signal reduction, likely indicating a non-perfusing ectopic beat or transient rhythm irregularity.

EVIDENCE: ECG captures direct cardiac electrical activity and is highly sensitive to transient rhythm changes like ventricular ectopic beats, whereas PPG measures blood volume changes which are subject to mechanical smoothing during vascular propagation [PMC12938449]. Consequently, optical methods may miss brief, non-perfusing events compared to ECG, leading to discrepancies where the electrical signal is present but the hemodynamic pulse is dampened or absent [PMC12938449].

RECOMMENDATION: Prioritize the ECG reading as it precisely tracks R-R intervals and detects fine-grained arrhythmias that optical methods might underestimate due to their reliance on peripheral perfusion trends [PMC12938449]. Monitor for clinical correlation of symptoms.

DISCLAIMER: Research decision-support tool. Not a diagnostic device. Does not replace clinical judgment.","['PMC12938449_clinical_validation_of_rppgenabled_contactless_pulse_rate_mo', 'PMC13259400_highreliability_signal_quality_validation_for_biosignals_usi', 'PMC12282364_photoplethysmography_in_recentonset_atrial_fibrillation_auto', 'PMC12694438_realtime_subjectspecific_predictive_modeling_of_ppg_signals_', 'PMC12982742_a_lightweight_residual_dilated_temporal_transformer_block_fo']",10.5
12,2070,2100,0.4526,1.3905,"Abrupt isolated spike in wearable biosignals. elevated bvp (z=+1.8, mean=3.22) reduced resp (z=-1.1, mean=-0.41) Relevant topics: photoplethysmography pulse waveform amplitude perfusion signal quality motion artifact respiration rate breathing pattern tachypnea bradypnea ventilation. Other readings: ecg mean=-0.00, wrist_eda mean=7.26, wrist_temp mean=32.93.","DETECTED: The abrupt spike in blood volume pulse (BVP) combined with reduced respiration likely indicates a motion artifact rather than true physiological tachypnea or bradycardia, as wearable sensors are highly susceptible to noise from movement.

EVIDENCE: Literature confirms that PPG signals are ""highly susceptible to movement artefacts,"" where shaking or rapid sensor movements disrupt the signal with noise [PMC12282364]. Research focuses on developing motion-tolerant algorithms and quality checks using acceleration data to distinguish real physiological changes from artifacts caused by patient activity [PMC12989444].

RECOMMENDATION: Do not interpret this isolated 30-second event as a clinical emergency. Verify the anomaly against concurrent ECG and accelerometer data; if motion is detected, disregard the BVP/respiration values until signal quality improves or the patient rests [PMC12282364].

DISCLAIMER: Research decision-support tool. Not a diagnostic device. Does not replace clinical judgment.","['PMC12694438_realtime_subjectspecific_predictive_modeling_of_ppg_signals_', 'PMC13296462_respiratory_monitoring_in_motion_an_overview_of_wearable_met', 'PMC12282364_photoplethysmography_in_recentonset_atrial_fibrillation_auto', 'PMC12989444_colorfilterarraybased_multispectral_photoplethysmography_opt', 'PMC12300191_a_stability_and_aggregationbased_method_for_heart_rate_estim']",11.8
12,2370,2400,0.5143,1.1971,"Subtle distributed anomaly, gradual drift from baseline. elevated bvp (z=+2.9, mean=5.11) reduced wrist_eda (z=-0.7, mean=5.41) Relevant topics: photoplethysmography pulse waveform amplitude perfusion signal quality motion artifact electrodermal activity skin conductance sympathetic stress arousal sweat response. Other readings: ecg mean=0.00, resp mean=-0.08, wrist_temp mean=33.33.","DETECTED: The pattern suggests a potential motion artifact or posture change affecting wrist sensor accuracy, rather than true sympathetic stress given conflicting EDA readings.
EVIDENCE: Wrist PPG signal quality is highly susceptible to noise and varies significantly by posture; it was lowest when standing with the arm hanging (9.0 dB) compared to sitting or supine positions [PMC12204546]. Additionally, wrist-based Electrodermal Activity (EDA) measurements are noted as not very accurate in some subjects and can be affected by artifacts during data collection [PMC12635167].
RECOMMENDATION: Verify the user's posture; if standing with arms hanging, signal quality is expected to degrade. Consider reviewing accelerometer data for motion or re-evaluating after a period of rest/supine positioning per guidelines on improving PPG reliability under dynamic conditions [PMC12989444].
DISCLAIMER: Research decision-support tool. Not a diagnostic device. Does not replace clinical judgment.","['PMC12204546_determinants_of_photoplethysmography_signal_quality_at_the_w', 'PMC12736534_signal_quality_assessment_and_reconstruction_of_ppgderived_s', 'PMC12989444_colorfilterarraybased_multispectral_photoplethysmography_opt', 'PMC12694438_realtime_subjectspecific_predictive_modeling_of_ppg_signals_', 'PMC12635167_a_multimodal_stress_detection_dataset_with_facial_expression']",10.7
12,2400,2430,0.5131,1.2038,"Subtle distributed anomaly, gradual drift from baseline. reduced wrist_eda (z=-0.2, mean=10.13) elevated bvp (z=+0.2, mean=0.38) Relevant topics: electrodermal activity skin conductance sympathetic stress arousal sweat response photoplethysmography pulse waveform amplitude perfusion signal quality motion artifact. Other readings: ecg mean=0.00, resp mean=-0.02, wrist_temp mean=33.41.","DETECTED: The pattern suggests reduced sweat response and elevated pulse amplitude, which may indicate motion artifacts or suboptimal sensor coupling rather than true physiological stress.

EVIDENCE: Wrist-based EDA signals are often inaccurate due to artifacts; similarly, PPG signal quality at the wrist is affected by factors like skin blood flow variations and poor sensor-skin contact [PMC12635167]. Studies note that low-amplitude random noise or suboptimal coupling can degrade these specific biosignals [PMC12989444].

RECOMMENDATION: Verify device placement and ensure stable skin contact. If motion is present, consider filtering artifacts before interpreting the gradual drift as a physiological change.

DISCLAIMER: Research decision-support tool. Not a diagnostic device. Does not replace clinical judgment.","['PMC12204546_determinants_of_photoplethysmography_signal_quality_at_the_w', 'PMC12635167_a_multimodal_stress_detection_dataset_with_facial_expression', 'PMC12736534_signal_quality_assessment_and_reconstruction_of_ppgderived_s', 'PMC12989444_colorfilterarraybased_multispectral_photoplethysmography_opt', 'PMC12608435_shortterm_detection_of_dynamic_stress_levels_in_exergaming_w']",9.2
12,2430,2460,0.5201,1.2067,"Subtle distributed anomaly, gradual drift from baseline. reduced bvp (z=-1.1, mean=-1.85) reduced ecg (z=-0.2, mean=0.00) Relevant topics: photoplethysmography pulse waveform amplitude perfusion signal quality motion artifact electrocardiogram rhythm irregularity heart rate variability arrhythmia ectopic beats. Other readings: resp mean=0.03, wrist_eda mean=13.27, wrist_temp mean=33.49.","DETECTED: The pattern suggests a transient rhythm irregularity, such as an ectopic beat or non-perfusing event, where the electrical heart rate (ECG) differs from the peripheral pulse rate.
EVIDENCE: Optical methods like rPPG measure blood volume changes and may miss brief events that do not produce sufficient peripheral pulses, whereas ECG captures direct electrical activity making it sensitive to transient rhythm changes [PMC12938449]. Consequently, optical monitoring can underestimate arrhythmic events compared with ECG during such discrepancies [PMC12938449].
RECOMMENDATION: Prioritize the ECG reading as it precisely tracks R–R intervals and detects fine-grained electrical activity that hemodynamic signals may smooth over or miss entirely [PMC12938449].
DISCLAIMER: Research decision-support tool. Not a diagnostic device. Does not replace clinical judgment.","['PMC12938449_clinical_validation_of_rppgenabled_contactless_pulse_rate_mo', 'PMC13125301_mimiciiiextppg_a_ppgbased_benchmark_dataset_for_cardiovascul', 'PMC12694438_realtime_subjectspecific_predictive_modeling_of_ppg_signals_', 'PMC12031393_reliable_ecg_anomaly_detection_on_edge_devices_for_internet_', 'PMC13301328_a_photoplethysmographybased_algorithm_for_early_atrial_fibri']",10.1
12,2460,2490,0.545,1.1134,"Subtle distributed anomaly, gradual drift from baseline. elevated ecg (z=+0.4, mean=0.00) elevated wrist_eda (z=+0.2, mean=14.58) Relevant topics: electrocardiogram rhythm irregularity heart rate variability arrhythmia ectopic beats electrodermal activity skin conductance sympathetic stress arousal sweat response. Other readings: resp mean=0.05, bvp mean=0.11, wrist_temp mean=33.59.","DETECTED: The gradual drift in ECG elevation suggests a potential arrhythmia or electrical instability that warrants clinical review.

EVIDENCE: Digital biomarkers from longitudinal data streams may provide early indications of electrophysiological instability before conventional markers become evident [PMC13075123]. However, optical methods like wrist sensors can miss brief ectopic beats because they measure peripheral blood volume rather than direct electrical activity; thus, discrepancies between wearable trends and ECG ground truth are expected limitations under arrhythmic conditions [PMC12986937].

RECOMMENDATION: Correlate the gradual drift with patient symptoms (e.g., palpitations) or recent AF recurrence history. If symptomatic or if high-risk genetic factors exist, transmit a contemporaneous ECG for adjudication rather than relying solely on wearable trends [PMC12948591].

DISCLAIMER: Research decision-support tool. Not a diagnostic device. Does not replace clinical judgment.","['PMC12736534_signal_quality_assessment_and_reconstruction_of_ppgderived_s', 'PMC12948591_patientled_smartwatch_ecg_followup_strategy_after_af_ablatio', 'PMC13075123_aienabled_sensor_technologies_for_remote_arrhythmic_monitori', 'PMC12938449_clinical_validation_of_rppgenabled_contactless_pulse_rate_mo', 'PMC12986937_sparse_temporal_autoencoder_for_ecg_anomaly_detection']",9.8
12,2490,2520,0.5031,1.1522,"Subtle distributed anomaly, gradual drift from baseline. elevated resp (z=+0.6, mean=0.23) elevated bvp (z=+0.4, mean=0.78) Relevant topics: respiration rate breathing pattern tachypnea bradypnea ventilation photoplethysmography pulse waveform amplitude perfusion signal quality motion artifact. Other readings: ecg mean=-0.00, wrist_eda mean=13.46, wrist_temp mean=33.66.","DETECTED: The pattern suggests a gradual physiological drift rather than acute distress; elevated readings may reflect normal hemodynamic smoothing or transient rhythm irregularities like ectopic beats that optical sensors miss compared to ECG [PMC12938449].

EVIDENCE: Optical methods (rPPG/PPG) measure peripheral blood volume and are subject to mechanical smoothing, making them less sensitive to brief non-perfusing events than direct electrical activity captured by ECG. Consequently, optical sensors may underestimate transient arrhythmic events or show discrepancies when ectopic beats do not produce a sufficient pulse [PMC12938449].

RECOMMENDATION: Correlate these gradual changes with clinical context and other modalities (e.g., ECG) to distinguish between true physiological trends, motion artifacts requiring reduction techniques, or missed arrhythmias. Further evaluation is needed if discrepancies persist in patients with known conditions like hypertension [PMC12938449].

DISCLAIMER: Research decision-support tool. Not a diagnostic device. Does not replace clinical judgment.","['PMC12938449_clinical_validation_of_rppgenabled_contactless_pulse_rate_mo', 'PMC12694438_realtime_subjectspecific_predictive_modeling_of_ppg_signals_', 'PMC13125301_mimiciiiextppg_a_ppgbased_benchmark_dataset_for_cardiovascul', 'PMC12989444_colorfilterarraybased_multispectral_photoplethysmography_opt', 'PMC13212801_from_classic_to_cuttingedge_technological_approaches_to_resp']",12.0
12,2520,2550,0.5566,1.1996,"Subtle distributed anomaly, gradual drift from baseline. elevated bvp (z=+2.2, mean=3.97) reduced resp (z=-1.5, mean=-0.55) Relevant topics: photoplethysmography pulse waveform amplitude perfusion signal quality motion artifact respiration rate breathing pattern tachypnea bradypnea ventilation. Other readings: ecg mean=0.00, wrist_eda mean=14.11, wrist_temp mean=33.70.","DETECTED: The pattern suggests a potential motion artifact or signal quality issue rather than true physiological tachypnea (rapid breathing) or bradycardia, as optical sensors often struggle with movement that alters blood flow signals.

EVIDENCE: PPG measures peripheral blood volume changes which are subject to mechanical smoothing and can miss brief events compared to ECG [PMC12938449]. Motion artifacts significantly affect photoplethysmographic signal quality and must be removed for reliable respiratory or heart rate estimation [PMC12694438]. Optical methods may underestimate transient events because they follow dampened hemodynamic signals rather than direct electrical activity [PMC12938449].

RECOMMENDATION: Verify signal quality and check for patient movement. Correlate with ECG if available to distinguish true arrhythmia from artifact-induced discrepancies.

DISCLAIMER: Research decision-support tool. Not a diagnostic device. Does not replace clinical judgment.","['PMC12694438_realtime_subjectspecific_predictive_modeling_of_ppg_signals_', 'PMC12938449_clinical_validation_of_rppgenabled_contactless_pulse_rate_mo', 'PMC13125301_mimiciiiextppg_a_ppgbased_benchmark_dataset_for_cardiovascul', 'PMC12989444_colorfilterarraybased_multispectral_photoplethysmography_opt', 'PMC13263368_pulse_rate_variability_is_not_the_same_as_heart_rate_variabi']",11.7
12,2550,2580,0.5591,1.1228,"Subtle distributed anomaly, gradual drift from baseline. elevated resp (z=+1.4, mean=0.54) elevated wrist_eda (z=+1.1, mean=23.40) Relevant topics: respiration rate breathing pattern tachypnea bradypnea ventilation electrodermal activity skin conductance sympathetic stress arousal sweat response. Other readings: ecg mean=-0.00, bvp mean=0.01, wrist_temp mean=33.74.","DETECTED: The gradual rise in respiration rate (z=+1.4) alongside elevated skin conductance suggests increased sympathetic arousal or stress rather than respiratory failure, as heart rate and blood volume pulse remain stable.

EVIDENCE: Research indicates that wrist-worn PPG signals often overestimate parasympathetic metrics like RMSSD and HF power due to systematic bias, meaning standard HRV readings may not accurately reflect true physiological states without signal quality reconstruction [PMC12736534]. Additionally, elevated electrodermal activity is a recognized indicator of sympathetic stress or arousal in wearable monitoring contexts [PMC11679670].

RECOMMENDATION: Monitor for clinical symptoms of anxiety or physical exertion; verify signal quality to rule out motion artifacts before interpreting the respiration rate elevation.

DISCLAIMER: Research decision-support tool. Not a diagnostic device. Does not replace clinical judgment.","['PMC12736534_signal_quality_assessment_and_reconstruction_of_ppgderived_s', 'PMC11679670_wearable_solutions_using_physiological_signals_for_stress_mo', 'ESC 2018 — Guidelines for the Diagnosis and Management of Syncope', 'PMC12912879_novel_type_iv_monitoring_device_with_advanced_oximetry_indic', 'PMC13210545_signal_quality_of_reflectivemode_photoplethysmograms_across_']",10.3
12,2580,2610,0.6441,1.7863,"Robust anomaly confirmed by two independent detectors. reduced bvp (z=-6.0, mean=-10.38) elevated wrist_eda (z=+1.5, mean=27.85) Relevant topics: photoplethysmography pulse waveform amplitude perfusion signal quality motion artifact electrodermal activity skin conductance sympathetic stress arousal sweat response. Other readings: ecg mean=0.00, resp mean=0.41, wrist_temp mean=33.71.","DETECTED: The pattern suggests a sympathetic stress response (elevated EDA) occurring alongside reduced PPG signal quality, likely due to motion artifact or poor perfusion rather than true bradycardia.

EVIDENCE: Electrodermal activity (EDA) peaks are event-related and can estimate the body's response to stimuli like stress [PMC12635167]. However, collecting EDA via wristbands is not very accurate and artifacts often affect data collection results in this location [PMC12635167]. Additionally, PPG signal quality at the wrist is influenced by motion artifacts and perfusion issues; manual processing steps like signal-quality assessment can improve agreement with ground truth but may still struggle to recover certain metrics under dynamic conditions [PMC12736534].

RECOMMENDATION: Verify if the patient was moving or had poor sensor contact during this window. Do not interpret the reduced BVP as a true heart rate drop without clinical confirmation, given known PPG limitations at the wrist due to motion and perfusion changes [PMC12736534][PMC12635167].

DISCLAIMER: Research decision-support tool. Not a diagnostic device. Does not replace clinical judgment.","['PMC12204546_determinants_of_photoplethysmography_signal_quality_at_the_w', 'PMC12300191_a_stability_and_aggregationbased_method_for_heart_rate_estim', 'PMC12736534_signal_quality_assessment_and_reconstruction_of_ppgderived_s', 'PMC12110636_fully_automated_photoplethysmographybased_wearable_atrial_fi', 'PMC12635167_a_multimodal_stress_detection_dataset_with_facial_expression']",11.4
12,2610,2640,0.549,1.2661,"Subtle distributed anomaly, gradual drift from baseline. elevated bvp (z=+2.1, mean=3.70) elevated wrist_eda (z=+1.5, mean=27.65) Relevant topics: photoplethysmography pulse waveform amplitude perfusion signal quality motion artifact electrodermal activity skin conductance sympathetic stress arousal sweat response. Other readings: ecg mean=-0.00, resp mean=-0.08, wrist_temp mean=33.59.","DETECTED: The pattern suggests a physiological stress response, indicated by elevated blood volume pulse (BVP) and wrist electrodermal activity (EDA), which are known markers of sympathetic arousal. However, the gradual drift in BVP may also reflect motion artifacts or posture changes that degrade signal quality at the wrist [PMC12204546].

EVIDENCE: EDA reflects sweat gland activity modulated by autonomic nervous system responses to stress or cognitive load [PMC12789550]. Wrist PPG signals are highly susceptible to noise and motion artifacts, with quality varying significantly based on posture (e.g., supine vs. standing) [PMC12204546]. Multimodal approaches combining EDA and BVP improve detection accuracy despite imperfections in single streams [PMC12789550].

RECOMMENDATION: Verify the user's activity level or posture, as these factors significantly impact wrist PPG signal quality. If motion is present, consider filtering artifacts before interpreting stress markers like elevated EDA and BVP. Correlate findings with other modalities if available to confirm a true physiological response versus artifact [PMC12789550].

DISCLAIMER: Research decision-support tool. Not a diagnostic device. Does not replace clinical judgment.","['PMC12204546_determinants_of_photoplethysmography_signal_quality_at_the_w', 'PMC12736534_signal_quality_assessment_and_reconstruction_of_ppgderived_s', 'PMC12635167_a_multimodal_stress_detection_dataset_with_facial_expression', 'PMC12789550_wearable_devices_for_anxiety_assessment_a_systematic_review', 'PMC12694438_realtime_subjectspecific_predictive_modeling_of_ppg_signals_']",11.8
12,2640,2670,0.5719,1.1238,"Subtle distributed anomaly, gradual drift from baseline. elevated wrist_eda (z=+1.6, mean=28.66) elevated bvp (z=+1.2, mean=2.19) Relevant topics: electrodermal activity skin conductance sympathetic stress arousal sweat response photoplethysmography pulse waveform amplitude perfusion signal quality motion artifact. Other readings: ecg mean=0.00, resp mean=0.16, wrist_temp mean=33.56.","DETECTED: The gradual rise in EDA suggests sympathetic arousal (stress), while elevated BVP may indicate increased perfusion or motion artifact.
EVIDENCE: Elevated wrist EDA indicates sweat response and sympathetic stress, though collection can be inaccurate due to artifacts [PMC12635167]. Wrist PPG signals often show larger heart rate estimation errors compared to finger sites due to missed pulse peaks [PMC13210545]. Signal quality issues like suboptimal skin coupling or motion can cause atypical patterns and noise in EDA data [PMC12608435].
RECOMMENDATION: Verify sensor placement for better skin contact; check if the user is moving, as wrist PPG errors increase with activity. If artifacts persist, consider using a finger site for more accurate heart rate or ignore this specific 30-second window until stability returns.
DISCLAIMER: Research decision-support tool. Not a diagnostic device. Does not replace clinical judgment.","['PMC12204546_determinants_of_photoplethysmography_signal_quality_at_the_w', 'PMC12635167_a_multimodal_stress_detection_dataset_with_facial_expression', 'PMC12736534_signal_quality_assessment_and_reconstruction_of_ppgderived_s', 'PMC12608435_shortterm_detection_of_dynamic_stress_levels_in_exergaming_w', 'PMC13210545_signal_quality_of_reflectivemode_photoplethysmograms_across_']",9.4
12,2670,2700,0.5604,1.1766,"Subtle distributed anomaly, gradual drift from baseline. elevated wrist_eda (z=+1.1, mean=24.21) reduced resp (z=-0.5, mean=-0.16) Relevant topics: electrodermal activity skin conductance sympathetic stress arousal sweat response respiration rate breathing pattern tachypnea bradypnea ventilation. Other readings: ecg mean=0.00, bvp mean=-0.08, wrist_temp mean=33.56.","DETECTED: Elevated wrist EDA suggests sympathetic arousal or stress response; reduced respiration may indicate bradypnea, shallow breathing, or signal artifact from motion/fitting issues rather than true physiological change alone.

EVIDENCE: Wrist-worn EDA is prone to artifacts and inaccuracies due to electrode displacement, ambient temperature/humidity effects on skin conductance level (SCL), poor sensor coupling, and individual variability in baseline [PMC13259440]. PPG-derived HRV metrics like RMSSD/HF often show systematic overestimation compared with ECG ground truth even after signal quality thresholding and reconstruction [PMC12736534]. Skin temperature varies widely based on activity, ambient conditions, and blood flow, limiting its specificity for stress detection without multimodal context [PMC12635167].

RECOMMENDATION: Correlate EDA elevation with concurrent video/facial expression or other modalities to confirm true arousal; verify sensor fit and skin contact quality before interpreting reduced respiration as bradypnea. Use signal-quality thresholds (e.g., SNR > 20 dB, variance > 0.001 μS²) to exclude noisy epochs [PMC12608435].

DISCLAIMER: Research decision-support tool. Not a diagnostic device. Does not replace clinical judgment.","['PMC12736534_signal_quality_assessment_and_reconstruction_of_ppgderived_s', 'PMC12635167_a_multimodal_stress_detection_dataset_with_facial_expression', 'PMC13259440_hybrid_feature_learning_for_wearable_stress_detection_combin', 'PMC12608435_shortterm_detection_of_dynamic_stress_levels_in_exergaming_w', 'PMC12204546_determinants_of_photoplethysmography_signal_quality_at_the_w']",11.6
12,2700,2730,0.5241,1.0547,"Subtle distributed anomaly, gradual drift from baseline. elevated wrist_eda (z=+1.0, mean=22.25) reduced bvp (z=-0.7, mean=-1.22) Relevant topics: electrodermal activity skin conductance sympathetic stress arousal sweat response photoplethysmography pulse waveform amplitude perfusion signal quality motion artifact. Other readings: ecg mean=0.00, resp mean=-0.04, wrist_temp mean=33.56.","DETECTED: The pattern suggests a physiological stress response where elevated skin conductance indicates sympathetic arousal while reduced pulse amplitude may reflect vasoconstriction or signal quality issues.

EVIDENCE: EDA measures sweat gland activity modulated by the autonomic nervous system in response to emotional arousal, making it valuable for detecting anxiety and stress [PMC12789550]. However, wrist-based PPG signals are more prone to motion artifacts and degradation under poor perfusion compared to chest-worn devices [PMC12789550]. Additionally, EDA signal accuracy at the wrist can be affected by suboptimal sensor coupling or noise, potentially leading to inaccurate data collection results [PMC12635167].

RECOMMENDATION: Verify if motion artifacts are present; consider validating findings with a chest-worn ECG device which offers higher fidelity for HRV metrics under dynamic conditions. If the wrist PPG signal quality is poor due to perfusion issues, rely more on multimodal data or discard low-quality epochs [PMC12789550].

DISCLAIMER: Research decision-support tool. Not a diagnostic device. Does not replace clinical judgment.","['PMC12204546_determinants_of_photoplethysmography_signal_quality_at_the_w', 'PMC12635167_a_multimodal_stress_detection_dataset_with_facial_expression', 'PMC12736534_signal_quality_assessment_and_reconstruction_of_ppgderived_s', 'PMC12608435_shortterm_detection_of_dynamic_stress_levels_in_exergaming_w', 'PMC12789550_wearable_devices_for_anxiety_assessment_a_systematic_review']",10.6
12,2730,2760,0.5289,1.1059,"Subtle distributed anomaly, gradual drift from baseline. reduced bvp (z=-1.4, mean=-2.41) elevated wrist_eda (z=+0.7, mean=19.95) Relevant topics: photoplethysmography pulse waveform amplitude perfusion signal quality motion artifact electrodermal activity skin conductance sympathetic stress arousal sweat response. Other readings: ecg mean=0.00, resp mean=-0.20, wrist_temp mean=33.56.","DETECTED: The pattern suggests a potential motion artifact or poor sensor contact causing reduced pulse signal quality, coinciding with elevated skin conductance (sweat) and stable temperature.
EVIDENCE: Wrist photoplethysmogram signals are highly susceptible to noise which can reduce the accuracy of monitored parameters; standing postures yield lower signal quality compared to supine positions [PMC12204546]. Additionally, collecting electrodermal activity using wristbands is noted as not very accurate and prone to artifacts that affect data collection results [PMC12635167].
RECOMMENDATION: Verify the device's physical contact with the skin; if motion or poor fit is suspected, reposition the sensor. If symptoms persist despite stable posture, consider the signal unreliable for clinical interpretation due to inherent wristband limitations in capturing accurate perfusion and sweat data [PMC12204546][PMC12635167].
DISCLAIMER: Research decision-support tool. Not a diagnostic device. Does not replace clinical judgment.","['PMC12204546_determinants_of_photoplethysmography_signal_quality_at_the_w', 'PMC12736534_signal_quality_assessment_and_reconstruction_of_ppgderived_s', 'PMC12635167_a_multimodal_stress_detection_dataset_with_facial_expression', 'PMC12694438_realtime_subjectspecific_predictive_modeling_of_ppg_signals_', 'PMC12989444_colorfilterarraybased_multispectral_photoplethysmography_opt']",10.9
12,2760,2790,0.5366,1.0834,"Subtle distributed anomaly, gradual drift from baseline. elevated bvp (z=+1.8, mean=3.26) elevated wrist_eda (z=+0.6, mean=18.64) Relevant topics: photoplethysmography pulse waveform amplitude perfusion signal quality motion artifact electrodermal activity skin conductance sympathetic stress arousal sweat response. Other readings: ecg mean=0.00, resp mean=0.18, wrist_temp mean=33.51.","DETECTED: The pattern suggests a physiological stress response characterized by elevated heart rate and increased sympathetic arousal (sweat), potentially influenced by signal quality factors like posture or motion.

EVIDENCE: Elevated wrist EDA indicates sweat gland activity modulated by the autonomic nervous system in response to emotional arousal, making it valuable for detecting anxiety [PMC12789550]. PPG signals are highly susceptible to noise and degradation under poor perfusion or motion artifacts compared to ECG [PMC12789550]. Signal quality at the wrist is greatest when supine but decreases in standing postures, which can affect BVP accuracy [PMC12204546]. Multimodal approaches combining signals often achieve higher accuracy than single-signal methods for detecting stress-related conditions [PMC12789550].

RECOMMENDATION: Verify if the patient is supine or moving; consider that standing postures reduce PPG signal quality. Correlate EDA elevation with known stressors rather than treating it as a standalone diagnostic marker without clinical context.

DISCLAIMER: Research decision-support tool. Not a diagnostic device. Does not replace clinical judgment.","['PMC12204546_determinants_of_photoplethysmography_signal_quality_at_the_w', 'PMC12736534_signal_quality_assessment_and_reconstruction_of_ppgderived_s', 'PMC12635167_a_multimodal_stress_detection_dataset_with_facial_expression', 'PMC12694438_realtime_subjectspecific_predictive_modeling_of_ppg_signals_', 'PMC12789550_wearable_devices_for_anxiety_assessment_a_systematic_review']",11.1
12,2790,2820,0.5216,1.2055,"Subtle distributed anomaly, gradual drift from baseline. reduced ecg (z=-0.6, mean=-0.00) reduced bvp (z=-0.5, mean=-0.89) Relevant topics: electrocardiogram rhythm irregularity heart rate variability arrhythmia ectopic beats photoplethysmography pulse waveform amplitude perfusion signal quality motion artifact. Other readings: resp mean=0.20, wrist_eda mean=17.78, wrist_temp mean=33.46.","DETECTED: A gradual reduction in both ECG amplitude and blood volume pulse (BVP) suggests a dampened hemodynamic signal rather than electrical silence or severe motion artifact.

EVIDENCE: Optical methods like PPG/rPPG measure peripheral blood volume changes to determine pulse rate, whereas ECG captures direct cardiac electrical activity [PMC12938449]. Consequently, optical signals are subject to mechanical smoothing during vascular propagation and may underestimate transient arrhythmic events or miss non-perfusing beats compared to ECG [PMC12938449]. This inherent limitation means discrepancies often highlight that the optical method correctly followed a dampened signal while electrical activity remained detectable.

RECOMMENDATION: Prioritize the ECG reading for rhythm assessment, as it is highly sensitive to transient changes and arrhythmias like ectopic beats [PMC12938449]. Monitor perfusion trends via BVP but do not rely on optical data alone during suspected electrical irregularities.

DISCLAIMER: Research decision-support tool. Not a diagnostic device. Does not replace clinical judgment.","['PMC12938449_clinical_validation_of_rppgenabled_contactless_pulse_rate_mo', 'PMC13125301_mimiciiiextppg_a_ppgbased_benchmark_dataset_for_cardiovascul', 'PMC12031393_reliable_ecg_anomaly_detection_on_edge_devices_for_internet_', 'PMC12694438_realtime_subjectspecific_predictive_modeling_of_ppg_signals_', 'PMC13214367_a_peakoriented_diffusion_model_for_highfidelity_electrocardi']",10.9
12,2820,2850,0.5335,1.0527,"Subtle distributed anomaly, gradual drift from baseline. reduced ecg (z=-1.8, mean=-0.01) elevated wrist_eda (z=+0.7, mean=19.10) Relevant topics: electrocardiogram rhythm irregularity heart rate variability arrhythmia ectopic beats electrodermal activity skin conductance sympathetic stress arousal sweat response. Other readings: resp mean=0.03, bvp mean=0.68, wrist_temp mean=33.42.","DETECTED: The gradual drift and subtle ECG reduction suggest potential measurement limitations or transient rhythm irregularities rather than acute instability.
EVIDENCE: Optical methods like wrist-worn PPG may underestimate transient arrhythmic events because they measure peripheral blood volume, which is mechanically smoothed during vascular propagation; this makes them less sensitive to brief ectopic beats compared to direct ECG electrical activity [PMC12938449]. Additionally, certain HRV metrics (RMSSD and HF) are prone to systematic overestimation by PPG-derived measures even with refined processing, highlighting persistent difficulty in recovering these specific parasympathetic-sensitive signals from wrist-worn devices [PMC12736534].
RECOMMENDATION: Correlate the wearable data with a standard ECG or clinical assessment to confirm if the pattern represents true electrical instability versus optical signal smoothing artifacts. Monitor for symptom correlation, as unclassified recordings often require same-day repeat testing in active monitoring protocols [PMC12948591].
DISCLAIMER: Research decision-support tool. Not a diagnostic device. Does not replace clinical judgment.","['PMC12736534_signal_quality_assessment_and_reconstruction_of_ppgderived_s', 'PMC12948591_patientled_smartwatch_ecg_followup_strategy_after_af_ablatio', 'PMC13075123_aienabled_sensor_technologies_for_remote_arrhythmic_monitori', 'PMC12938449_clinical_validation_of_rppgenabled_contactless_pulse_rate_mo', 'PMC12031393_reliable_ecg_anomaly_detection_on_edge_devices_for_internet_']",10.5
12,2850,2880,0.6013,1.7491,"Robust anomaly confirmed by two independent detectors. elevated bvp (z=+2.3, mean=4.05) elevated ecg (z=+1.8, mean=0.01) Relevant topics: photoplethysmography pulse waveform amplitude perfusion signal quality motion artifact electrocardiogram rhythm irregularity heart rate variability arrhythmia ectopic beats. Other readings: resp mean=-0.29, wrist_eda mean=23.59, wrist_temp mean=33.35.","DETECTED: The anomaly suggests a transient rhythm irregularity where an electrical heart beat (ECG) occurred without generating a detectable peripheral pulse signal (PPG).
EVIDENCE: ECG captures direct cardiac electrical activity, making it highly sensitive to transient changes like ectopic beats that may not produce sufficient blood flow for PPG detection [PMC12938449]. Optical methods measure peripheral volume changes and can miss brief, non-perfusing events compared to the precise R-R interval tracking of ECG [PMC12938449].
RECOMMENDATION: Review clinical records or obtain a standard 12-lead ECG to confirm if an ectopic beat caused the signal discrepancy; optical monitoring may underestimate such transient arrhythmic events [PMC12938449].
DISCLAIMER: Research decision-support tool. Not a diagnostic device. Does not replace clinical judgment.","['PMC12938449_clinical_validation_of_rppgenabled_contactless_pulse_rate_mo', 'PMC12986937_sparse_temporal_autoencoder_for_ecg_anomaly_detection', 'PMC12031393_reliable_ecg_anomaly_detection_on_edge_devices_for_internet_', 'PMC12853120_smartphone_applicationbased_heart_rhythm_monitoring_to_cance', 'PMC13125301_mimiciiiextppg_a_ppgbased_benchmark_dataset_for_cardiovascul']",9.7
12,2880,2910,0.5264,1.1555,"Subtle distributed anomaly, gradual drift from baseline. reduced bvp (z=-1.8, mean=-3.15) elevated wrist_eda (z=+1.1, mean=23.32) Relevant topics: photoplethysmography pulse waveform amplitude perfusion signal quality motion artifact electrodermal activity skin conductance sympathetic stress arousal sweat response. Other readings: ecg mean=0.00, resp mean=0.34, wrist_temp mean=33.18.","DETECTED: The anomaly suggests a potential measurement artifact or physiological stress response, where reduced blood volume pulse (BVP) amplitude combined with elevated skin conductance may indicate poor perfusion quality rather than pure sympathetic arousal.

EVIDENCE: Wrist PPG signals are highly susceptible to noise and motion artifacts which can reduce signal accuracy [PMC12204546]. Additionally, EDA collection using wristbands is noted as not very accurate and prone to artifacts that affect data results [PMC12635167]. Research indicates that even with advanced processing, recovering parasympathetic-sensitive metrics from wrist-worn PPG remains difficult due to persistent signal limitations [PMC12736534].

RECOMMENDATION: Verify the device's position and ensure the arm is raised to heart level if possible, as this posture improves BVP quality compared to standing or sitting with arms down [PMC12204546]. Consider that wristband EDA data may be unreliable due to inherent sensor inaccuracies in these devices [PMC12635167].

DISCLAIMER: Research decision-support tool. Not a diagnostic device. Does not replace clinical judgment.","['PMC12204546_determinants_of_photoplethysmography_signal_quality_at_the_w', 'PMC12736534_signal_quality_assessment_and_reconstruction_of_ppgderived_s', 'PMC12635167_a_multimodal_stress_detection_dataset_with_facial_expression', 'PMC12989444_colorfilterarraybased_multispectral_photoplethysmography_opt', 'PMC12694438_realtime_subjectspecific_predictive_modeling_of_ppg_signals_']",11.6
12,2910,2940,0.5031,1.1163,"Subtle distributed anomaly, gradual drift from baseline. reduced ecg (z=-1.1, mean=-0.00) elevated wrist_eda (z=+1.1, mean=23.93) Relevant topics: electrocardiogram rhythm irregularity heart rate variability arrhythmia ectopic beats electrodermal activity skin conductance sympathetic stress arousal sweat response. Other readings: resp mean=-0.10, bvp mean=-0.70, wrist_temp mean=33.07.","DETECTED: The pattern suggests a potential limitation in optical sensors (wrist EDA) detecting subtle electrical rhythm changes compared to direct cardiac monitoring.
EVIDENCE: Optical methods like wrist-worn PPG may underestimate transient arrhythmic events or miss ectopic beats because they measure peripheral blood volume rather than direct electrical activity, whereas ECG precisely tracks R-R intervals [PMC12938449]. Additionally, certain HRV metrics (like RMSSD) derived from optical sensors often show persistent difficulty in recovering parasympathetic-sensitive data compared to ECG ground truth [PMC12736534].
RECOMMENDATION: Verify findings with a direct cardiac monitoring method like an ECG patch or smartwatch ECG feature, as optical signals may not reliably capture brief rhythm irregularities.
DISCLAIMER: Research decision-support tool. Not a diagnostic device. Does not replace clinical judgment.","['PMC12736534_signal_quality_assessment_and_reconstruction_of_ppgderived_s', 'PMC12948591_patientled_smartwatch_ecg_followup_strategy_after_af_ablatio', 'PMC13075123_aienabled_sensor_technologies_for_remote_arrhythmic_monitori', 'PMC12938449_clinical_validation_of_rppgenabled_contactless_pulse_rate_mo', '2017 ACCAHAHRS — Evaluation of Patients with Syncope']",9.7
12,2970,3000,0.5035,1.1175,"Subtle distributed anomaly, gradual drift from baseline. reduced bvp (z=-0.9, mean=-1.54) elevated wrist_eda (z=+0.7, mean=19.71) Relevant topics: photoplethysmography pulse waveform amplitude perfusion signal quality motion artifact electrodermal activity skin conductance sympathetic stress arousal sweat response. Other readings: ecg mean=-0.00, resp mean=-0.17, wrist_temp mean=33.13.","DETECTED: The pattern suggests a potential reduction in blood volume pulse (BVP) signal quality, possibly due to posture or movement artifacts, while simultaneously indicating sympathetic arousal via elevated skin conductance.

EVIDENCE: Wrist PPG signals are highly susceptible to noise and motion artifacts; signal quality is generally greatest when supine compared to sitting or standing [PMC12204546]. Additionally, EDA peaks can estimate the body's response to stimuli like stress but may be inaccurate due to artifacts in wristband collection [PMC12635167].

RECOMMENDATION: Verify if the user is moving (e.g., standing vs. sitting) as posture significantly impacts PPG quality; consider that EDA readings alone are not definitive without corroborating data from other modalities or video due to potential inaccuracies in wristband collection [PMC12635167].

DISCLAIMER: Research decision-support tool. Not a diagnostic device. Does not replace clinical judgment.","['PMC12204546_determinants_of_photoplethysmography_signal_quality_at_the_w', 'PMC12736534_signal_quality_assessment_and_reconstruction_of_ppgderived_s', 'PMC12635167_a_multimodal_stress_detection_dataset_with_facial_expression', 'PMC12989444_colorfilterarraybased_multispectral_photoplethysmography_opt', 'PMC12694438_realtime_subjectspecific_predictive_modeling_of_ppg_signals_']",10.6
12,3150,3180,0.4468,1.2939,"Abrupt isolated spike in wearable biosignals. elevated bvp (z=+2.6, mean=4.51) elevated ecg (z=+0.5, mean=0.00) Relevant topics: photoplethysmography pulse waveform amplitude perfusion signal quality motion artifact electrocardiogram rhythm irregularity heart rate variability arrhythmia ectopic beats. Other readings: resp mean=0.17, wrist_eda mean=8.10, wrist_temp mean=33.15.","DETECTED: The abrupt isolated spike with elevated BVP but normal ECG suggests an ectopic beat that generated a peripheral pulse wave missed or dampened in optical signals, rather than motion artifact.

EVIDENCE: Optical methods like PPG/rPPG measure blood volume changes and may miss brief non-perfusing ectopic events because of mechanical smoothing during vascular propagation, whereas ECG captures direct electrical activity and detects transient rhythm irregularities [PMC12938449].

RECOMMENDATION: Review the concurrent ECG trace for an extra peak (ventricular ectopic beat) absent in the optical signal; do not interpret this as motion artifact alone. Correlate with clinical symptoms if present, noting that such discrepancies are more common in patients with hypertension or arrhythmias [PMC12938449].

DISCLAIMER: Research decision-support tool. Not a diagnostic device. Does not replace clinical judgment.","['PMC12938449_clinical_validation_of_rppgenabled_contactless_pulse_rate_mo', 'PMC13259400_highreliability_signal_quality_validation_for_biosignals_usi', 'ESC 2018 — Guidelines for the Diagnosis and Management of Syncope', 'PMC12282364_photoplethysmography_in_recentonset_atrial_fibrillation_auto', 'PMC12982742_a_lightweight_residual_dilated_temporal_transformer_block_fo']",10.0
12,3960,3990,0.4613,1.6572,"Abrupt isolated spike in wearable biosignals. reduced bvp (z=-2.0, mean=-3.39) reduced wrist_eda (z=-0.9, mean=3.45) Relevant topics: photoplethysmography pulse waveform amplitude perfusion signal quality motion artifact electrodermal activity skin conductance sympathetic stress arousal sweat response. Other readings: ecg mean=0.00, resp mean=0.05, wrist_temp mean=34.50.","DETECTED: The abrupt spike with reduced perfusion signal quality and low wrist EDA suggests a motion artifact or poor sensor contact rather than true physiological stress, as these devices are highly susceptible to movement interference [PMC12300191], [PMC12694438].

EVIDENCE: Literature indicates that wrist-based photoplethysmography (PPG) signals are significantly affected by motion artifacts, which can degrade signal quality and mimic physiological changes like reduced perfusion or altered skin conductance [PMC12300191], [PMC12694438]. Studies confirm that such anomalies often result from physical activity rather than autonomic responses, requiring verification against ECG or other modalities to distinguish noise from true events [PMC12736534], [PMC12300191].

RECOMMENDATION: Verify the patient's activity level and sensor placement. If motion is confirmed, disregard this isolated 30-second window as likely artifactual until signal quality improves or corroborating data (e.g., ECG) confirms a genuine physiological event [PMC12694438], [PMC12736534].

DISCLAIMER: Research decision-support tool. Not a diagnostic device. Does not replace clinical judgment.","['PMC12300191_a_stability_and_aggregationbased_method_for_heart_rate_estim', 'PMC12204546_determinants_of_photoplethysmography_signal_quality_at_the_w', 'PMC12110636_fully_automated_photoplethysmographybased_wearable_atrial_fi', 'PMC12694438_realtime_subjectspecific_predictive_modeling_of_ppg_signals_', 'PMC12736534_signal_quality_assessment_and_reconstruction_of_ppgderived_s']",16.8
12,4320,4350,0.5141,1.1088,"Subtle distributed anomaly, gradual drift from baseline. reduced bvp (z=-2.3, mean=-3.90) reduced resp (z=-0.8, mean=-0.30) Relevant topics: photoplethysmography pulse waveform amplitude perfusion signal quality motion artifact respiration rate breathing pattern tachypnea bradypnea ventilation. Other readings: ecg mean=-0.00, wrist_eda mean=11.47, wrist_temp mean=34.36.","DETECTED: The gradual drop in blood volume pulse (bvp) suggests a reduced perfusion signal or motion artifact rather than true bradycardia, as PPG signals are mechanically smoothed during vascular propagation [PMC12938449]. Reduced respiration readings may also reflect sensor noise or movement affecting the optical measurement of breathing patterns [PMC12694438].

EVIDENCE: PPG measures peripheral blood volume changes, making it less sensitive to brief non-perfusing events compared to ECG; discrepancies often stem from mechanical smoothing during vascular propagation [PMC12938449]. Motion artifacts can significantly distort photoplethysmographic waveforms and respiratory data extraction [PMC12694438][PMC13125301].

RECOMMENDATION: Verify signal quality indices and check for motion artifacts before interpreting the reduced bvp as a physiological event. Consider cross-referencing with ECG if available to distinguish true arrhythmias from PPG limitations [PMC12938449][PMC13125301].

DISCLAIMER: Research decision-support tool. Not a diagnostic device. Does not replace clinical judgment.","['PMC12694438_realtime_subjectspecific_predictive_modeling_of_ppg_signals_', 'PMC12989444_colorfilterarraybased_multispectral_photoplethysmography_opt', 'PMC13125301_mimiciiiextppg_a_ppgbased_benchmark_dataset_for_cardiovascul', 'PMC12938449_clinical_validation_of_rppgenabled_contactless_pulse_rate_mo', 'PMC13263368_pulse_rate_variability_is_not_the_same_as_heart_rate_variabi']",14.6
12,4350,4380,0.504,1.3736,"Robust anomaly confirmed by two independent detectors. reduced ecg (z=-0.9, mean=-0.00) reduced bvp (z=-0.8, mean=-1.42) Relevant topics: electrocardiogram rhythm irregularity heart rate variability arrhythmia ectopic beats photoplethysmography pulse waveform amplitude perfusion signal quality motion artifact. Other readings: resp mean=0.10, wrist_eda mean=11.46, wrist_temp mean=34.34.","DETECTED: The simultaneous reduction in both ECG amplitude (z=-0.9) and blood volume pulse signal strength suggests transient rhythm irregularities, such as ectopic beats that fail to generate sufficient peripheral pulses [PMC12938449].

EVIDENCE: Optical methods like PPG/rPPG measure peripheral blood volume changes rather than direct electrical activity; consequently, they may miss brief, non-perfusing events (e.g., ventricular ectopic beats) while ECG captures them precisely. This inherent limitation means optical signals can underestimate transient arrhythmic events compared to ECG [PMC12938449].

RECOMMENDATION: Prioritize the ECG signal for rhythm assessment, as it excels at detecting fine-grained electrical activity and arrhythmias that hemodynamic-based monitoring might miss. Correlate findings with clinical history of hypertension or ectopic activity if applicable [PMC12938449].

DISCLAIMER: Research decision-support tool. Not a diagnostic device. Does not replace clinical judgment.","['PMC12938449_clinical_validation_of_rppgenabled_contactless_pulse_rate_mo', 'PMC13125301_mimiciiiextppg_a_ppgbased_benchmark_dataset_for_cardiovascul', 'PMC12031393_reliable_ecg_anomaly_detection_on_edge_devices_for_internet_', 'PMC12986937_sparse_temporal_autoencoder_for_ecg_anomaly_detection', 'PMC12853120_smartphone_applicationbased_heart_rhythm_monitoring_to_cance']",10.5
12,4590,4620,0.4775,1.5748,"Abrupt isolated spike in wearable biosignals. reduced ecg (z=-1.0, mean=-0.00) elevated wrist_temp (z=+0.4, mean=33.96) Relevant topics: electrocardiogram rhythm irregularity heart rate variability arrhythmia ectopic beats skin temperature thermal perfusion vasomotor ambient temperature sensor effects. Other readings: resp mean=-0.01, bvp mean=0.03, wrist_eda mean=10.22.","DETECTED: The abrupt ECG spike suggests an isolated arrhythmia or ectopic beat rather than motion artifact.
EVIDENCE: Wearable devices can detect infrequent supraventricular arrhythmias that differ from motion artifacts and may require extended monitoring to capture brief episodes [PMC13027176]. While PPG is prone to degradation, ECG signals provide high-fidelity rhythm data crucial for identifying cardiac disorders like premature beats or fusion of ventricular/normal beats [PMC12982742].
RECOMMENDATION: Correlate the spike with symptoms and consider extended monitoring to confirm if it represents a rare arrhythmia missed during routine exams.
DISCLAIMER: Research decision-support tool. Not a diagnostic device. Does not replace clinical judgment.","['PMC12300191_a_stability_and_aggregationbased_method_for_heart_rate_estim', 'PMC13027176_the_use_of_digital_devices_in_the_management_of_athletes_wit', 'PMC12789550_wearable_devices_for_anxiety_assessment_a_systematic_review', 'PMC12982742_a_lightweight_residual_dilated_temporal_transformer_block_fo', 'PMC12031393_reliable_ecg_anomaly_detection_on_edge_devices_for_internet_']",9.2
12,4920,4950,0.4532,1.3673,"Abrupt isolated spike in wearable biosignals. reduced bvp (z=-1.3, mean=-2.30) reduced wrist_eda (z=-0.5, mean=7.27) Relevant topics: photoplethysmography pulse waveform amplitude perfusion signal quality motion artifact electrodermal activity skin conductance sympathetic stress arousal sweat response. Other readings: ecg mean=-0.00, resp mean=0.01, wrist_temp mean=34.10.","DETECTED: The abrupt BVP spike with reduced amplitude likely represents a motion artifact or signal quality issue rather than true cardiac activity, as PPG sensors are highly susceptible to movement interference [PMC12300191].
EVIDENCE: Literature indicates that photoplethysmography signals in wearable devices face significant challenges from motion artifacts which can corrupt data and reduce signal quality, particularly during physical activity or sudden movements [PMC12300191]. Additionally, EDA peaks are event-related responses to stimuli but wristband collection is noted as not very accurate with potential artifacts affecting results [PMC12635167].
RECOMMENDATION: Verify if the patient was moving or adjusting their position during this 30-second window; consider discarding this data point as a likely artifact rather than a physiological event.
DISCLAIMER: Research decision-support tool. Not a diagnostic device. Does not replace clinical judgment.","['PMC12300191_a_stability_and_aggregationbased_method_for_heart_rate_estim', 'PMC12204546_determinants_of_photoplethysmography_signal_quality_at_the_w', 'PMC12110636_fully_automated_photoplethysmographybased_wearable_atrial_fi', 'PMC12694438_realtime_subjectspecific_predictive_modeling_of_ppg_signals_', 'PMC12635167_a_multimodal_stress_detection_dataset_with_facial_expression']",12.2
12,5460,5490,0.438,1.3175,"Abrupt isolated spike in wearable biosignals. elevated resp (z=+2.1, mean=0.85) reduced wrist_eda (z=-1.1, mean=0.99) Relevant topics: respiration rate breathing pattern tachypnea bradypnea ventilation electrodermal activity skin conductance sympathetic stress arousal sweat response. Other readings: ecg mean=-0.00, bvp mean=0.76, wrist_temp mean=34.38.","DETECTED: The abrupt spike in respiration and reduced wrist EDA likely represents a motion artifact rather than genuine physiological stress, as sharp signal transients from movement can mimic real skin conductance responses [PMC13259440].

EVIDENCE: Motion artifacts caused by electrode displacement during physical movement produce sharp signal transients indistinguishable in shape from genuine SCR peaks [PMC13259440]. Additionally, wrist-worn EDA sensors are noted to be less accurate and susceptible to various artifacts affecting data collection results compared to other modalities [PMC12635167].

RECOMMENDATION: Verify if the patient was moving or adjusting their device during this 30-second window. If motion is confirmed, disregard this isolated spike as a false positive; otherwise, correlate with ECG and BVP stability for further assessment.

DISCLAIMER: Research decision-support tool. Not a diagnostic device. Does not replace clinical judgment.","['PMC13259440_hybrid_feature_learning_for_wearable_stress_detection_combin', 'PMC12635167_a_multimodal_stress_detection_dataset_with_facial_expression', 'PMC13068127_mcardiacdx_radardriven_contactless_monitoring_and_diagnosis_', 'PMC13213813_human_experience_in_regulated_offices_hero_dataset_synchroni', 'PMC12736534_signal_quality_assessment_and_reconstruction_of_ppgderived_s']",9.6
12,6210,6240,0.4989,1.1047,"Subtle distributed anomaly, gradual drift from baseline. reduced bvp (z=-1.3, mean=-2.16) elevated ecg (z=+0.9, mean=0.01) Relevant topics: photoplethysmography pulse waveform amplitude perfusion signal quality motion artifact electrocardiogram rhythm irregularity heart rate variability arrhythmia ectopic beats. Other readings: resp mean=0.16, wrist_eda mean=4.15, wrist_temp mean=34.22.","DETECTED: The pattern suggests a transient rhythm irregularity, such as an ectopic beat, where the electrical heart activity (ECG) detected one pulse but the peripheral blood flow (BVP/PPG) did not generate a corresponding waveform peak.

EVIDENCE: ECG captures direct cardiac electrical activity and is highly sensitive to transient rhythm changes like ventricular ectopic beats [PMC12938449]. In contrast, PPG measures peripheral blood volume; mechanical smoothing during vascular propagation can cause these optical methods to miss brief, non-perfusing events that the ECG detects [PMC12938449]. This creates a discrepancy where rPPG underestimates transient arrhythmic events compared with ECG [PMC12938449].

RECOMMENDATION: Prioritize the ECG reading as it precisely tracks R–R intervals and is less affected by hemodynamic damping than optical methods in this context [PMC12938449]. Monitor for clinical correlation of symptoms or hypertension, which may increase ectopic activity [PMC12938449].

DISCLAIMER: Research decision-support tool. Not a diagnostic device. Does not replace clinical judgment.","['PMC12938449_clinical_validation_of_rppgenabled_contactless_pulse_rate_mo', 'PMC12031393_reliable_ecg_anomaly_detection_on_edge_devices_for_internet_', 'PMC13125301_mimiciiiextppg_a_ppgbased_benchmark_dataset_for_cardiovascul', 'PMC12986937_sparse_temporal_autoencoder_for_ecg_anomaly_detection', 'PMC12694438_realtime_subjectspecific_predictive_modeling_of_ppg_signals_']",11.7
12,7680,7710,0.4562,1.421,"Abrupt isolated spike in wearable biosignals. reduced bvp (z=-1.2, mean=-2.12) reduced wrist_eda (z=-1.1, mean=0.70) Relevant topics: photoplethysmography pulse waveform amplitude perfusion signal quality motion artifact electrodermal activity skin conductance sympathetic stress arousal sweat response. Other readings: ecg mean=-0.00, resp mean=-0.20, wrist_temp mean=34.45.","DETECTED: The abrupt spike combined with reduced blood volume pulse (BVP) and electrodermal activity (EDA) suggests a likely measurement artifact rather than true physiological stress.
EVIDENCE: Literature indicates that PPG signals are frequently affected by motion artifacts, which can corrupt data collection results [PMC12635167]. Additionally, EDA signal accuracy at the wrist is noted to be limited and susceptible to various artifacts during activity or movement [PMC12635167].
RECOMMENDATION: Verify if the patient was moving; this pattern often represents noise rather than a clinical event. Review accelerometer data for motion context before investigating further.
DISCLAIMER: Research decision-support tool. Not a diagnostic device. Does not replace clinical judgment.","['PMC12300191_a_stability_and_aggregationbased_method_for_heart_rate_estim', 'PMC12204546_determinants_of_photoplethysmography_signal_quality_at_the_w', 'PMC12110636_fully_automated_photoplethysmographybased_wearable_atrial_fi', 'PMC12635167_a_multimodal_stress_detection_dataset_with_facial_expression', 'PMC12694438_realtime_subjectspecific_predictive_modeling_of_ppg_signals_']",10.2
13,660,690,0.4254,1.3509,"Abrupt isolated spike in wearable biosignals. reduced wrist_eda (z=-1.2, mean=0.10) reduced wrist_temp (z=-0.5, mean=32.15) Relevant topics: electrodermal activity skin conductance sympathetic stress arousal sweat response skin temperature thermal perfusion vasomotor ambient temperature sensor effects. Other readings: ecg mean=0.00, resp mean=0.06, bvp mean=0.45.","DETECTED: The abrupt EDA spike combined with reduced skin temperature suggests a potential motion artifact or sensor displacement rather than pure sympathetic stress, as wrist-worn devices are prone to inaccuracies from movement and environmental changes.

EVIDENCE: Literature notes that collecting EDA via wristbands is not very accurate and artifacts can affect results; high ambient temperatures can also elevate baseline conductance independently of psychological stress [PMC12635167]. Additionally, motion caused by physical movement produces sharp signal transients indistinguishable from genuine stress responses in these sensors [PMC13259440]. Skin temperature varies widely based on activity and ambient conditions rather than just blood flow changes alone [PMC12635167].

RECOMMENDATION: Verify device fit, check for sweat or moisture affecting electrodes, and review concurrent accelerometer data to rule out movement artifacts before interpreting the stress signal.

DISCLAIMER: Research decision-support tool. Not a diagnostic device. Does not replace clinical judgment.","['PMC12635167_a_multimodal_stress_detection_dataset_with_facial_expression', 'PMC13213813_human_experience_in_regulated_offices_hero_dataset_synchroni', 'PMC13068604_physiological_responses_to_emotional_video_stimuli_ecg_eda_a', 'PMC13259440_hybrid_feature_learning_for_wearable_stress_detection_combin', 'PMC12828444_using_wearable_technology_to_evaluate_the_electrodermal_acti']",9.7
13,1020,1050,0.4604,1.5195,"Abrupt isolated spike in wearable biosignals. elevated resp (z=+3.3, mean=1.27) reduced wrist_eda (z=-1.0, mean=1.92) Relevant topics: respiration rate breathing pattern tachypnea bradypnea ventilation electrodermal activity skin conductance sympathetic stress arousal sweat response. Other readings: ecg mean=-0.00, bvp mean=0.30, wrist_temp mean=31.16.","DETECTED: The abrupt spike in respiration rate combined with reduced skin conductance suggests either an acute sympathetic stress response or, more likely given the isolated nature, motion artifact mimicking tachypnea while suppressing sweat gland activity.

EVIDENCE: Sharp signal transients from electrode displacement during movement can produce peaks indistinguishable from genuine physiological responses [PMC13259440]. Additionally, high ambient temperature and humidity can elevate baseline skin conductance independently of psychological stress, potentially altering the interpretation of phasic spikes [PMC13259440]. Skin temperature varies widely based on activity and environment, which may influence signal accuracy during physical movement [PMC12635167].

RECOMMENDATION: Verify if the patient was moving or experiencing environmental heat changes at the time of detection. If motion is confirmed, disregard the respiration spike as an artifact; otherwise, assess for acute stressors causing sympathetic activation despite reduced sweating in that specific window [PMC13259440].

DISCLAIMER: Research decision-support tool. Not a diagnostic device. Does not replace clinical judgment.","['PMC13259440_hybrid_feature_learning_for_wearable_stress_detection_combin', 'PMC13068127_mcardiacdx_radardriven_contactless_monitoring_and_diagnosis_', 'PMC12635167_a_multimodal_stress_detection_dataset_with_facial_expression', 'PMC13213813_human_experience_in_regulated_offices_hero_dataset_synchroni', 'PMC11679670_wearable_solutions_using_physiological_signals_for_stress_mo']",10.4
13,1050,1080,0.4736,1.6061,"Abrupt isolated spike in wearable biosignals. reduced resp (z=-3.8, mean=-1.44) reduced wrist_temp (z=-1.0, mean=31.04) Relevant topics: respiration rate breathing pattern tachypnea bradypnea ventilation skin temperature thermal perfusion vasomotor ambient temperature sensor effects. Other readings: ecg mean=-0.00, bvp mean=-0.36, wrist_eda mean=2.72.","DETECTED: An abrupt spike in respiratory rate accompanied by reduced skin temperature likely indicates motion artifact or sensor noise rather than true physiological tachypnea.

EVIDENCE: Literature highlights significant challenges with PPG-based respiration monitoring during physical activity, where high-intensity movement can corrupt signal quality and lead to inaccurate estimates [PMC13296462]. Additionally, wrist skin temperature readings are susceptible to motion artifacts that affect measurement accuracy at the sensor site [PMC12300191].

RECOMMENDATION: Verify if the patient was moving vigorously during this 30-second window. If motion is confirmed, disregard these values as they likely represent technical artifacts rather than clinical events like tachypnea or bradycardia [PMC12300191].

DISCLAIMER: Research decision-support tool. Not a diagnostic device. Does not replace clinical judgment.","['PMC12300191_a_stability_and_aggregationbased_method_for_heart_rate_estim', 'PMC13263368_pulse_rate_variability_is_not_the_same_as_heart_rate_variabi', 'PMC13259056_physiological_monitoring_applications_of_wearable_multimodal', 'PMC13296462_respiratory_monitoring_in_motion_an_overview_of_wearable_met', 'PMC13068604_physiological_responses_to_emotional_video_stimuli_ecg_eda_a']",11.9
13,1200,1230,0.4371,1.2963,"Abrupt isolated spike in wearable biosignals. elevated resp (z=+2.5, mean=0.99) reduced wrist_temp (z=-1.2, mean=30.59) Relevant topics: respiration rate breathing pattern tachypnea bradypnea ventilation skin temperature thermal perfusion vasomotor ambient temperature sensor effects. Other readings: ecg mean=-0.00, bvp mean=-0.29, wrist_eda mean=3.67.","DETECTED: An isolated spike in respiration rate combined with reduced wrist temperature suggests potential sensor artifact or environmental influence rather than acute respiratory distress.

EVIDENCE: Wearable devices using photoplethysmography (PPG) for respiration monitoring are susceptible to motion artifacts and signal quality issues that can cause false readings [PMC13296462]. Additionally, skin temperature sensors provide insight into peripheral thermal regulation but may be affected by ambient conditions or vasomotor changes unrelated to core pathology [PMC13068604].

RECOMMENDATION: Verify sensor placement and check for motion artifacts before interpreting the respiration spike. Review environmental factors affecting wrist temperature. If clinical symptoms are present, prioritize ECG data over isolated PPG-derived metrics which may differ from true heart rate variability [PMC13263368].

DISCLAIMER: Research decision-support tool. Not a diagnostic device. Does not replace clinical judgment.","['PMC13263368_pulse_rate_variability_is_not_the_same_as_heart_rate_variabi', 'PMC13296462_respiratory_monitoring_in_motion_an_overview_of_wearable_met', 'PMC11679670_wearable_solutions_using_physiological_signals_for_stress_mo', 'PMC12300191_a_stability_and_aggregationbased_method_for_heart_rate_estim', 'PMC13068604_physiological_responses_to_emotional_video_stimuli_ecg_eda_a']",11.6
13,1230,1260,0.4912,1.5849,"Abrupt isolated spike in wearable biosignals. reduced resp (z=-3.1, mean=-1.18) reduced wrist_temp (z=-1.2, mean=30.53) Relevant topics: respiration rate breathing pattern tachypnea bradypnea ventilation skin temperature thermal perfusion vasomotor ambient temperature sensor effects. Other readings: ecg mean=-0.01, bvp mean=-0.11, wrist_eda mean=4.22.","DETECTED: An abrupt spike in signals accompanied by reduced respiration rate (-3.1 z-score) and wrist temperature suggests potential motion artifact or sensor instability rather than acute respiratory distress like tachypnea, as wearable PPG-derived metrics are highly susceptible to movement interference [PMC12300191].

EVIDENCE: Literature indicates that photoplethysmography (PPG) signals used for respiration and heart rate estimation in wearables can be significantly corrupted by motion artifacts during physical activity or sudden movements, leading to false readings of reduced rates or temperature shifts [PMC12300191]. Additionally, skin temperature sensors reflect peripheral thermal regulation which may fluctuate due to ambient changes or sensor placement rather than core physiological crisis alone [PMC13068604].

RECOMMENDATION: Verify patient status by checking for recent movement; if the patient is stable and moving normally, this pattern likely represents a transient artifact. If clinical symptoms of respiratory distress exist despite normal vitals elsewhere, seek immediate medical evaluation to rule out true bradypnea or hypothermia [PMC12300191].

DISCLAIMER: Research decision-support tool. Not a diagnostic device. Does not replace clinical judgment.","['PMC13263368_pulse_rate_variability_is_not_the_same_as_heart_rate_variabi', 'PMC12300191_a_stability_and_aggregationbased_method_for_heart_rate_estim', 'PMC13259056_physiological_monitoring_applications_of_wearable_multimodal', 'PMC13296462_respiratory_monitoring_in_motion_an_overview_of_wearable_met', 'PMC13068604_physiological_responses_to_emotional_video_stimuli_ecg_eda_a']",13.3
13,2940,2970,0.4995,1.0692,"Subtle distributed anomaly, gradual drift from baseline. reduced ecg (z=-0.3, mean=-0.00) elevated bvp (z=+0.2, mean=0.43) Relevant topics: electrocardiogram rhythm irregularity heart rate variability arrhythmia ectopic beats photoplethysmography pulse waveform amplitude perfusion signal quality motion artifact. Other readings: resp mean=-0.05, wrist_eda mean=13.27, wrist_temp mean=33.25.","DETECTED: The pattern suggests a transient rhythm irregularity, such as an ectopic beat, where the electrical event was captured by ECG but did not generate a sufficient peripheral pulse to be detected optically.
EVIDENCE: Optical methods like rPPG measure blood volume changes and are subject to mechanical smoothing during vascular propagation; consequently, they may miss brief, non-perfusing ectopic events that ECG precisely tracks [PMC12938449]. This inherent limitation means optical monitoring can underestimate transient arrhythmic events compared with direct electrical activity measurement [PMC12938449].
RECOMMENDATION: Prioritize the ECG signal for rhythm assessment, as it is highly sensitive to transient changes and ectopic beats that peripheral pulse signals may dampen or miss entirely [PMC12938449].
DISCLAIMER: Research decision-support tool. Not a diagnostic device. Does not replace clinical judgment.","['PMC12938449_clinical_validation_of_rppgenabled_contactless_pulse_rate_mo', 'PMC13125301_mimiciiiextppg_a_ppgbased_benchmark_dataset_for_cardiovascul', 'PMC12031393_reliable_ecg_anomaly_detection_on_edge_devices_for_internet_', 'PMC12986937_sparse_temporal_autoencoder_for_ecg_anomaly_detection', 'PMC12694438_realtime_subjectspecific_predictive_modeling_of_ppg_signals_']",10.2
13,3240,3270,0.5045,1.0868,"Subtle distributed anomaly, gradual drift from baseline. reduced ecg (z=-0.6, mean=-0.00) reduced bvp (z=-0.5, mean=-0.76) Relevant topics: electrocardiogram rhythm irregularity heart rate variability arrhythmia ectopic beats photoplethysmography pulse waveform amplitude perfusion signal quality motion artifact. Other readings: resp mean=-0.09, wrist_eda mean=15.64, wrist_temp mean=33.00.","DETECTED: A gradual reduction in both ECG amplitude and blood volume pulse (BVP) suggests a dampened hemodynamic signal rather than an electrical arrhythmia.
EVIDENCE: Optical methods like rPPG measure peripheral blood volume changes to determine pulse rate, whereas ECG captures direct cardiac electrical activity [PMC12938449]. PPG signals are subject to mechanical smoothing during vascular propagation and may miss brief or non-perfusing beats that the optical method correctly follows as dampened hemodynamic events [PMC12938449].
RECOMMENDATION: Monitor for perfusion trends rather than transient electrical irregularities, acknowledging that optical methods underestimate arrhythmic events compared to ECG.
DISCLAIMER: Research decision-support tool. Not a diagnostic device. Does not replace clinical judgment.","['PMC12938449_clinical_validation_of_rppgenabled_contactless_pulse_rate_mo', 'PMC13125301_mimiciiiextppg_a_ppgbased_benchmark_dataset_for_cardiovascul', 'PMC12031393_reliable_ecg_anomaly_detection_on_edge_devices_for_internet_', 'PMC12694438_realtime_subjectspecific_predictive_modeling_of_ppg_signals_', 'PMC13214367_a_peakoriented_diffusion_model_for_highfidelity_electrocardi']",9.7
13,3360,3390,0.5136,1.1037,"Subtle distributed anomaly, gradual drift from baseline. reduced resp (z=-1.6, mean=-0.59) elevated wrist_eda (z=+1.0, mean=22.83) Relevant topics: respiration rate breathing pattern tachypnea bradypnea ventilation electrodermal activity skin conductance sympathetic stress arousal sweat response. Other readings: ecg mean=0.01, bvp mean=-0.29, wrist_temp mean=33.51.","DETECTED: The gradual drift in respiration rate combined with elevated skin conductance suggests sympathetic arousal or stress rather than acute respiratory failure.
EVIDENCE: Research indicates that wrist-worn PPG signals often overestimate parasympathetic-sensitive metrics like HF power and RMSSD, making them less reliable for precise HRV interpretation compared to ECG [PMC12736534]. Additionally, elevated electrodermal activity (skin conductance) is a known indicator of sympathetic stress or arousal responses in wearable monitoring contexts [PMC11679670].
RECOMMENDATION: Correlate the respiration drift with patient symptoms; if no distress exists, consider it an artifact of motion or sensor noise common in wrist-worn devices. Monitor for worsening tachypnea or hypotension before intervening.
DISCLAIMER: Research decision-support tool. Not a diagnostic device. Does not replace clinical judgment.","['PMC12736534_signal_quality_assessment_and_reconstruction_of_ppgderived_s', 'PMC11679670_wearable_solutions_using_physiological_signals_for_stress_mo', 'PMC12989444_colorfilterarraybased_multispectral_photoplethysmography_opt', 'ESC 2018 — Guidelines for the Diagnosis and Management of Syncope', 'PMC13210545_signal_quality_of_reflectivemode_photoplethysmograms_across_']",10.7
13,5340,5370,0.4133,1.3759,"Abrupt isolated spike in wearable biosignals. reduced wrist_eda (z=-1.0, mean=1.98) elevated wrist_temp (z=+0.6, mean=34.50) Relevant topics: electrodermal activity skin conductance sympathetic stress arousal sweat response skin temperature thermal perfusion vasomotor ambient temperature sensor effects. Other readings: ecg mean=0.00, resp mean=-0.11, bvp mean=-0.20.","DETECTED: The pattern suggests a transient sympathetic response, likely an artifact or minor stressor rather than severe distress, given that other vital signs (ECG, respiration) remain stable and EDA is known to have measurement inaccuracies.

EVIDENCE: Wrist-worn sensors can produce inaccurate data where artifacts affect collection results [PMC12635167]. High ambient temperature or humidity can elevate skin conductance independently of psychological stress [PMC13259440]. EDA peaks are event-related responses to stimuli, but the signal is not always accurate in wristbands [PMC12635167]. Skin temperature varies widely based on activity and ambient conditions rather than just internal state [PMC12635167].

RECOMMENDATION: Review environmental logs for recent changes in room temperature or humidity. Verify sensor contact; if the spike correlates with a specific event (e.g., alarm, movement), it may be an artifact. No immediate clinical intervention is required based on stable cardiac and respiratory signals alone.

DISCLAIMER: Research decision-support tool. Not a diagnostic device. Does not replace clinical judgment.","['PMC12635167_a_multimodal_stress_detection_dataset_with_facial_expression', 'PMC13213813_human_experience_in_regulated_offices_hero_dataset_synchroni', 'PMC13259440_hybrid_feature_learning_for_wearable_stress_detection_combin', 'PMC13068604_physiological_responses_to_emotional_video_stimuli_ecg_eda_a', 'PMC12828444_using_wearable_technology_to_evaluate_the_electrodermal_acti']",10.7
13,5700,5730,0.4214,1.2958,"Abrupt isolated spike in wearable biosignals. reduced wrist_eda (z=-1.0, mean=1.88) reduced resp (z=-0.8, mean=-0.28) Relevant topics: electrodermal activity skin conductance sympathetic stress arousal sweat response respiration rate breathing pattern tachypnea bradypnea ventilation. Other readings: ecg mean=0.00, bvp mean=0.43, wrist_temp mean=34.34.","DETECTED: The abrupt spike in wrist EDA likely represents a motion artifact rather than genuine stress, as wearable sensors are prone to signal errors from movement that mimic real physiological responses [PMC12635167]. Concurrently reduced respiration and skin temperature readings may indicate the device was displaced or affected by environmental factors like heat/humidity rather than a specific clinical event .

EVIDENCE: Literature notes that motion artifacts during physical movement produce sharp signal transients indistinguishable from genuine stress peaks . Additionally, high ambient temperature and humidity can elevate skin conductance independently of psychological stress, while sensor accuracy varies based on activity type and environment [PMC13213813].

RECOMMENDATION: Review the raw signal trace for movement artifacts or electrode displacement before interpreting this as stress. Correlate with accelerometer data if available to confirm activity levels [PMC12635167].

DISCLAIMER: Research decision-support tool. Not a diagnostic device. Does not replace clinical judgment.","['PMC12635167_a_multimodal_stress_detection_dataset_with_facial_expression', 'PMC12828444_using_wearable_technology_to_evaluate_the_electrodermal_acti', 'PMC13213813_human_experience_in_regulated_offices_hero_dataset_synchroni', 'PMC13259440_hybrid_feature_learning_for_wearable_stress_detection_combin', 'PMC12736534_signal_quality_assessment_and_reconstruction_of_ppgderived_s']",13.4
13,5760,5790,0.4133,1.378,"Abrupt isolated spike in wearable biosignals. reduced wrist_eda (z=-1.0, mean=2.00) elevated wrist_temp (z=+0.5, mean=34.33) Relevant topics: electrodermal activity skin conductance sympathetic stress arousal sweat response skin temperature thermal perfusion vasomotor ambient temperature sensor effects. Other readings: ecg mean=0.00, resp mean=0.21, bvp mean=0.03.","DETECTED: The pattern suggests a potential motion artifact or environmental interference rather than acute stress, given the isolated nature of the signal changes and lack of corroborating vital sign spikes.

EVIDENCE: Wrist-worn EDA sensors are noted to be less accurate and prone to artifacts that can affect data collection results [PMC12635167]. Additionally, high ambient temperature or humidity can elevate skin conductance levels independently of psychological stress [PMC13259440]. Skin temperature also varies widely based on activity type and ambient conditions rather than just internal state [PMC12635167].

RECOMMENDATION: Verify if the patient was moving, adjusting their wristband, or exposed to sudden heat changes during this 30-second window. Do not interpret isolated EDA spikes as stress without confirming stable sensor contact and ruling out environmental factors.

DISCLAIMER: Research decision-support tool. Not a diagnostic device. Does not replace clinical judgment.","['PMC12635167_a_multimodal_stress_detection_dataset_with_facial_expression', 'PMC13213813_human_experience_in_regulated_offices_hero_dataset_synchroni', 'PMC13068604_physiological_responses_to_emotional_video_stimuli_ecg_eda_a', 'PMC13259440_hybrid_feature_learning_for_wearable_stress_detection_combin', 'PMC12828444_using_wearable_technology_to_evaluate_the_electrodermal_acti']",9.7
13,7500,7530,0.4439,1.4336,"Abrupt isolated spike in wearable biosignals. elevated bvp (z=+2.9, mean=5.12) reduced resp (z=-0.9, mean=-0.34) Relevant topics: photoplethysmography pulse waveform amplitude perfusion signal quality motion artifact respiration rate breathing pattern tachypnea bradypnea ventilation. Other readings: ecg mean=-0.00, wrist_eda mean=6.96, wrist_temp mean=33.60.","DETECTED: The abrupt spike in blood volume pulse (BVP) combined with reduced respiration likely indicates a motion artifact rather than true tachypnea or perfusion changes, as wearable sensors are highly susceptible to signal disruption from movement [PMC13296462].

EVIDENCE: Literature confirms that PPG signals are ""highly susceptible to movement artefacts,"" where shaking or rapid sensor movements disrupt the signal with noise and can mimic physiological spikes [PMC12282364]. Studies emphasize using acceleration data for quality checks, as motion often corrupts both heart rate and respiration estimates simultaneously [PMC12282364].

RECOMMENDATION: Verify the patient's physical activity level during this 30-second window. If movement was present (e.g., walking, shivering), disregard the BVP spike and respiration drop as false positives caused by motion artifact [PMC12282364].

DISCLAIMER: Research decision-support tool. Not a diagnostic device. Does not replace clinical judgment.","['PMC12694438_realtime_subjectspecific_predictive_modeling_of_ppg_signals_', 'PMC13296462_respiratory_monitoring_in_motion_an_overview_of_wearable_met', 'PMC12282364_photoplethysmography_in_recentonset_atrial_fibrillation_auto', 'PMC12300191_a_stability_and_aggregationbased_method_for_heart_rate_estim', 'PMC12989444_colorfilterarraybased_multispectral_photoplethysmography_opt']",12.3
13,8340,8370,0.452,1.3715,"Abrupt isolated spike in wearable biosignals. reduced wrist_eda (z=-1.1, mean=0.85) elevated wrist_temp (z=+0.7, mean=34.66) Relevant topics: electrodermal activity skin conductance sympathetic stress arousal sweat response skin temperature thermal perfusion vasomotor ambient temperature sensor effects. Other readings: ecg mean=0.00, resp mean=0.07, bvp mean=-0.73.","DETECTED: The pattern suggests a potential motion artifact or environmental interference rather than acute stress, given the simultaneous drop in sweat response and rise in skin temperature.

EVIDENCE: Wrist-worn EDA sensors are noted to have accuracy issues where artifacts can affect data collection results [PMC12635167]. Additionally, high ambient temperatures can elevate tonic skin conductance levels independently of psychological stress [PMC13259440]. Skin temperature varies widely based on activity and ambient conditions rather than just blood flow changes alone [PMC12635167].

RECOMMENDATION: Verify if the user was moving or exposed to heat during this 30-second window. Do not interpret isolated spikes in wrist EDA as stress without corroborating context, as these signals are prone to artifacts and environmental influence [PMC12635167][PMC13259440].

DISCLAIMER: Research decision-support tool. Not a diagnostic device. Does not replace clinical judgment.","['PMC12635167_a_multimodal_stress_detection_dataset_with_facial_expression', 'PMC13213813_human_experience_in_regulated_offices_hero_dataset_synchroni', 'PMC13068604_physiological_responses_to_emotional_video_stimuli_ecg_eda_a', 'PMC13259440_hybrid_feature_learning_for_wearable_stress_detection_combin', 'PMC12828444_using_wearable_technology_to_evaluate_the_electrodermal_acti']",9.8
14,660,690,0.424,1.3451,"Abrupt isolated spike in wearable biosignals. reduced wrist_eda (z=-1.1, mean=0.43) elevated resp (z=+0.5, mean=0.20) Relevant topics: electrodermal activity skin conductance sympathetic stress arousal sweat response respiration rate breathing pattern tachypnea bradypnea ventilation. Other readings: ecg mean=0.00, bvp mean=-0.25, wrist_temp mean=33.16.","DETECTED: The abrupt EDA spike combined with elevated respiration likely represents a genuine sympathetic stress response or motion artifact, as wristband sensors are prone to inaccuracies and environmental noise [PMC12635167].

EVIDENCE: Research indicates that collecting EDA from wristbands is not very accurate; artifacts can affect data collection results, and in some subjects, the signal cannot be captured or is inaccurate due to motion [PMC12635167]. Additionally, high ambient temperature and humidity can elevate skin conductance independently of psychological stress [PMC13259440].

RECOMMENDATION: Correlate the spike with accelerometer data to distinguish between physiological arousal (stress) and motion artifacts. If environmental conditions were hot or humid, consider that these factors may have elevated baseline readings [PMC13259440].

DISCLAIMER: Research decision-support tool. Not a diagnostic device. Does not replace clinical judgment.","['PMC12635167_a_multimodal_stress_detection_dataset_with_facial_expression', 'PMC13259440_hybrid_feature_learning_for_wearable_stress_detection_combin', 'PMC13213813_human_experience_in_regulated_offices_hero_dataset_synchroni', 'PMC12828444_using_wearable_technology_to_evaluate_the_electrodermal_acti', 'PMC12736534_signal_quality_assessment_and_reconstruction_of_ppgderived_s']",11.3
14,810,840,0.4259,1.3667,"Abrupt isolated spike in wearable biosignals. reduced wrist_eda (z=-1.1, mean=0.50) elevated resp (z=+0.4, mean=0.18) Relevant topics: electrodermal activity skin conductance sympathetic stress arousal sweat response respiration rate breathing pattern tachypnea bradypnea ventilation. Other readings: ecg mean=0.00, bvp mean=0.50, wrist_temp mean=33.34.","DETECTED: The abrupt EDA spike combined with elevated respiration likely represents a genuine sympathetic stress response or motion artifact, as wristband sensors are prone to inaccuracies and environmental noise [PMC12635167].

EVIDENCE: Research indicates that collecting EDA via wristbands is not very accurate; artifacts can affect data collection results, and in some subjects, the signal cannot be captured or is inaccurate [PMC12635167]. Additionally, motion artifacts from physical movement produce sharp transients indistinguishable from genuine stress peaks (SCR), while high ambient temperature can elevate baseline conductance independently of psychological stress [PMC13259440].

RECOMMENDATION: Verify if the spike coincides with physical movement or environmental changes. Cross-reference with video data to distinguish between true physiological arousal and sensor noise, as multimodal analysis remains robust despite single-stream imperfections [PMC12635167].

DISCLAIMER: Research decision-support tool. Not a diagnostic device. Does not replace clinical judgment.","['PMC12635167_a_multimodal_stress_detection_dataset_with_facial_expression', 'PMC13259440_hybrid_feature_learning_for_wearable_stress_detection_combin', 'PMC13213813_human_experience_in_regulated_offices_hero_dataset_synchroni', 'PMC12828444_using_wearable_technology_to_evaluate_the_electrodermal_acti', 'PMC12736534_signal_quality_assessment_and_reconstruction_of_ppgderived_s']",11.9
14,1260,1290,0.5337,1.0603,"Subtle distributed anomaly, gradual drift from baseline. elevated wrist_eda (z=+1.3, mean=25.78) elevated resp (z=+0.8, mean=0.32) Relevant topics: electrodermal activity skin conductance sympathetic stress arousal sweat response respiration rate breathing pattern tachypnea bradypnea ventilation. Other readings: ecg mean=0.00, bvp mean=-0.74, wrist_temp mean=32.58.","DETECTED: The gradual rise in wrist EDA suggests a slow increase in sympathetic arousal, while elevated respiration may indicate mild stress or physiological adjustment; however, PPG-derived metrics like HRV often show systematic bias that complicates interpretation of such subtle drifts.

EVIDENCE: High ambient temperature and humidity can elevate tonic skin conductance (SCL) independently of psychological stress [PMC13259440]. Wrist-based EDA signals are prone to motion artifacts and environmental sensitivity, which may produce patterns indistinguishable from genuine responses or noise [PMC13259440]. Additionally, PPG-derived HRV metrics like RMSSD and HF power frequently exhibit systematic overestimation compared to ECG ground truth, even with advanced processing methods [PMC12736534].

RECOMMENDATION: Correlate the signal drift with environmental logs (temperature/humidity) and activity data. If available, compare against a simultaneous chest-worn or clinical reference for validation before attributing changes to stress.

DISCLAIMER: Research decision-support tool. Not a diagnostic device. Does not replace clinical judgment.","['PMC12736534_signal_quality_assessment_and_reconstruction_of_ppgderived_s', 'PMC12635167_a_multimodal_stress_detection_dataset_with_facial_expression', 'PMC13259440_hybrid_feature_learning_for_wearable_stress_detection_combin', 'PMC12608435_shortterm_detection_of_dynamic_stress_levels_in_exergaming_w', 'PMC13213813_human_experience_in_regulated_offices_hero_dataset_synchroni']",10.6
14,1290,1320,0.4991,1.0386,"Subtle distributed anomaly, gradual drift from baseline. elevated wrist_eda (z=+1.6, mean=29.32) reduced resp (z=-0.9, mean=-0.32) Relevant topics: electrodermal activity skin conductance sympathetic stress arousal sweat response respiration rate breathing pattern tachypnea bradypnea ventilation. Other readings: ecg mean=-0.00, bvp mean=0.79, wrist_temp mean=32.67.","DETECTED: Elevated wrist EDA suggests sympathetic arousal or stress response; reduced respiration may indicate bradypnea, shallow breathing, or signal artifact from motion/fitting issues rather than true physiological change alone.

EVIDENCE: Wrist-based EDA is prone to artifacts and inaccuracies due to electrode displacement, ambient temperature/humidity effects on skin conductance level (SCL), poor sensor-skin coupling, and electrical noise [PMC13259440]. PPG-derived HRV metrics like RMSSD and HF are systematically overestimated by wrist-worn devices even with advanced processing, limiting reliability for parasympathetic-sensitive measures in dynamic conditions [PMC12736534]. EDA peaks reflect event-related sympathetic activation but can be confounded by motion or environmental factors unrelated to psychological stress [PMC12635167][PMC13259440].

RECOMMENDATION: Correlate with other modalities (e.g., video, accelerometer) and review signal quality metrics such as SNR (>20 dB), variance thresholds, and epoch validity before interpreting stress or respiratory changes [PMC12608435][PMC12736534].

DISCLAIMER: Research decision-support tool. Not a diagnostic device. Does not replace clinical judgment.","['PMC12736534_signal_quality_assessment_and_reconstruction_of_ppgderived_s', 'PMC12635167_a_multimodal_stress_detection_dataset_with_facial_expression', 'PMC13259440_hybrid_feature_learning_for_wearable_stress_detection_combin', 'PMC12608435_shortterm_detection_of_dynamic_stress_levels_in_exergaming_w', 'PMC12204546_determinants_of_photoplethysmography_signal_quality_at_the_w']",11.5
14,1320,1350,0.5057,1.0325,"Subtle distributed anomaly, gradual drift from baseline. elevated wrist_eda (z=+1.8, mean=31.17) reduced bvp (z=-0.5, mean=-0.78) Relevant topics: electrodermal activity skin conductance sympathetic stress arousal sweat response photoplethysmography pulse waveform amplitude perfusion signal quality motion artifact. Other readings: ecg mean=0.00, resp mean=0.00, wrist_temp mean=32.82.","DETECTED: The pattern suggests a potential motion artifact or sensor coupling issue rather than true physiological stress, given the simultaneous rise in EDA and drop in BVP amplitude which often indicates signal degradation during movement [PMC12989444].

EVIDENCE: Wrist-based PPG signals are prone to artifacts from suboptimal skin contact; low-amplitude random noise or reduced pulse volume peaks can mimic physiological changes like stress but actually reflect technical issues such as incorrect sensor positioning [PMC12608435][PMC12989444]. Additionally, EDA collection at the wrist is noted to be less accurate and susceptible to artifacts that affect data validity [PMC12635167].

RECOMMENDATION: Verify device placement on the skin for optimal coupling. If motion was present during this window, treat the reduced BVP amplitude as a likely artifact rather than hypoperfusion until signal quality improves or movement ceases [PMC12989444][PMC12608435].

DISCLAIMER: Research decision-support tool. Not a diagnostic device. Does not replace clinical judgment.","['PMC12204546_determinants_of_photoplethysmography_signal_quality_at_the_w', 'PMC12635167_a_multimodal_stress_detection_dataset_with_facial_expression', 'PMC12736534_signal_quality_assessment_and_reconstruction_of_ppgderived_s', 'PMC12608435_shortterm_detection_of_dynamic_stress_levels_in_exergaming_w', 'PMC12989444_colorfilterarraybased_multispectral_photoplethysmography_opt']",10.6
14,1350,1380,0.5077,1.0163,"Subtle distributed anomaly, gradual drift from baseline. elevated wrist_eda (z=+1.8, mean=30.73) elevated resp (z=+0.5, mean=0.20) Relevant topics: electrodermal activity skin conductance sympathetic stress arousal sweat response respiration rate breathing pattern tachypnea bradypnea ventilation. Other readings: ecg mean=0.00, bvp mean=0.51, wrist_temp mean=32.98.","DETECTED: The gradual rise in wrist EDA and respiration suggests increased sympathetic arousal, but this pattern may reflect sensor artifacts rather than true stress.
EVIDENCE: Wrist-worn EDA signals are prone to motion artifacts from electrode displacement that mimic genuine peaks [PMC13259440]. Additionally, high ambient temperature can elevate skin conductance independently of psychological stress [PMC13259440], and suboptimal sensor coupling may produce low-amplitude noise patterns [PMC12608435].
RECOMMENDATION: Verify environmental conditions (temperature/humidity) to rule out thermal effects. Check for motion artifacts or poor skin contact before attributing the drift to stress; consider discarding data if signal-to-noise ratio is below 20 dB [PMC12608435].
DISCLAIMER: Research decision-support tool. Not a diagnostic device. Does not replace clinical judgment.","['PMC12736534_signal_quality_assessment_and_reconstruction_of_ppgderived_s', 'PMC12635167_a_multimodal_stress_detection_dataset_with_facial_expression', 'PMC13259440_hybrid_feature_learning_for_wearable_stress_detection_combin', 'PMC13213813_human_experience_in_regulated_offices_hero_dataset_synchroni', 'PMC12608435_shortterm_detection_of_dynamic_stress_levels_in_exergaming_w']",9.2
14,1380,1410,0.512,1.0375,"Subtle distributed anomaly, gradual drift from baseline. elevated bvp (z=+1.8, mean=3.15) elevated wrist_eda (z=+1.6, mean=28.64) Relevant topics: photoplethysmography pulse waveform amplitude perfusion signal quality motion artifact electrodermal activity skin conductance sympathetic stress arousal sweat response. Other readings: ecg mean=0.00, resp mean=-0.07, wrist_temp mean=33.10.","DETECTED: The gradual rise in blood volume pulse and wrist EDA suggests a physiological response consistent with sympathetic arousal or stress, though signal quality may be affected by posture.

EVIDENCE: Wrist PPG signals are highly susceptible to noise which can reduce accuracy of monitored parameters [PMC12204546]. Signal quality is greatest in the supine position and decreases when standing; raising the arm to heart height improves quality compared to having it hang alongside the body [PMC12204546]. EDA reflects changes in skin conductance from sweat gland activity modulated by the autonomic nervous system, making it a valuable marker for anxiety detection or stress response [PMC12789550]. Multimodal approaches combining signals like PPG and EDA achieve higher accuracy than single-signal methods but are limited by small studies [PMC12789550].

RECOMMENDATION: Verify the user's posture; if standing, consider raising the wrist to heart level or repositioning for better signal quality. Monitor trends rather than isolated 30-second windows given known PPG limitations in dynamic settings.

DISCLAIMER: Research decision-support tool. Not a diagnostic device. Does not replace clinical judgment.","['PMC12204546_determinants_of_photoplethysmography_signal_quality_at_the_w', 'PMC12736534_signal_quality_assessment_and_reconstruction_of_ppgderived_s', 'PMC12635167_a_multimodal_stress_detection_dataset_with_facial_expression', 'PMC12694438_realtime_subjectspecific_predictive_modeling_of_ppg_signals_', 'PMC12789550_wearable_devices_for_anxiety_assessment_a_systematic_review']",11.4
14,1410,1440,0.5179,1.0675,"Subtle distributed anomaly, gradual drift from baseline. reduced bvp (z=-1.9, mean=-3.22) reduced ecg (z=-1.8, mean=-0.01) Relevant topics: photoplethysmography pulse waveform amplitude perfusion signal quality motion artifact electrocardiogram rhythm irregularity heart rate variability arrhythmia ectopic beats. Other readings: resp mean=0.12, wrist_eda mean=27.68, wrist_temp mean=33.18.","DETECTED: The simultaneous reduction in both ECG amplitude (z=-1.8) and BVP signal strength suggests a transient arrhythmic event where an electrical beat occurred but failed to generate a detectable peripheral pulse, rather than simple motion artifact or sensor failure.

EVIDENCE: Optical methods like PPG/rPPG measure blood volume changes which are subject to mechanical smoothing during vascular propagation; consequently, they may miss brief, non-perfusing ectopic beats that ECG detects via direct electrical activity [PMC12938449]. This creates a discrepancy where optical signals underestimate transient arrhythmic events compared to ECG because the extra ECG peak (ectopic beat) did not produce sufficient peripheral pulse for rPPG detection [PMC12938449].

RECOMMENDATION: Do not interpret this solely as motion artifact; consider it a potential ectopic beat or non-perfusing event. Verify patient rhythm via standard ECG if available, noting that optical sensors may miss such events in patients with hypertension who have increased ectopic activity [PMC12938449].

DISCLAIMER: Research decision-support tool. Not a diagnostic device. Does not replace clinical judgment.","['PMC12938449_clinical_validation_of_rppgenabled_contactless_pulse_rate_mo', 'PMC13125301_mimiciiiextppg_a_ppgbased_benchmark_dataset_for_cardiovascul', 'PMC12694438_realtime_subjectspecific_predictive_modeling_of_ppg_signals_', 'PMC12031393_reliable_ecg_anomaly_detection_on_edge_devices_for_internet_', 'PMC13259400_highreliability_signal_quality_validation_for_biosignals_usi']",11.7
14,1470,1500,0.5494,1.3285,"Robust anomaly confirmed by two independent detectors. elevated wrist_eda (z=+1.4, mean=26.40) elevated bvp (z=+0.9, mean=1.60) Relevant topics: electrodermal activity skin conductance sympathetic stress arousal sweat response photoplethysmography pulse waveform amplitude perfusion signal quality motion artifact. Other readings: ecg mean=0.00, resp mean=0.04, wrist_temp mean=33.28.","DETECTED: The simultaneous elevation in wrist EDA and BVP suggests a physiological stress response, though the elevated BVP may be influenced by motion artifacts common at the wrist site [PMC12635167].

EVIDENCE: Wrist-worn PPG signals are susceptible to modification from external factors like motion artifacts, which can alter waveform intensity or shape [PMC13094953]. While EDA peaks reliably estimate body responses to stimuli such as stress [PMC12635167], wrist-based data collection is noted for lower accuracy and susceptibility to artifacts compared to other modalities [PMC12635167].

RECOMMENDATION: Correlate the elevated BVP with accelerometer data to distinguish between a true physiological increase in pulse amplitude (e.g., vasodilation) versus motion artifact. If significant movement is detected, treat the BVP elevation as unreliable per guidelines on wrist signal quality [PMC12300191].

DISCLAIMER: Research decision-support tool. Not a diagnostic device. Does not replace clinical judgment.","['PMC12204546_determinants_of_photoplethysmography_signal_quality_at_the_w', 'PMC12736534_signal_quality_assessment_and_reconstruction_of_ppgderived_s', 'PMC12635167_a_multimodal_stress_detection_dataset_with_facial_expression', 'PMC13094953_continuous_remote_monitoring_of_postoperative_vital_signs_wi', 'PMC12300191_a_stability_and_aggregationbased_method_for_heart_rate_estim']",10.6
14,1530,1560,0.5437,1.6309,"Robust anomaly confirmed by two independent detectors. elevated bvp (z=+3.8, mean=6.62) elevated wrist_eda (z=+1.3, mean=25.62) Relevant topics: photoplethysmography pulse waveform amplitude perfusion signal quality motion artifact electrodermal activity skin conductance sympathetic stress arousal sweat response. Other readings: ecg mean=0.00, resp mean=0.19, wrist_temp mean=33.28.","DETECTED: The pattern suggests a simultaneous rise in heart rate (BVP) and skin conductance, indicating potential sympathetic arousal or stress response rather than simple motion artifact.

EVIDENCE: Elevated BVP can result from physiological processes like increased cardiac output during stress [PMC13094953]. EDA peaks are event-related estimators of the body's response to stimuli [PMC12635167]. While artifacts affect data, multimodal combinations remain robust for detecting stress even with noisy single streams [PMC12635167].

RECOMMENDATION: Correlate this simultaneous elevation in BVP and EDA with the patient's current activity or emotional state. If no physical exertion is occurring, consider it a potential physiological stress response; if motion was present, verify against accelerometer data to rule out artifact [PMC12300191].

DISCLAIMER: Research decision-support tool. Not a diagnostic device. Does not replace clinical judgment.","['PMC12204546_determinants_of_photoplethysmography_signal_quality_at_the_w', 'PMC12736534_signal_quality_assessment_and_reconstruction_of_ppgderived_s', 'PMC13094953_continuous_remote_monitoring_of_postoperative_vital_signs_wi', 'PMC12300191_a_stability_and_aggregationbased_method_for_heart_rate_estim', 'PMC12635167_a_multimodal_stress_detection_dataset_with_facial_expression']",9.9
14,2070,2100,0.569,2.3871,"Robust anomaly confirmed by two independent detectors. reduced resp (z=-9.3, mean=-3.57) elevated ecg (z=+2.2, mean=0.01) Relevant topics: respiration rate breathing pattern tachypnea bradypnea ventilation electrocardiogram rhythm irregularity heart rate variability arrhythmia ectopic beats. Other readings: bvp mean=1.52, wrist_eda mean=17.99, wrist_temp mean=33.26.","DETECTED: The pattern suggests a potential arrhythmia where the heart's electrical activity (ECG) shows irregularity while peripheral blood flow signals remain relatively stable or dampened.

EVIDENCE: Optical methods like PPG measure pulse waves and may miss brief ectopic beats that do not produce sufficient peripheral pulses, leading to discrepancies between ECG and optical readings [PMC12938449]. Additionally, transient rhythm irregularities such as ectopic beats might not be reliably captured by hemodynamic-based monitoring compared to direct electrical activity from an ECG [PMC12938449].

RECOMMENDATION: Clinical follow-up with a 12-lead ECG is recommended if symptoms are present or the anomaly persists, especially in patients with conditions linked to increased ectopic activity like hypertension [PMC12938449] and for differential diagnosis of tachycardia [2017 AHA_ACC_HRS].

DISCLAIMER: Research decision-support tool. Not a diagnostic device. Does not replace clinical judgment.","['PMC12853120_smartphone_applicationbased_heart_rhythm_monitoring_to_cance', 'PMC12938449_clinical_validation_of_rppgenabled_contactless_pulse_rate_mo', 'PMC12986937_sparse_temporal_autoencoder_for_ecg_anomaly_detection', 'PMC12031393_reliable_ecg_anomaly_detection_on_edge_devices_for_internet_', '2017 AHA_ACC_HRS — Management of Ventricular Arrhythmias']",10.1
14,2100,2130,0.5573,2.5242,"Robust anomaly confirmed by two independent detectors. elevated resp (z=+8.8, mean=3.41) reduced ecg (z=-1.1, mean=-0.00) Relevant topics: respiration rate breathing pattern tachypnea bradypnea ventilation electrocardiogram rhythm irregularity heart rate variability arrhythmia ectopic beats. Other readings: bvp mean=1.74, wrist_eda mean=17.58, wrist_temp mean=33.27.","DETECTED: The pattern suggests a transient rhythm irregularity, such as an ectopic beat or ventricular event, causing ECG to detect electrical activity while optical sensors (implied by reduced signal) miss it due to lack of peripheral pulse.

EVIDENCE: Optical methods like PPG/rPPG measure blood volume changes and are subject to mechanical smoothing during vascular propagation; they may underestimate transient arrhythmic events or non-perfusing beats compared to ECG, which precisely tracks electrical activity [PMC12938449]. An extra ECG peak absent in optical signals can indicate a ventricular ectopic beat that did not produce a sufficient peripheral pulse [PMC12938449].

RECOMMENDATION: Verify the patient's rhythm with an ECG, as optical sensors may miss brief arrhythmias. Monitor for spontaneous conversion or recurrence of irregular rhythms if clinically indicated [PMC12853120].

DISCLAIMER: Research decision-support tool. Not a diagnostic device. Does not replace clinical judgment.","['PMC12938449_clinical_validation_of_rppgenabled_contactless_pulse_rate_mo', 'PMC12853120_smartphone_applicationbased_heart_rhythm_monitoring_to_cance', 'PMC12986937_sparse_temporal_autoencoder_for_ecg_anomaly_detection', 'PMC12982742_a_lightweight_residual_dilated_temporal_transformer_block_fo', 'PMC12920659_an_efficient_deep_cnn_based_bilstm_framework_with_rana_optim']",9.9
14,2220,2250,0.4527,1.3482,"Abrupt isolated spike in wearable biosignals. reduced ecg (z=-0.7, mean=-0.00) elevated wrist_temp (z=+0.2, mean=33.62) Relevant topics: electrocardiogram rhythm irregularity heart rate variability arrhythmia ectopic beats skin temperature thermal perfusion vasomotor ambient temperature sensor effects. Other readings: resp mean=0.04, bvp mean=-0.23, wrist_eda mean=11.42.","DETECTED: The abrupt ECG spike suggests an isolated ectopic beat or arrhythmia episode rather than motion artifact.
EVIDENCE: Literature indicates that wearable devices can detect characteristic, abrupt heart rate patterns coinciding with symptoms and differing from motion artifacts in athletes [PMC13027176]. While PPG signals are prone to degradation under poor perfusion (which may affect wrist temperature readings) [PMC12789550], ECG remains the most reliable individual signal for rhythm analysis [PMC12789550].
RECOMMENDATION: Correlate this isolated spike with patient symptoms. If symptomatic, refer for further evaluation (e.g., ambulatory monitoring) to confirm arrhythmia and rule out structural causes, as definitive diagnosis often requires extended monitoring or EPS [PMC13027176].
DISCLAIMER: Research decision-support tool. Not a diagnostic device. Does not replace clinical judgment.","['PMC12300191_a_stability_and_aggregationbased_method_for_heart_rate_estim', 'PMC13027176_the_use_of_digital_devices_in_the_management_of_athletes_wit', 'PMC12982742_a_lightweight_residual_dilated_temporal_transformer_block_fo', 'PMC12789550_wearable_devices_for_anxiety_assessment_a_systematic_review', 'PMC12031393_reliable_ecg_anomaly_detection_on_edge_devices_for_internet_']",9.9
14,2520,2550,0.5221,1.2777,"Subtle distributed anomaly, gradual drift from baseline. elevated bvp (z=+0.6, mean=1.07) reduced ecg (z=-0.6, mean=-0.00) Relevant topics: photoplethysmography pulse waveform amplitude perfusion signal quality motion artifact electrocardiogram rhythm irregularity heart rate variability arrhythmia ectopic beats. Other readings: resp mean=-0.15, wrist_eda mean=8.35, wrist_temp mean=34.28.","DETECTED: The pattern suggests a transient rhythm irregularity where an electrical heartbeat occurred but did not generate a detectable peripheral pulse, causing the optical sensor to lag behind or miss the beat.
EVIDENCE: ECG captures direct cardiac electrical activity and is highly sensitive to transient changes like ectopic beats, whereas PPG/rPPG measures blood volume peaks which can be dampened by vascular propagation; thus, an extra ECG peak may appear absent in the optical signal if it did not produce a sufficient peripheral pulse [PMC12938449].
RECOMMENDATION: Prioritize the ECG reading for rhythm assessment as it is less affected by mechanical smoothing and can detect brief non-perfusing events that optical methods might miss; monitor closely given hypertension may increase ectopic activity in this patient group [PMC12938449].
DISCLAIMER: Research decision-support tool. Not a diagnostic device. Does not replace clinical judgment.","['PMC12938449_clinical_validation_of_rppgenabled_contactless_pulse_rate_mo', 'PMC12031393_reliable_ecg_anomaly_detection_on_edge_devices_for_internet_', 'PMC13125301_mimiciiiextppg_a_ppgbased_benchmark_dataset_for_cardiovascul', 'PMC12986937_sparse_temporal_autoencoder_for_ecg_anomaly_detection', 'PMC12694438_realtime_subjectspecific_predictive_modeling_of_ppg_signals_']",10.4
14,2670,2700,0.4976,1.2987,"Abrupt isolated spike in wearable biosignals. elevated wrist_temp (z=+0.9, mean=35.19) reduced bvp (z=-0.9, mean=-1.55) Relevant topics: skin temperature thermal perfusion vasomotor ambient temperature sensor effects photoplethysmography pulse waveform amplitude perfusion signal quality motion artifact. Other readings: ecg mean=0.00, resp mean=0.14, wrist_eda mean=11.54.","DETECTED: The abrupt spike in wrist temperature combined with reduced blood volume pulse (bvp) suggests a motion artifact or sensor signal quality issue rather than true physiological vasodilation.

EVIDENCE: Literature indicates that PPG signals are significantly affected by motion artifacts, which can corrupt heart rate estimates and waveform amplitude [PMC12694438]. Additionally, wrist-based photoplethysmography signal quality is assessed to ensure reliable morphological analysis, as environmental factors like ambient temperature changes or movement can alter sensor readings [PMC12736534] and [PMC12204546].

RECOMMENDATION: Verify if the patient was moving or exposed to sudden temperature changes during this window. If motion is confirmed, disregard these values as they likely represent artifact rather than clinical data [PMC12300191]. Re-evaluate signal quality indices before interpreting heart rate trends.

DISCLAIMER: Research decision-support tool. Not a diagnostic device. Does not replace clinical judgment.","['PMC12300191_a_stability_and_aggregationbased_method_for_heart_rate_estim', 'PMC12204546_determinants_of_photoplethysmography_signal_quality_at_the_w', 'PMC12694438_realtime_subjectspecific_predictive_modeling_of_ppg_signals_', 'PMC12736534_signal_quality_assessment_and_reconstruction_of_ppgderived_s', 'PMC13210545_signal_quality_of_reflectivemode_photoplethysmograms_across_']",13.3
14,2700,2730,0.5232,1.2277,"Subtle distributed anomaly, gradual drift from baseline. elevated wrist_temp (z=+0.9, mean=35.15) elevated resp (z=+0.2, mean=0.08) Relevant topics: skin temperature thermal perfusion vasomotor ambient temperature sensor effects respiration rate breathing pattern tachypnea bradypnea ventilation. Other readings: ecg mean=0.00, bvp mean=0.01, wrist_eda mean=13.36.","DETECTED: The gradual rise in wrist temperature suggests increased skin perfusion or vasomotor activity rather than a direct cardiac event, while minor respiratory drift may reflect ambient changes or sensor noise common at this site [PMC12736534].

EVIDENCE: Wrist PPG signals are highly susceptible to noise and motion artifacts which can reduce accuracy of monitored parameters like respiration rate [PMC12204546]. Additionally, wrist sensors show significantly larger heart rate estimation errors compared to facial sites due to signal quality issues [PMC13210545], suggesting that subtle drifts in correlated signals (like temperature and respiration) at the wrist often reflect sensor limitations or environmental factors rather than acute physiological pathology.

RECOMMENDATION: Verify ambient room temperature and patient posture; do not interpret isolated, gradual trends from a single 30-second window as an emergency without corroborating clinical signs [PMC12736534].

DISCLAIMER: Research decision-support tool. Not a diagnostic device. Does not replace clinical judgment.","['PMC12204546_determinants_of_photoplethysmography_signal_quality_at_the_w', 'PMC12736534_signal_quality_assessment_and_reconstruction_of_ppgderived_s', 'PMC12592569_photoplethysmography_in_diverse_skin_tones_evaluating_bias_i', 'PMC13210545_signal_quality_of_reflectivemode_photoplethysmograms_across_', 'PMC13094953_continuous_remote_monitoring_of_postoperative_vital_signs_wi']",11.0
14,2760,2790,0.5149,1.1333,"Subtle distributed anomaly, gradual drift from baseline. elevated wrist_eda (z=+1.2, mean=25.11) elevated wrist_temp (z=+0.9, mean=35.19) Relevant topics: electrodermal activity skin conductance sympathetic stress arousal sweat response skin temperature thermal perfusion vasomotor ambient temperature sensor effects. Other readings: ecg mean=-0.00, resp mean=0.23, bvp mean=0.45.","DETECTED: The pattern suggests a gradual physiological drift likely caused by environmental factors rather than acute stress.
EVIDENCE: Skin temperature varies widely based on ambient temperature and activity length [PMC12635167]. Additionally, high ambient temperatures can elevate the tonic skin conductance level (baseline EDA) independently of psychological stress [PMC13259440]. These signals are also sensitive to interface conditions like sweat volume changes over time [PMC13203100].
RECOMMENDATION: Monitor for sustained environmental shifts; do not interpret this gradual drift as immediate acute stress without corroborating context.
DISCLAIMER: Research decision-support tool. Not a diagnostic device. Does not replace clinical judgment.","['PMC12635167_a_multimodal_stress_detection_dataset_with_facial_expression', 'PMC13213813_human_experience_in_regulated_offices_hero_dataset_synchroni', 'PMC13259440_hybrid_feature_learning_for_wearable_stress_detection_combin', 'PMC12736534_signal_quality_assessment_and_reconstruction_of_ppgderived_s', 'PMC13203100_from_biosignals_to_bedside_a_review_of_realtime_edge_machine']",8.6
14,2790,2820,0.5277,1.0792,"Subtle distributed anomaly, gradual drift from baseline. elevated wrist_eda (z=+1.9, mean=31.59) elevated ecg (z=+1.6, mean=0.01) Relevant topics: electrodermal activity skin conductance sympathetic stress arousal sweat response electrocardiogram rhythm irregularity heart rate variability arrhythmia ectopic beats. Other readings: resp mean=-0.04, bvp mean=0.11, wrist_temp mean=35.24.","DETECTED: The pattern suggests mild sympathetic arousal or stress response rather than a critical arrhythmia event.
EVIDENCE: EDA peaks are recognized as estimators of the body's response to stimuli and sweat responses [PMC12635167]. While PPG-derived HRV metrics like RMSSD can be prone to overestimation, preprocessing steps improve agreement with ground truth but do not eliminate all bias in parasympathetic-sensitive metrics [PMC12736534]. Symptom-annotated ECGs are more likely to show arrhythmias than unannotated ones, implying isolated signal changes without symptoms may be less concerning [PMC12948591].
RECOMMENDATION: Monitor for symptom correlation; if no rapid heart rate or palpitations occur during the elevated readings, this is likely a benign stress response. Repeat ECGs are typically reserved for unclassified rhythms or symptomatic episodes [PMC12948591].
DISCLAIMER: Research decision-support tool. Not a diagnostic device. Does not replace clinical judgment.","['PMC12736534_signal_quality_assessment_and_reconstruction_of_ppgderived_s', 'PMC12948591_patientled_smartwatch_ecg_followup_strategy_after_af_ablatio', 'PMC12635167_a_multimodal_stress_detection_dataset_with_facial_expression', 'PMC13075123_aienabled_sensor_technologies_for_remote_arrhythmic_monitori', 'PMC12938449_clinical_validation_of_rppgenabled_contactless_pulse_rate_mo']",10.6
14,2820,2850,0.5342,1.0622,"Subtle distributed anomaly, gradual drift from baseline. elevated wrist_eda (z=+2.0, mean=32.90) reduced ecg (z=-2.0, mean=-0.01) Relevant topics: electrodermal activity skin conductance sympathetic stress arousal sweat response electrocardiogram rhythm irregularity heart rate variability arrhythmia ectopic beats. Other readings: resp mean=-0.01, bvp mean=-1.56, wrist_temp mean=35.36.","DETECTED: The pattern suggests a potential artifact rather than true physiological stress due to simultaneous elevation in wrist sweat response and reduction in heart rate metrics.

EVIDENCE: Wearable ECG signals often suffer from baseline drift caused by changes in electrode-skin impedance, such as those induced by sweating or motion [PMC13203100]. Additionally, PPG-derived HRV metrics like RMSSD are prone to systematic overestimation and poor agreement with ground truth compared to direct ECG measurements [PMC12736534]. Wrist-based EDA signals can also be inaccurate or affected by artifacts depending on sensor coupling and sweat volume changes [PMC12608435].

RECOMMENDATION: Verify signal quality indices for baseline drift in the ECG trace. Do not interpret this simultaneous divergence as a definitive clinical event without confirming stable electrode contact; consider repeating the measurement if possible.

DISCLAIMER: Research decision-support tool. Not a diagnostic device. Does not replace clinical judgment.","['PMC12736534_signal_quality_assessment_and_reconstruction_of_ppgderived_s', 'PMC12635167_a_multimodal_stress_detection_dataset_with_facial_expression', 'PMC12608435_shortterm_detection_of_dynamic_stress_levels_in_exergaming_w', 'PMC12948591_patientled_smartwatch_ecg_followup_strategy_after_af_ablatio', 'PMC13203100_from_biosignals_to_bedside_a_review_of_realtime_edge_machine']",11.0
14,2850,2880,0.4994,0.991,"Subtle distributed anomaly, gradual drift from baseline. elevated wrist_eda (z=+1.9, mean=32.20) elevated wrist_temp (z=+1.0, mean=35.43) Relevant topics: electrodermal activity skin conductance sympathetic stress arousal sweat response skin temperature thermal perfusion vasomotor ambient temperature sensor effects. Other readings: ecg mean=0.00, resp mean=0.06, bvp mean=1.18.","DETECTED: The pattern suggests a gradual increase in sympathetic arousal and skin perfusion, potentially indicating rising stress levels or environmental warming rather than an acute event.

EVIDENCE: EDA reflects sweat gland activity linked to sympathetic stress, while skin temperature varies based on blood flow and ambient conditions [PMC12635167]. High ambient temperatures can elevate tonic skin conductance independently of psychological stress [PMC13259440]. Gradual shifts in these signals often result from environmental factors or slow changes in sensor contact rather than discrete stimuli [PMC13259440].

RECOMMENDATION: Verify current room temperature and humidity. If the environment is warm, this elevation may be physiological; otherwise, check for loose fit causing baseline drift before concluding stress activation.

DISCLAIMER: Research decision-support tool. Not a diagnostic device. Does not replace clinical judgment.","['PMC12635167_a_multimodal_stress_detection_dataset_with_facial_expression', 'PMC13213813_human_experience_in_regulated_offices_hero_dataset_synchroni', 'PMC13259440_hybrid_feature_learning_for_wearable_stress_detection_combin', 'PMC12736534_signal_quality_assessment_and_reconstruction_of_ppgderived_s', 'PMC13203100_from_biosignals_to_bedside_a_review_of_realtime_edge_machine']",9.7
14,2880,2910,0.5099,0.9984,"Subtle distributed anomaly, gradual drift from baseline. elevated wrist_eda (z=+1.8, mean=30.62) elevated wrist_temp (z=+1.0, mean=35.46) Relevant topics: electrodermal activity skin conductance sympathetic stress arousal sweat response skin temperature thermal perfusion vasomotor ambient temperature sensor effects. Other readings: ecg mean=0.00, resp mean=-0.05, bvp mean=-0.28.","DETECTED: The pattern suggests a gradual increase in sympathetic arousal and skin blood flow, potentially indicating rising stress levels or environmental warming rather than an acute event.

EVIDENCE: Skin temperature reflects changes in skin blood flow which vary based on activity length and ambient temperature [PMC12635167]. Elevated EDA measures sweat gland activity linked to the body's response to stimuli like stress, though wristband data can be inaccurate or affected by artifacts [PMC12635167]. High ambient temperatures can elevate tonic skin conductance independently of psychological stress [PMC13259440]. Gradual shifts in baseline may also result from slow variations in electrode contact pressure or sensor warm-up rather than physiological changes alone [PMC13259440].

RECOMMENDATION: Verify ambient room temperature and recent physical activity before attributing the rise to stress. Monitor for sustained elevation; if symptoms persist, consider clinical assessment.

DISCLAIMER: Research decision-support tool. Not a diagnostic device. Does not replace clinical judgment.","['PMC12635167_a_multimodal_stress_detection_dataset_with_facial_expression', 'PMC13259440_hybrid_feature_learning_for_wearable_stress_detection_combin', 'PMC13213813_human_experience_in_regulated_offices_hero_dataset_synchroni', 'PMC12736534_signal_quality_assessment_and_reconstruction_of_ppgderived_s', 'PMC13203100_from_biosignals_to_bedside_a_review_of_realtime_edge_machine']",10.3
14,3000,3030,0.5141,1.0694,"Subtle distributed anomaly, gradual drift from baseline. elevated wrist_eda (z=+1.4, mean=26.40) elevated wrist_temp (z=+1.0, mean=35.46) Relevant topics: electrodermal activity skin conductance sympathetic stress arousal sweat response skin temperature thermal perfusion vasomotor ambient temperature sensor effects. Other readings: ecg mean=0.00, resp mean=0.03, bvp mean=-1.46.","DETECTED: The pattern suggests a gradual increase in sympathetic arousal and skin perfusion rather than an acute stress event.
EVIDENCE: Elevated wrist EDA reflects sweat gland activity indicating autonomic response [PMC12635167]. Increased skin temperature indicates changes in skin blood flow or thermal regulation, which can vary based on ambient conditions [PMC12635167]. A gradual drift is often caused by non-physiological factors like slow variations in electrode contact pressure or warm-up of the sensor circuitry rather than a genuine autonomic response [PMC13259440].
RECOMMENDATION: Monitor for sustained changes; if accompanied by motion, consider signal artifacts. Verify ambient temperature and device fit to rule out environmental causes before interpreting as stress.
DISCLAIMER: Research decision-support tool. Not a diagnostic device. Does not replace clinical judgment.","['PMC12635167_a_multimodal_stress_detection_dataset_with_facial_expression', 'PMC13213813_human_experience_in_regulated_offices_hero_dataset_synchroni', 'PMC13259440_hybrid_feature_learning_for_wearable_stress_detection_combin', 'PMC12736534_signal_quality_assessment_and_reconstruction_of_ppgderived_s', 'PMC13203100_from_biosignals_to_bedside_a_review_of_realtime_edge_machine']",9.4
14,3180,3210,0.6,1.2672,"Subtle distributed anomaly, gradual drift from baseline. elevated ecg (z=+1.7, mean=0.01) elevated wrist_eda (z=+1.3, mean=25.41) Relevant topics: electrocardiogram rhythm irregularity heart rate variability arrhythmia ectopic beats electrodermal activity skin conductance sympathetic stress arousal sweat response. Other readings: resp mean=-0.16, bvp mean=-0.33, wrist_temp mean=35.24.","DETECTED: The gradual drift in ECG elevation alongside elevated wrist skin conductance suggests a potential parasympathetic stress response or signal artifact rather than acute arrhythmia, as PPG-derived metrics like HRV are prone to systematic overestimation and may not reliably capture transient electrical events.
EVIDENCE: RMSSD and HF power (parasympathetic-sensitive metrics) often show large distributional non-overlap with ECG ground truth due to persistent difficulty in recovery from wrist-worn PPG, even after signal reconstruction [PMC12736534]. Additionally, optical methods may underestimate transient arrhythmic events or miss ectopic beats that do not produce sufficient peripheral pulses compared to direct ECG electrical activity [PMC12938449].
RECOMMENDATION: Correlate wearable trends with clinical symptoms; if uncertainty persists, obtain a standard 12-lead ECG for definitive rhythm characterization.
DISCLAIMER: Research decision-support tool. Not a diagnostic device. Does not replace clinical judgment.","['PMC12736534_signal_quality_assessment_and_reconstruction_of_ppgderived_s', 'PMC12948591_patientled_smartwatch_ecg_followup_strategy_after_af_ablatio', 'PMC13075123_aienabled_sensor_technologies_for_remote_arrhythmic_monitori', 'PMC12986937_sparse_temporal_autoencoder_for_ecg_anomaly_detection', 'PMC12938449_clinical_validation_of_rppgenabled_contactless_pulse_rate_mo']",10.7
14,3210,3240,0.5525,1.08,"Subtle distributed anomaly, gradual drift from baseline. elevated wrist_eda (z=+1.8, mean=31.17) elevated wrist_temp (z=+0.9, mean=35.15) Relevant topics: electrodermal activity skin conductance sympathetic stress arousal sweat response skin temperature thermal perfusion vasomotor ambient temperature sensor effects. Other readings: ecg mean=0.00, resp mean=0.15, bvp mean=-1.27.","DETECTED: The pattern suggests a gradual increase in sympathetic arousal and skin perfusion rather than an acute stress event.
EVIDENCE: Elevated wrist EDA reflects sweat gland activity indicating autonomic response [PMC12635167]. Increased skin temperature indicates changes in skin blood flow, which varies with ambient conditions or vasomotor responses [PMC12635167]. A gradual drift is often caused by slow variations like changing ambient temperature rather than a discrete stimulus [PMC13259440].
RECOMMENDATION: Monitor for sustained elevation; if accompanied by other symptoms, consider environmental factors. Context insufficient to confirm acute stress without further data or clinical correlation.
DISCLAIMER: Research decision-support tool. Not a diagnostic device. Does not replace clinical judgment.","['PMC12635167_a_multimodal_stress_detection_dataset_with_facial_expression', 'PMC13213813_human_experience_in_regulated_offices_hero_dataset_synchroni', 'PMC13259440_hybrid_feature_learning_for_wearable_stress_detection_combin', 'PMC12736534_signal_quality_assessment_and_reconstruction_of_ppgderived_s', 'PMC13203100_from_biosignals_to_bedside_a_review_of_realtime_edge_machine']",9.1
14,3240,3270,0.527,1.0011,"Subtle distributed anomaly, gradual drift from baseline. elevated wrist_eda (z=+2.0, mean=33.37) elevated wrist_temp (z=+0.9, mean=35.11) Relevant topics: electrodermal activity skin conductance sympathetic stress arousal sweat response skin temperature thermal perfusion vasomotor ambient temperature sensor effects. Other readings: ecg mean=-0.00, resp mean=0.05, bvp mean=1.47.","DETECTED: The pattern suggests a gradual increase in sympathetic arousal and skin perfusion, potentially indicating rising stress levels or an environmental temperature change.

EVIDENCE: Skin temperature varies based on activity length and ambient conditions [PMC12635167]. EDA measures sweat gland activity reflecting the body's response to stimuli like stress; however, high ambient temperatures can elevate tonic skin conductance independently of psychological factors [PMC13259440]. Both signals are sensitive to interface changes such as electrode hydration and motion artifacts which cause baseline drift or signal distortion [PMC13203100][PMC13259440].

RECOMMENDATION: Verify ambient temperature conditions. If the environment is warm, this may explain elevated readings without psychological stress. Monitor for sustained elevation rather than transient spikes to distinguish environmental effects from acute arousal events.

DISCLAIMER: Research decision-support tool. Not a diagnostic device. Does not replace clinical judgment.","['PMC12635167_a_multimodal_stress_detection_dataset_with_facial_expression', 'PMC13259440_hybrid_feature_learning_for_wearable_stress_detection_combin', 'PMC13213813_human_experience_in_regulated_offices_hero_dataset_synchroni', 'PMC12736534_signal_quality_assessment_and_reconstruction_of_ppgderived_s', 'PMC13203100_from_biosignals_to_bedside_a_review_of_realtime_edge_machine']",9.9
14,3270,3300,0.5216,0.9984,"Subtle distributed anomaly, gradual drift from baseline. elevated wrist_eda (z=+2.1, mean=34.55) elevated wrist_temp (z=+0.9, mean=35.08) Relevant topics: electrodermal activity skin conductance sympathetic stress arousal sweat response skin temperature thermal perfusion vasomotor ambient temperature sensor effects. Other readings: ecg mean=-0.00, resp mean=0.06, bvp mean=-0.52.","DETECTED: The gradual rise in wrist EDA (z=+2.1) indicates increased sweat gland activity due to sympathetic nervous system arousal from stress or anxiety [PMC12816561]. Concurrently, the elevated skin temperature suggests vasodilation and increased blood flow to the skin surface during this state of autonomic activation [PMC13259440][PMC12816561].

EVIDENCE: EDA measures sweat gland activity where increases correlate with anxiety and stress states by reducing skin resistance [PMC12816561]. Skin temperature varies based on blood flow, which can increase during activities or ambient changes but also reflects physiological responses to emotions like stress [PMC13259440][PMC12816561]. High ambient temperatures and humidity can independently elevate tonic skin conductance levels (SCL) regardless of psychological stress [PMC13259440].

RECOMMENDATION: Consider environmental factors such as room temperature or humidity that may have caused the signal drift, rather than assuming a new clinical event. Monitor for sustained elevation if symptoms persist; otherwise, treat as likely artifact from ambient conditions per guidelines on sensor sensitivity to environment [PMC13259440].

DISCLAIMER: Research decision-support tool. Not a diagnostic device. Does not replace clinical judgment.","['PMC12635167_a_multimodal_stress_detection_dataset_with_facial_expression', 'PMC13259440_hybrid_feature_learning_for_wearable_stress_detection_combin', 'PMC13213813_human_experience_in_regulated_offices_hero_dataset_synchroni', 'PMC12736534_signal_quality_assessment_and_reconstruction_of_ppgderived_s', 'PMC12816561_use_of_physiological_signals_behavioral_data_and_processing_']",11.9
14,3300,3330,0.5765,1.1663,"Subtle distributed anomaly, gradual drift from baseline. elevated wrist_eda (z=+2.2, mean=35.50) reduced resp (z=-1.5, mean=-0.58) Relevant topics: electrodermal activity skin conductance sympathetic stress arousal sweat response respiration rate breathing pattern tachypnea bradypnea ventilation. Other readings: ecg mean=0.01, bvp mean=1.13, wrist_temp mean=35.10.","DETECTED: The pattern suggests a physiological stress response characterized by elevated sympathetic arousal (high EDA) combined with reduced respiratory rate, potentially indicating bradypnea or altered breathing patterns under load [PMC12635167].

EVIDENCE: Elevated Electrodermal Activity (EDA) reflects sweat gland activity and is a good estimator of the body's response to stimuli like stress; however, wrist-based EDA can be inaccurate due to motion artifacts or poor skin coupling [PMC12635167][PMC13259440]. Reduced respiration may indicate bradypnea (slow breathing) rather than tachypnea in this context. Guidelines note that tonic SCL reflects general autonomic arousal, while phasic SCRs capture event-related activation; environmental factors like temperature can also elevate baseline conductance independently of stress [PMC13259440].

RECOMMENDATION: Verify signal quality by checking for motion artifacts or poor electrode contact before interpreting the EDA spike as genuine sympathetic activation. Consider that reduced respiration could be a compensatory mechanism during high arousal rather than respiratory distress alone. Correlate with activity logs to rule out movement-induced noise [PMC12635167].

DISCLAIMER: Research decision-support tool. Not a diagnostic device. Does not replace clinical judgment.","['PMC12736534_signal_quality_assessment_and_reconstruction_of_ppgderived_s', 'PMC12635167_a_multimodal_stress_detection_dataset_with_facial_expression', 'PMC13259440_hybrid_feature_learning_for_wearable_stress_detection_combin', 'PMC12608435_shortterm_detection_of_dynamic_stress_levels_in_exergaming_w', 'PMC13213813_human_experience_in_regulated_offices_hero_dataset_synchroni']",11.4
14,3330,3360,0.5449,1.1054,"Subtle distributed anomaly, gradual drift from baseline. elevated wrist_eda (z=+2.4, mean=37.46) elevated resp (z=+1.6, mean=0.63) Relevant topics: electrodermal activity skin conductance sympathetic stress arousal sweat response respiration rate breathing pattern tachypnea bradypnea ventilation. Other readings: ecg mean=-0.00, bvp mean=-0.94, wrist_temp mean=35.12.","DETECTED: The pattern suggests a physiological stress response characterized by elevated sympathetic arousal (high EDA) and increased breathing rate.
EVIDENCE: Elevated Electrodermal Activity (EDA) reflects sweat gland activity driven by sympathetic nervous system activation during anxiety or stress [PMC12816561]. Increased respiration rates are reliable indicators of activated nervous systems in stressful situations [PMC12816561]. However, wrist-worn EDA signals can be inaccurate due to motion artifacts and environmental factors like ambient temperature, which may elevate baseline conductance independently of psychological stress [PMC13259440].
RECOMMENDATION: Correlate the elevated readings with current activity levels (e.g., movement) or ambient conditions. If motion is absent and environmental factors are controlled, consider this a potential stress indicator requiring clinical correlation rather than an immediate alarm.
DISCLAIMER: Research decision-support tool. Not a diagnostic device. Does not replace clinical judgment.","['PMC12736534_signal_quality_assessment_and_reconstruction_of_ppgderived_s', 'PMC12635167_a_multimodal_stress_detection_dataset_with_facial_expression', 'PMC13259440_hybrid_feature_learning_for_wearable_stress_detection_combin', 'PMC12608435_shortterm_detection_of_dynamic_stress_levels_in_exergaming_w', 'PMC12816561_use_of_physiological_signals_behavioral_data_and_processing_']",9.6
14,3360,3390,0.5753,1.1593,"Subtle distributed anomaly, gradual drift from baseline. elevated wrist_eda (z=+2.5, mean=38.46) elevated wrist_temp (z=+0.9, mean=35.16) Relevant topics: electrodermal activity skin conductance sympathetic stress arousal sweat response skin temperature thermal perfusion vasomotor ambient temperature sensor effects. Other readings: ecg mean=0.01, resp mean=0.20, bvp mean=-1.20.","DETECTED: The pattern suggests a gradual increase in sympathetic arousal and skin blood flow, potentially indicating rising stress levels or environmental heat exposure.

EVIDENCE: Elevated EDA reflects sweat gland activity linked to sympathetic nervous system responses like stress [PMC12635167]. Skin temperature variations are driven by changes in skin blood flow which can be influenced significantly by ambient temperature and activity type rather than just internal physiology [PMC12635167]. High ambient temperatures independently elevate tonic skin conductance levels (baseline EDA) unrelated to psychological stress [PMC13259440].

RECOMMENDATION: Verify environmental conditions; if the room is warm, this may be a thermal response rather than acute stress. Monitor for further drift or phasic peaks indicating discrete events.

DISCLAIMER: Research decision-support tool. Not a diagnostic device. Does not replace clinical judgment.","['PMC12635167_a_multimodal_stress_detection_dataset_with_facial_expression', 'PMC13213813_human_experience_in_regulated_offices_hero_dataset_synchroni', 'PMC13259440_hybrid_feature_learning_for_wearable_stress_detection_combin', 'PMC12736534_signal_quality_assessment_and_reconstruction_of_ppgderived_s', 'PMC13203100_from_biosignals_to_bedside_a_review_of_realtime_edge_machine']",9.5
14,3390,3420,0.5528,1.0704,"Subtle distributed anomaly, gradual drift from baseline. elevated wrist_eda (z=+2.4, mean=37.20) elevated bvp (z=+1.1, mean=1.99) Relevant topics: electrodermal activity skin conductance sympathetic stress arousal sweat response photoplethysmography pulse waveform amplitude perfusion signal quality motion artifact. Other readings: ecg mean=0.00, resp mean=0.10, wrist_temp mean=35.22.","DETECTED: The gradual rise in EDA suggests sympathetic arousal or stress response, while elevated BVP indicates increased perfusion; however, these signals may be affected by motion artifacts or suboptimal sensor coupling.

EVIDENCE: Wrist-based EDA can suffer from inaccuracies and artifacts due to poor skin contact [PMC12635167]. PPG-derived metrics like heart rate variability often show systematic overestimation at the wrist compared to ECG, even with signal processing improvements [PMC12736534]. Wrist measurements also exhibit higher HR estimation errors and missed pulse peaks due to motion or perfusion changes [PMC13210545].

RECOMMENDATION: Verify sensor placement for better coupling; consider cross-referencing with other modalities if available. Monitor trends rather than single values, as wrist PPG may have inherent bias in HRV metrics like RMSSD and HF power [PMC12736534].

DISCLAIMER: Research decision-support tool. Not a diagnostic device. Does not replace clinical judgment.","['PMC12204546_determinants_of_photoplethysmography_signal_quality_at_the_w', 'PMC12635167_a_multimodal_stress_detection_dataset_with_facial_expression', 'PMC12736534_signal_quality_assessment_and_reconstruction_of_ppgderived_s', 'PMC12608435_shortterm_detection_of_dynamic_stress_levels_in_exergaming_w', 'PMC13210545_signal_quality_of_reflectivemode_photoplethysmograms_across_']",10.1
14,3420,3450,0.5363,1.0168,"Subtle distributed anomaly, gradual drift from baseline. elevated wrist_eda (z=+2.3, mean=36.44) elevated wrist_temp (z=+1.0, mean=35.31) Relevant topics: electrodermal activity skin conductance sympathetic stress arousal sweat response skin temperature thermal perfusion vasomotor ambient temperature sensor effects. Other readings: ecg mean=-0.00, resp mean=-0.15, bvp mean=-1.64.","DETECTED: The pattern suggests a gradual increase in sympathetic arousal and skin perfusion rather than an acute stress event.
EVIDENCE: Elevated wrist EDA indicates sweat gland activity reflecting body response to stimuli [PMC12635167]. Increased skin temperature reflects changes in skin blood flow, which can vary based on ambient conditions or vasomotor responses [PMC12635167]. A gradual drift from baseline is often caused by non-physiological factors like slow variations in electrode contact pressure or gradual changes in ambient temperature rather than a genuine autonomic response [PMC13203100].
RECOMMENDATION: Verify environmental conditions (ambient temperature) and sensor placement, as these can independently elevate skin conductance levels without psychological stress [PMC13259440]. Monitor for sustained changes rather than isolated peaks.
DISCLAIMER: Research decision-support tool. Not a diagnostic device. Does not replace clinical judgment.","['PMC12635167_a_multimodal_stress_detection_dataset_with_facial_expression', 'PMC13259440_hybrid_feature_learning_for_wearable_stress_detection_combin', 'PMC13213813_human_experience_in_regulated_offices_hero_dataset_synchroni', 'PMC12736534_signal_quality_assessment_and_reconstruction_of_ppgderived_s', 'PMC13203100_from_biosignals_to_bedside_a_review_of_realtime_edge_machine']",10.0
14,3450,3480,0.5496,1.0046,"Subtle distributed anomaly, gradual drift from baseline. elevated wrist_eda (z=+2.3, mean=35.72) elevated bvp (z=+1.2, mean=2.14) Relevant topics: electrodermal activity skin conductance sympathetic stress arousal sweat response photoplethysmography pulse waveform amplitude perfusion signal quality motion artifact. Other readings: ecg mean=0.00, resp mean=0.02, wrist_temp mean=35.43.","DETECTED: The gradual rise in EDA suggests sympathetic arousal (stress), while elevated BVP indicates increased blood flow; however, these signals may be distorted by motion artifacts or poor sensor coupling.

EVIDENCE: Wrist-based EDA can suffer from inaccuracies and noise due to suboptimal skin contact [PMC12608435]. PPG-derived metrics at the wrist often show larger errors compared to other sites like the finger or temple, particularly for heart rate estimation [PMC13210545]. Signal quality issues are common with wristbands and can lead to artifacts affecting data interpretation [PMC12635167].

RECOMMENDATION: Verify sensor placement and skin contact; if motion is present, consider discarding the segment or using signal reconstruction methods that improve agreement with ground truth [PMC12736534]. Correlate findings with activity logs to distinguish physiological stress from artifact.

DISCLAIMER: Research decision-support tool. Not a diagnostic device. Does not replace clinical judgment.","['PMC12204546_determinants_of_photoplethysmography_signal_quality_at_the_w', 'PMC12635167_a_multimodal_stress_detection_dataset_with_facial_expression', 'PMC12736534_signal_quality_assessment_and_reconstruction_of_ppgderived_s', 'PMC12608435_shortterm_detection_of_dynamic_stress_levels_in_exergaming_w', 'PMC13210545_signal_quality_of_reflectivemode_photoplethysmograms_across_']",10.1
14,3480,3510,0.5387,0.9989,"Subtle distributed anomaly, gradual drift from baseline. elevated wrist_eda (z=+2.2, mean=35.56) reduced bvp (z=-1.6, mean=-2.74) Relevant topics: electrodermal activity skin conductance sympathetic stress arousal sweat response photoplethysmography pulse waveform amplitude perfusion signal quality motion artifact. Other readings: ecg mean=0.00, resp mean=0.04, wrist_temp mean=35.52.","DETECTED: The gradual rise in EDA suggests sympathetic arousal (stress), while reduced BVP amplitude may indicate lower perfusion or motion artifact.
EVIDENCE: Elevated wrist EDA reflects sweat gland activity and can estimate body response to stimuli, though collection accuracy varies [PMC12635167]. Reduced PPG signal quality at the wrist is common due to missed pulse peaks compared to finger/temple sites [PMC13210545]. Low-amplitude random noise or suboptimal sensor coupling can cause EDA artifacts resembling reduced signal strength [PMC12608435].
RECOMMENDATION: Verify device placement and skin contact; check for motion. If artifact is suspected, discard data with low spectral power (SNR < 20 dB) or variance below thresholds before analysis [PMC12608435].
DISCLAIMER: Research decision-support tool. Not a diagnostic device. Does not replace clinical judgment.","['PMC12204546_determinants_of_photoplethysmography_signal_quality_at_the_w', 'PMC12635167_a_multimodal_stress_detection_dataset_with_facial_expression', 'PMC12736534_signal_quality_assessment_and_reconstruction_of_ppgderived_s', 'PMC12608435_shortterm_detection_of_dynamic_stress_levels_in_exergaming_w', 'PMC13210545_signal_quality_of_reflectivemode_photoplethysmograms_across_']",9.4
14,3510,3540,0.5475,0.9872,"Subtle distributed anomaly, gradual drift from baseline. elevated wrist_eda (z=+2.1, mean=34.40) elevated wrist_temp (z=+1.1, mean=35.59) Relevant topics: electrodermal activity skin conductance sympathetic stress arousal sweat response skin temperature thermal perfusion vasomotor ambient temperature sensor effects. Other readings: ecg mean=-0.00, resp mean=0.10, bvp mean=1.93.","DETECTED: The pattern suggests a gradual increase in sympathetic arousal (stress) rather than an acute event, indicated by elevated skin conductance and temperature alongside stable heart rate metrics.

EVIDENCE: Elevated EDA reflects increased sweat gland activity driven by sympathetic nervous system activation during stress [PMC12816561]. Skin temperature rises due to vasodilation associated with emotional arousal or ambient conditions like warm-up of the sensor circuitry, which can cause gradual signal drifts rather than acute spikes [PMC13259440]. High-pass filtering is often required to remove such slow baseline shifts caused by factors like changing ambient temperature [PMC13259440].

RECOMMENDATION: Monitor for sustained elevation rather than isolated peaks. Consider environmental context (e.g., room warmth) as a potential confounder before attributing the drift solely to psychological stress, per guidelines on sensor sensitivity and artifact removal [PMC13259440].

DISCLAIMER: Research decision-support tool. Not a diagnostic device. Does not replace clinical judgment.","['PMC12635167_a_multimodal_stress_detection_dataset_with_facial_expression', 'PMC13213813_human_experience_in_regulated_offices_hero_dataset_synchroni', 'PMC13259440_hybrid_feature_learning_for_wearable_stress_detection_combin', 'PMC12736534_signal_quality_assessment_and_reconstruction_of_ppgderived_s', 'PMC12816561_use_of_physiological_signals_behavioral_data_and_processing_']",10.8
14,3540,3570,0.5361,1.048,"Subtle distributed anomaly, gradual drift from baseline. reduced bvp (z=-2.2, mean=-3.84) elevated wrist_eda (z=+2.0, mean=33.53) Relevant topics: photoplethysmography pulse waveform amplitude perfusion signal quality motion artifact electrodermal activity skin conductance sympathetic stress arousal sweat response. Other readings: ecg mean=0.00, resp mean=0.09, wrist_temp mean=35.65.","DETECTED: The pattern suggests a physiological stress response (elevated EDA) occurring alongside reduced PPG signal quality, likely due to peripheral vasoconstriction or motion artifacts.

EVIDENCE: Elevated wrist electrodermal activity indicates sympathetic arousal and sweat gland activation [PMC12635167]. Reduced blood volume pulse amplitude can result from poor perfusion (vasoconstriction during stress) which lowers the signal-to-noise ratio, particularly in standing postures where quality is lowest compared to supine positions [PMC12204546]. Motion artifacts are a primary determinant of PPG noise and can reduce accuracy when arms hang alongside the body or move significantly [PMC12204546].

RECOMMENDATION: Verify if the patient is standing with their arm hanging down, as this posture yields the lowest signal quality. If motion occurred during measurement, consider raising the wrist to heart level before re-measuring [PMC12204546]. Correlate findings with accelerometer data to distinguish between true physiological stress and movement artifacts [PMC12635167].

DISCLAIMER: Research decision-support tool. Not a diagnostic device. Does not replace clinical judgment.","['PMC12204546_determinants_of_photoplethysmography_signal_quality_at_the_w', 'PMC12736534_signal_quality_assessment_and_reconstruction_of_ppgderived_s', 'PMC12635167_a_multimodal_stress_detection_dataset_with_facial_expression', 'PMC12989444_colorfilterarraybased_multispectral_photoplethysmography_opt', 'PMC12694438_realtime_subjectspecific_predictive_modeling_of_ppg_signals_']",12.4
14,3570,3600,0.5758,1.1146,"Subtle distributed anomaly, gradual drift from baseline. elevated wrist_eda (z=+2.1, mean=34.06) elevated bvp (z=+1.4, mean=2.44) Relevant topics: electrodermal activity skin conductance sympathetic stress arousal sweat response photoplethysmography pulse waveform amplitude perfusion signal quality motion artifact. Other readings: ecg mean=0.00, resp mean=-0.01, wrist_temp mean=35.71.","DETECTED: The gradual rise in EDA (z=+2.1) suggests sympathetic arousal or stress response, while elevated BVP may indicate increased perfusion; however, wrist PPG signals are prone to motion artifacts and lower accuracy compared to other sites [PMC13210545].
EVIDENCE: Wrist-based EDA collection is noted as not very accurate with potential artifacts affecting data results [PMC12635167]. Additionally, HR estimation from the wrist shows significantly larger errors due to missed pulse peaks compared to facial or finger sites [PMC13210545]. Signal quality can be compromised by suboptimal sensor-skin coupling and motion [PMC12608435][PMC12736534].
RECOMMENDATION: Verify signal integrity via visual inspection for noise patterns or low variance before interpreting stress metrics; consider that wrist PPG may overestimate certain HRV parameters like RMSSD even with processing steps [PMC12736534]. Monitor for motion artifacts given the elevated BVP reading.
DISCLAIMER: Research decision-support tool. Not a diagnostic device. Does not replace clinical judgment.","['PMC12204546_determinants_of_photoplethysmography_signal_quality_at_the_w', 'PMC12635167_a_multimodal_stress_detection_dataset_with_facial_expression', 'PMC12736534_signal_quality_assessment_and_reconstruction_of_ppgderived_s', 'PMC12608435_shortterm_detection_of_dynamic_stress_levels_in_exergaming_w', 'PMC13210545_signal_quality_of_reflectivemode_photoplethysmograms_across_']",10.6
14,3600,3630,0.5379,1.0193,"Subtle distributed anomaly, gradual drift from baseline. elevated wrist_eda (z=+2.1, mean=34.16) elevated wrist_temp (z=+1.2, mean=35.80) Relevant topics: electrodermal activity skin conductance sympathetic stress arousal sweat response skin temperature thermal perfusion vasomotor ambient temperature sensor effects. Other readings: ecg mean=0.00, resp mean=0.02, bvp mean=0.69.","DETECTED: The pattern suggests a gradual increase in sympathetic arousal and vasodilation rather than an acute stress event.
EVIDENCE: Elevated skin temperature indicates increased blood flow to the skin due to activity or ambient heat [PMC12635167]. EDA measures sweat gland activity reflecting autonomic response, but its tonic baseline (SCL) can rise independently of psychological stress if environmental factors like high ambient temperature are present [PMC13259440]. Gradual drifts in these signals often result from slow changes in contact pressure or sensor warm-up rather than discrete stimuli [PMC13259440].
RECOMMENDATION: Verify the device's fit and check for motion artifacts before attributing this to stress. Consider environmental conditions as a likely cause if no specific stressful event occurred during the window.
DISCLAIMER: Research decision-support tool. Not a diagnostic device. Does not replace clinical judgment.","['PMC12635167_a_multimodal_stress_detection_dataset_with_facial_expression', 'PMC13213813_human_experience_in_regulated_offices_hero_dataset_synchroni', 'PMC13259440_hybrid_feature_learning_for_wearable_stress_detection_combin', 'PMC12736534_signal_quality_assessment_and_reconstruction_of_ppgderived_s', 'PMC13203100_from_biosignals_to_bedside_a_review_of_realtime_edge_machine']",9.6
14,3630,3660,0.5385,1.0024,"Subtle distributed anomaly, gradual drift from baseline. elevated wrist_eda (z=+2.0, mean=33.35) elevated wrist_temp (z=+1.2, mean=35.85) Relevant topics: electrodermal activity skin conductance sympathetic stress arousal sweat response skin temperature thermal perfusion vasomotor ambient temperature sensor effects. Other readings: ecg mean=-0.00, resp mean=0.09, bvp mean=-0.65.","DETECTED: The pattern suggests a gradual increase in sympathetic arousal and skin perfusion, potentially indicating rising stress levels or an environmental temperature change.

EVIDENCE: Skin temperature varies based on activity and ambient conditions; elevated readings can reflect increased blood flow [PMC12635167]. EDA measures sweat gland activity as a response to stimuli like stress, where peaks indicate event-related sympathetic activation [PMC12635167]. However, high ambient temperatures can elevate the tonic skin conductance level independently of psychological stress [PMC13259440]. Additionally, gradual shifts in baseline EDA and temperature can be caused by slow changes in ambient temperature or sensor warm-up rather than physiological events alone [PMC13259440].

RECOMMENDATION: Verify if the patient is experiencing a change in room temperature before attributing this to stress. Monitor for sustained elevation; isolated 30-second drifts may be artifacts of environmental factors or sensor warming up.

DISCLAIMER: Research decision-support tool. Not a diagnostic device. Does not replace clinical judgment.","['PMC12635167_a_multimodal_stress_detection_dataset_with_facial_expression', 'PMC13259440_hybrid_feature_learning_for_wearable_stress_detection_combin', 'PMC13213813_human_experience_in_regulated_offices_hero_dataset_synchroni', 'PMC12736534_signal_quality_assessment_and_reconstruction_of_ppgderived_s', 'PMC13203100_from_biosignals_to_bedside_a_review_of_realtime_edge_machine']",10.6
14,3660,3690,0.5561,1.0812,"Subtle distributed anomaly, gradual drift from baseline. elevated wrist_eda (z=+2.0, mean=33.28) elevated bvp (z=+1.9, mean=3.30) Relevant topics: electrodermal activity skin conductance sympathetic stress arousal sweat response photoplethysmography pulse waveform amplitude perfusion signal quality motion artifact. Other readings: ecg mean=-0.00, resp mean=-0.15, wrist_temp mean=35.92.","DETECTED: The gradual rise in EDA (z=+2.0) and BVP amplitude suggests sympathetic arousal or stress response rather than motion artifact, as wrist-worn PPG often shows elevated baseline values during activity [PMC12635167]. However, high z-scores may also indicate suboptimal sensor coupling causing signal drift if spectral power ratios are low (SNR < 20 dB) [PMC12608435].

EVIDENCE: EDA peaks estimate body response to stimuli but wristband data can be inaccurate due to artifacts or poor skin contact [PMC12635167]. PPG signal quality at the wrist is affected by motion and coupling, leading to potential overestimation of certain metrics if not processed with spectral reconstruction [PMC12736534]. Signals with low variance (< 0.001 μS²) or poor SNR should be discarded as noise-like patterns [PMC12608435].

RECOMMENDATION: Verify sensor placement and skin contact; discard data if spectral power ratio is below 20 dB or variance drops significantly. If motion occurred, apply signal-quality thresholding to improve agreement with ground truth before interpreting stress levels [PMC12736534][PMC12608435].

DISCLAIMER: Research decision-support tool. Not a diagnostic device. Does not replace clinical judgment.","['PMC12204546_determinants_of_photoplethysmography_signal_quality_at_the_w', 'PMC12635167_a_multimodal_stress_detection_dataset_with_facial_expression', 'PMC12736534_signal_quality_assessment_and_reconstruction_of_ppgderived_s', 'PMC12608435_shortterm_detection_of_dynamic_stress_levels_in_exergaming_w', 'PMC13210545_signal_quality_of_reflectivemode_photoplethysmograms_across_']",11.9
14,3690,3720,0.5373,1.0487,"Subtle distributed anomaly, gradual drift from baseline. elevated wrist_eda (z=+2.0, mean=32.78) reduced bvp (z=-1.8, mean=-3.08) Relevant topics: electrodermal activity skin conductance sympathetic stress arousal sweat response photoplethysmography pulse waveform amplitude perfusion signal quality motion artifact. Other readings: ecg mean=0.01, resp mean=0.06, wrist_temp mean=35.99.","DETECTED: The pattern suggests a physiological stress response characterized by increased sympathetic arousal and reduced peripheral perfusion.
EVIDENCE: Elevated wrist EDA indicates sweat gland activity modulated by the autonomic nervous system during emotional or cognitive load, while reduced BVP reflects lower blood volume pulse amplitude often seen under poor perfusion conditions [PMC12789550]. Research notes that PPG signals are more prone to degradation and motion artifacts compared to chest ECG, particularly in dynamic settings [PMC12736534], which may contribute to the observed signal drift.
RECOMMENDATION: Verify sensor coupling quality as suboptimal contact can cause low-amplitude noise or inaccurate readings; consider multimodal confirmation if clinical anxiety is suspected given PPG limitations alone [PMC12789550].
DISCLAIMER: Research decision-support tool. Not a diagnostic device. Does not replace clinical judgment.","['PMC12204546_determinants_of_photoplethysmography_signal_quality_at_the_w', 'PMC12635167_a_multimodal_stress_detection_dataset_with_facial_expression', 'PMC12736534_signal_quality_assessment_and_reconstruction_of_ppgderived_s', 'PMC12608435_shortterm_detection_of_dynamic_stress_levels_in_exergaming_w', 'PMC12789550_wearable_devices_for_anxiety_assessment_a_systematic_review']",9.1
14,3720,3750,0.534,1.0052,"Subtle distributed anomaly, gradual drift from baseline. elevated wrist_eda (z=+1.9, mean=32.27) elevated wrist_temp (z=+1.3, mean=36.06) Relevant topics: electrodermal activity skin conductance sympathetic stress arousal sweat response skin temperature thermal perfusion vasomotor ambient temperature sensor effects. Other readings: ecg mean=-0.00, resp mean=0.08, bvp mean=1.30.","DETECTED: The pattern suggests a gradual increase in sympathetic arousal and vasodilation rather than an acute stress event.
EVIDENCE: Elevated skin temperature indicates increased blood flow to the skin due to activity or ambient heat [PMC12635167]. EDA measures sweat gland activity reflecting autonomic response, but its signal can be inaccurate or affected by artifacts like motion and environmental factors such as high humidity which elevate baseline levels independently of stress [PMC13259440]. A gradual drift in these signals often represents non-physiological shifts caused by ambient temperature, electrode contact changes, or sensor warm-up rather than a discrete stimulus response [PMC13259440].
RECOMMENDATION: Verify environmental conditions and device fit; do not interpret this as acute stress without corroborating data.
DISCLAIMER: Research decision-support tool. Not a diagnostic device. Does not replace clinical judgment.","['PMC12635167_a_multimodal_stress_detection_dataset_with_facial_expression', 'PMC13213813_human_experience_in_regulated_offices_hero_dataset_synchroni', 'PMC13259440_hybrid_feature_learning_for_wearable_stress_detection_combin', 'PMC12736534_signal_quality_assessment_and_reconstruction_of_ppgderived_s', 'PMC13203100_from_biosignals_to_bedside_a_review_of_realtime_edge_machine']",9.9
14,3750,3780,0.5429,0.9918,"Subtle distributed anomaly, gradual drift from baseline. elevated wrist_eda (z=+1.9, mean=31.65) elevated wrist_temp (z=+1.3, mean=36.11) Relevant topics: electrodermal activity skin conductance sympathetic stress arousal sweat response skin temperature thermal perfusion vasomotor ambient temperature sensor effects. Other readings: ecg mean=-0.00, resp mean=-0.11, bvp mean=-0.59.","DETECTED: The pattern suggests a gradual increase in sympathetic arousal and skin perfusion, potentially indicating rising stress levels or an environmental temperature change.

EVIDENCE: Elevated EDA reflects sweat gland activity related to the body's response to stimuli [PMC12635167]. Increased skin temperature indicates changes in skin blood flow due to vasomotor responses or ambient conditions rather than just psychological factors [PMC12635167]. A high-pass filter is often required to remove slow baseline drifts caused by gradual shifts like changing ambient temperatures [PMC13259440].

RECOMMENDATION: Verify if the patient moved or was exposed to a warmer environment before concluding this represents acute stress. Monitor for sustained elevation rather than transient spikes, as tonic skin conductance reflects general autonomic arousal over minutes [PMC13259440].

DISCLAIMER: Research decision-support tool. Not a diagnostic device. Does not replace clinical judgment.","['PMC12635167_a_multimodal_stress_detection_dataset_with_facial_expression', 'PMC13259440_hybrid_feature_learning_for_wearable_stress_detection_combin', 'PMC13213813_human_experience_in_regulated_offices_hero_dataset_synchroni', 'PMC12736534_signal_quality_assessment_and_reconstruction_of_ppgderived_s', 'PMC13203100_from_biosignals_to_bedside_a_review_of_realtime_edge_machine']",10.1
14,3780,3810,0.544,0.9997,"Subtle distributed anomaly, gradual drift from baseline. elevated wrist_eda (z=+1.8, mean=30.96) reduced bvp (z=-1.4, mean=-2.46) Relevant topics: electrodermal activity skin conductance sympathetic stress arousal sweat response photoplethysmography pulse waveform amplitude perfusion signal quality motion artifact. Other readings: ecg mean=0.00, resp mean=0.21, wrist_temp mean=36.15.","DETECTED: The gradual rise in EDA suggests sympathetic arousal (stress), while reduced BVP indicates lower perfusion or signal quality issues common on wrists.
EVIDENCE: Wrist-based PPG often shows larger errors due to missed pulse peaks, and wrist-worn devices may struggle with accurate HRV metrics like RMSSD even after processing [PMC13210545]. EDA signals can be inaccurate at the wrist due to suboptimal sensor coupling or motion artifacts, sometimes appearing as low-amplitude noise rather than true physiological changes [PMC12608435][PMC12204546].
RECOMMENDATION: Verify signal quality by checking for motion artifacts or poor skin contact. If the EDA rise is subtle and BVP drops simultaneously, consider that wrist PPG may be unreliable for parasympathetic metrics; prioritize visual inspection of raw waveforms before concluding stress levels [PMC12635167].
DISCLAIMER: Research decision-support tool. Not a diagnostic device. Does not replace clinical judgment.","['PMC12204546_determinants_of_photoplethysmography_signal_quality_at_the_w', 'PMC12635167_a_multimodal_stress_detection_dataset_with_facial_expression', 'PMC12736534_signal_quality_assessment_and_reconstruction_of_ppgderived_s', 'PMC12608435_shortterm_detection_of_dynamic_stress_levels_in_exergaming_w', 'PMC13210545_signal_quality_of_reflectivemode_photoplethysmograms_across_']",10.6
14,3810,3840,0.5422,1.0195,"Subtle distributed anomaly, gradual drift from baseline. elevated bvp (z=+2.4, mean=4.20) elevated wrist_eda (z=+1.7, mean=30.27) Relevant topics: photoplethysmography pulse waveform amplitude perfusion signal quality motion artifact electrodermal activity skin conductance sympathetic stress arousal sweat response. Other readings: ecg mean=0.00, resp mean=-0.16, wrist_temp mean=36.17.","DETECTED: The pattern suggests a physiological stress response characterized by elevated heart rate and sympathetic arousal.
EVIDENCE: Elevated Blood Volume Pulse (BVP) indicates increased heart activity, while Electrodermal Activity (EDA) reflects sweat gland modulation due to autonomic nervous system activation from emotional or cognitive load [PMC12635167]. Multimodal approaches combining these signals are effective for detecting anxiety and stress states [PMC12789550].
RECOMMENDATION: Monitor the patient's posture, as PPG signal quality is highest when supine compared to sitting or standing positions which can degrade accuracy due to perfusion changes [PMC12204546]. Consider that wrist-worn sensors are prone to motion artifacts and may be less reliable during movement than chest ECGs for precise HRV metrics like RMSSD [PMC12736534].
DISCLAIMER: Research decision-support tool. Not a diagnostic device. Does not replace clinical judgment.","['PMC12204546_determinants_of_photoplethysmography_signal_quality_at_the_w', 'PMC12736534_signal_quality_assessment_and_reconstruction_of_ppgderived_s', 'PMC12635167_a_multimodal_stress_detection_dataset_with_facial_expression', 'PMC12694438_realtime_subjectspecific_predictive_modeling_of_ppg_signals_', 'PMC12789550_wearable_devices_for_anxiety_assessment_a_systematic_review']",10.4
14,3840,3870,0.5167,0.9991,"Subtle distributed anomaly, gradual drift from baseline. elevated wrist_eda (z=+1.7, mean=29.74) reduced bvp (z=-1.5, mean=-2.57) Relevant topics: electrodermal activity skin conductance sympathetic stress arousal sweat response photoplethysmography pulse waveform amplitude perfusion signal quality motion artifact. Other readings: ecg mean=0.00, resp mean=0.21, wrist_temp mean=36.22.","DETECTED: The simultaneous rise in EDA (sweat response) and drop in BVP amplitude suggests sympathetic stress arousal combined with potential signal quality issues or reduced perfusion.

EVIDENCE: Elevated wrist EDA indicates sweat gland activity related to sympathetic stress, though collection can be inaccurate due to artifacts [PMC12635167]. Reduced BVP (perfusion) at the wrist shows higher estimation errors compared to other sites like the finger or temple, often caused by missed pulse peaks and motion artifacts [PMC13210545]. Signal quality assessment is critical because PPG-derived metrics can be biased if not processed correctly [PMC12736534].

RECOMMENDATION: Verify sensor coupling to skin; check for motion artifact. If signal variance is low or SNR is poor, discard the data point as it may reflect noise rather than true physiological change [PMC12608435]. Re-evaluate after rest if possible.

DISCLAIMER: Research decision-support tool. Not a diagnostic device. Does not replace clinical judgment.","['PMC12204546_determinants_of_photoplethysmography_signal_quality_at_the_w', 'PMC12635167_a_multimodal_stress_detection_dataset_with_facial_expression', 'PMC12736534_signal_quality_assessment_and_reconstruction_of_ppgderived_s', 'PMC12608435_shortterm_detection_of_dynamic_stress_levels_in_exergaming_w', 'PMC13210545_signal_quality_of_reflectivemode_photoplethysmograms_across_']",9.9
14,3870,3900,0.5445,0.9985,"Subtle distributed anomaly, gradual drift from baseline. elevated wrist_eda (z=+1.7, mean=29.70) elevated wrist_temp (z=+1.4, mean=36.26) Relevant topics: electrodermal activity skin conductance sympathetic stress arousal sweat response skin temperature thermal perfusion vasomotor ambient temperature sensor effects. Other readings: ecg mean=0.00, resp mean=-0.09, bvp mean=-0.17.","DETECTED: The pattern suggests a gradual increase in sympathetic arousal and skin perfusion rather than an acute stress event.
EVIDENCE: Elevated wrist EDA reflects sweat gland activity indicating autonomic response [PMC12635167]. Increased skin temperature indicates changes in skin blood flow, which can vary based on ambient conditions or vasomotor responses [PMC12635167]. A gradual drift is often caused by non-physiological factors like slow variations in electrode contact pressure or gradual changes in ambient temperature rather than a discrete stimulus [PMC13203100].
RECOMMENDATION: Verify environmental conditions (ambient temperature/humidity) and sensor placement, as these can independently elevate baseline readings without indicating psychological stress. Monitor for sustained trends versus transient peaks to distinguish true arousal from artifact or thermal drift [PMC13259440].
DISCLAIMER: Research decision-support tool. Not a diagnostic device. Does not replace clinical judgment.","['PMC12635167_a_multimodal_stress_detection_dataset_with_facial_expression', 'PMC13259440_hybrid_feature_learning_for_wearable_stress_detection_combin', 'PMC13213813_human_experience_in_regulated_offices_hero_dataset_synchroni', 'PMC12736534_signal_quality_assessment_and_reconstruction_of_ppgderived_s', 'PMC13203100_from_biosignals_to_bedside_a_review_of_realtime_edge_machine']",10.5
14,3900,3930,0.5444,0.9937,"Subtle distributed anomaly, gradual drift from baseline. elevated wrist_eda (z=+1.6, mean=28.65) elevated wrist_temp (z=+1.4, mean=36.29) Relevant topics: electrodermal activity skin conductance sympathetic stress arousal sweat response skin temperature thermal perfusion vasomotor ambient temperature sensor effects. Other readings: ecg mean=0.00, resp mean=-0.10, bvp mean=0.59.","DETECTED: The pattern suggests a gradual increase in sympathetic arousal and skin perfusion rather than an acute stress event.
EVIDENCE: Elevated wrist EDA reflects sweat gland activity indicating autonomic response [PMC12635167]. Increased skin temperature indicates changes in skin blood flow, which varies with ambient conditions or vasomotor responses [PMC12635167]. A gradual drift is often caused by slow variations like changing ambient temperature rather than a discrete stimulus [PMC13259440].
RECOMMENDATION: Verify environmental factors (e.g., room heat) and ensure stable sensor contact, as these can cause baseline shifts indistinguishable from physiological stress without additional context.
DISCLAIMER: Research decision-support tool. Not a diagnostic device. Does not replace clinical judgment.","['PMC12635167_a_multimodal_stress_detection_dataset_with_facial_expression', 'PMC13213813_human_experience_in_regulated_offices_hero_dataset_synchroni', 'PMC13259440_hybrid_feature_learning_for_wearable_stress_detection_combin', 'PMC12736534_signal_quality_assessment_and_reconstruction_of_ppgderived_s', 'PMC13203100_from_biosignals_to_bedside_a_review_of_realtime_edge_machine']",9.1
14,3930,3960,0.5349,0.9951,"Subtle distributed anomaly, gradual drift from baseline. elevated wrist_eda (z=+1.5, mean=27.54) elevated wrist_temp (z=+1.4, mean=36.30) Relevant topics: electrodermal activity skin conductance sympathetic stress arousal sweat response skin temperature thermal perfusion vasomotor ambient temperature sensor effects. Other readings: ecg mean=0.00, resp mean=0.15, bvp mean=0.69.","DETECTED: Gradual elevation in wrist skin temperature and electrodermal activity suggests increased sympathetic arousal or thermal changes rather than acute stress.
EVIDENCE: Skin temperature varies based on blood flow and ambient conditions, while EDA measures sweat gland activity reflecting autonomic responses [PMC12635167]. High ambient temperatures can elevate tonic skin conductance independently of psychological stress [PMC13259440]. A high-pass filter is often used to remove baseline drift caused by gradual changes in ambient temperature or sensor warm-up, distinguishing these from genuine rapid autonomic responses [PMC13259440].
RECOMMENDATION: Verify environmental conditions and check for motion artifacts before attributing the pattern solely to stress. Monitor if values stabilize after acclimation periods typical of laboratory protocols [PMC12635167].
DISCLAIMER: Research decision-support tool. Not a diagnostic device. Does not replace clinical judgment.","['PMC12635167_a_multimodal_stress_detection_dataset_with_facial_expression', 'PMC13213813_human_experience_in_regulated_offices_hero_dataset_synchroni', 'PMC13259440_hybrid_feature_learning_for_wearable_stress_detection_combin', 'PMC12736534_signal_quality_assessment_and_reconstruction_of_ppgderived_s', 'PMC13068604_physiological_responses_to_emotional_video_stimuli_ecg_eda_a']",10.1
14,3960,3990,0.5779,1.1392,"Subtle distributed anomaly, gradual drift from baseline. reduced bvp (z=-1.7, mean=-2.95) elevated wrist_eda (z=+1.5, mean=27.59) Relevant topics: photoplethysmography pulse waveform amplitude perfusion signal quality motion artifact electrodermal activity skin conductance sympathetic stress arousal sweat response. Other readings: ecg mean=0.01, resp mean=-0.04, wrist_temp mean=36.33.","DETECTED: The pattern suggests a potential motion artifact or posture change causing reduced blood flow signal quality, coinciding with increased sympathetic arousal (sweat response).
EVIDENCE: Wrist photoplethysmogram signals are highly susceptible to noise and can be significantly degraded by body position; standing with the arm hanging results in lower signal quality compared to sitting or supine positions. Additionally, wrist-worn electrodermal activity sensors may produce inaccurate data due to artifacts during movement.
RECOMMENDATION: Verify if the patient was moving or changing posture (e.g., from lying down to standing) and check for motion interference before interpreting the reduced blood volume pulse as a physiological drop in perfusion.
DISCLAIMER: Research decision-support tool. Not a diagnostic device. Does not replace clinical judgment.","['PMC12204546_determinants_of_photoplethysmography_signal_quality_at_the_w', 'PMC12736534_signal_quality_assessment_and_reconstruction_of_ppgderived_s', 'PMC12635167_a_multimodal_stress_detection_dataset_with_facial_expression', 'PMC12694438_realtime_subjectspecific_predictive_modeling_of_ppg_signals_', 'PMC12989444_colorfilterarraybased_multispectral_photoplethysmography_opt']",9.4
14,3990,4020,0.5614,1.0105,"Subtle distributed anomaly, gradual drift from baseline. elevated wrist_temp (z=+1.5, mean=36.36) elevated wrist_eda (z=+1.4, mean=27.34) Relevant topics: skin temperature thermal perfusion vasomotor ambient temperature sensor effects electrodermal activity skin conductance sympathetic stress arousal sweat response. Other readings: ecg mean=0.00, resp mean=0.03, bvp mean=2.39.","DETECTED: Gradual elevation in wrist temperature and electrodermal activity suggests increased sympathetic arousal or thermal changes rather than acute stress.
EVIDENCE: Skin temperature varies based on skin blood flow and ambient conditions, while EDA measures sweat gland activity reflecting the body's response to stimuli [PMC12635167]. High ambient temperatures can elevate tonic skin conductance independently of psychological stress due to environmental sensitivity [PMC13259440].
RECOMMENDATION: Monitor for concurrent motion artifacts or changes in room temperature before attributing these signals solely to emotional states.
DISCLAIMER: Research decision-support tool. Not a diagnostic device. Does not replace clinical judgment.","['PMC12635167_a_multimodal_stress_detection_dataset_with_facial_expression', 'PMC12736534_signal_quality_assessment_and_reconstruction_of_ppgderived_s', 'PMC13213813_human_experience_in_regulated_offices_hero_dataset_synchroni', 'PMC13259440_hybrid_feature_learning_for_wearable_stress_detection_combin', 'PMC13068604_physiological_responses_to_emotional_video_stimuli_ecg_eda_a']",8.5
14,4020,4050,0.5557,0.9952,"Subtle distributed anomaly, gradual drift from baseline. elevated wrist_temp (z=+1.5, mean=36.38) elevated wrist_eda (z=+1.4, mean=27.04) Relevant topics: skin temperature thermal perfusion vasomotor ambient temperature sensor effects electrodermal activity skin conductance sympathetic stress arousal sweat response. Other readings: ecg mean=-0.00, resp mean=-0.02, bvp mean=-0.03.","DETECTED: Gradual increases in wrist temperature and electrodermal activity suggest rising sympathetic arousal or thermal changes rather than acute cardiac events.
EVIDENCE: Skin temperature varies based on skin blood flow, which can be influenced by ambient temperature and activity length [PMC12635167]. EDA measures sweat gland activity reflecting the body's response to stimuli; however, high ambient temperatures can elevate tonic baseline conductance independently of psychological stress [PMC13259440].
RECOMMENDATION: Monitor for sustained elevation in skin temperature and consider environmental factors like room heat or physical exertion as potential causes before attributing changes solely to acute stress.
DISCLAIMER: Research decision-support tool. Not a diagnostic device. Does not replace clinical judgment.","['PMC12635167_a_multimodal_stress_detection_dataset_with_facial_expression', 'PMC12736534_signal_quality_assessment_and_reconstruction_of_ppgderived_s', 'PMC13213813_human_experience_in_regulated_offices_hero_dataset_synchroni', 'PMC13259440_hybrid_feature_learning_for_wearable_stress_detection_combin', 'PMC13068604_physiological_responses_to_emotional_video_stimuli_ecg_eda_a']",8.8
14,4050,4080,0.5548,1.0131,"Subtle distributed anomaly, gradual drift from baseline. elevated wrist_temp (z=+1.5, mean=36.41) elevated wrist_eda (z=+1.3, mean=25.90) Relevant topics: skin temperature thermal perfusion vasomotor ambient temperature sensor effects electrodermal activity skin conductance sympathetic stress arousal sweat response. Other readings: ecg mean=0.00, resp mean=0.11, bvp mean=-1.30.","DETECTED: Gradual elevation in wrist temperature and electrodermal activity suggests increased sympathetic arousal or thermal changes rather than acute stress.
EVIDENCE: Skin temperature varies due to skin blood flow and ambient conditions, while EDA measures sweat gland activity reflecting the body's response to stimuli [PMC12635167]. High ambient temperatures can elevate tonic skin conductance independently of psychological stress [PMC13259440].
RECOMMENDATION: Monitor for sustained elevation; consider environmental factors like room temperature before concluding a physiological event.
DISCLAIMER: Research decision-support tool. Not a diagnostic device. Does not replace clinical judgment.","['PMC12635167_a_multimodal_stress_detection_dataset_with_facial_expression', 'PMC12736534_signal_quality_assessment_and_reconstruction_of_ppgderived_s', 'PMC13213813_human_experience_in_regulated_offices_hero_dataset_synchroni', 'PMC13259440_hybrid_feature_learning_for_wearable_stress_detection_combin', 'PMC13068604_physiological_responses_to_emotional_video_stimuli_ecg_eda_a']",8.1
14,4080,4110,0.5389,0.9964,"Subtle distributed anomaly, gradual drift from baseline. elevated wrist_temp (z=+1.5, mean=36.41) elevated wrist_eda (z=+1.3, mean=25.97) Relevant topics: skin temperature thermal perfusion vasomotor ambient temperature sensor effects electrodermal activity skin conductance sympathetic stress arousal sweat response. Other readings: ecg mean=-0.00, resp mean=0.02, bvp mean=0.96.","DETECTED: Gradual increases in wrist temperature and electrodermal activity suggest rising sympathetic arousal or thermal changes rather than acute stress.
EVIDENCE: Skin temperature varies due to skin blood flow and ambient conditions, while EDA measures sweat gland activity reflecting the body's response to stimuli [PMC12635167]. High ambient temperatures can elevate tonic skin conductance independently of psychological stress [PMC13259440].
RECOMMENDATION: Monitor for sustained elevation; consider environmental factors like room temperature before concluding a physiological event.
DISCLAIMER: Research decision-support tool. Not a diagnostic device. Does not replace clinical judgment.","['PMC12635167_a_multimodal_stress_detection_dataset_with_facial_expression', 'PMC12736534_signal_quality_assessment_and_reconstruction_of_ppgderived_s', 'PMC13213813_human_experience_in_regulated_offices_hero_dataset_synchroni', 'PMC13259440_hybrid_feature_learning_for_wearable_stress_detection_combin', 'PMC13068604_physiological_responses_to_emotional_video_stimuli_ecg_eda_a']",8.0
14,4110,4140,0.541,1.1216,"Subtle distributed anomaly, gradual drift from baseline. elevated wrist_temp (z=+1.5, mean=36.43) elevated wrist_eda (z=+1.3, mean=25.94) Relevant topics: skin temperature thermal perfusion vasomotor ambient temperature sensor effects electrodermal activity skin conductance sympathetic stress arousal sweat response. Other readings: ecg mean=0.00, resp mean=0.27, bvp mean=-0.97.","DETECTED: Gradual elevation in wrist temperature and electrodermal activity suggests increased sympathetic arousal or thermal changes rather than acute stress.
EVIDENCE: Skin temperature varies based on skin blood flow and ambient conditions, while EDA measures sweat gland activity reflecting the body's response to stimuli [PMC12635167]. High ambient temperature can elevate tonic skin conductance independently of psychological stress [PMC13259440].
RECOMMENDATION: Monitor for sustained elevation; consider environmental factors like room warmth before concluding a physiological event.
DISCLAIMER: Research decision-support tool. Not a diagnostic device. Does not replace clinical judgment.","['PMC12635167_a_multimodal_stress_detection_dataset_with_facial_expression', 'PMC12736534_signal_quality_assessment_and_reconstruction_of_ppgderived_s', 'PMC13213813_human_experience_in_regulated_offices_hero_dataset_synchroni', 'PMC13259440_hybrid_feature_learning_for_wearable_stress_detection_combin', 'PMC13068604_physiological_responses_to_emotional_video_stimuli_ecg_eda_a']",8.4
14,4140,4170,0.5643,1.0266,"Subtle distributed anomaly, gradual drift from baseline. elevated wrist_temp (z=+1.5, mean=36.44) elevated wrist_eda (z=+1.3, mean=25.61) Relevant topics: skin temperature thermal perfusion vasomotor ambient temperature sensor effects electrodermal activity skin conductance sympathetic stress arousal sweat response. Other readings: ecg mean=-0.00, resp mean=-0.20, bvp mean=1.72.","DETECTED: Gradual elevation in wrist temperature and electrodermal activity suggests increased sympathetic arousal or thermal vasodilation.
EVIDENCE: Skin temperature varies due to skin blood flow and ambient conditions, while EDA measures sweat gland activity reflecting the body's response to stimuli [PMC12635167]. High ambient temperature can elevate tonic skin conductance independently of psychological stress [PMC13259440].
RECOMMENDATION: Monitor for sustained elevation; consider environmental factors like room heat or sensor drift before attributing changes solely to stress.
DISCLAIMER: Research decision-support tool. Not a diagnostic device. Does not replace clinical judgment.","['PMC12635167_a_multimodal_stress_detection_dataset_with_facial_expression', 'PMC12736534_signal_quality_assessment_and_reconstruction_of_ppgderived_s', 'PMC13213813_human_experience_in_regulated_offices_hero_dataset_synchroni', 'PMC13259440_hybrid_feature_learning_for_wearable_stress_detection_combin', 'PMC13068604_physiological_responses_to_emotional_video_stimuli_ecg_eda_a']",8.3
14,4170,4200,0.5157,0.9916,"Subtle distributed anomaly, gradual drift from baseline. elevated wrist_temp (z=+1.5, mean=36.43) elevated wrist_eda (z=+1.2, mean=24.37) Relevant topics: skin temperature thermal perfusion vasomotor ambient temperature sensor effects electrodermal activity skin conductance sympathetic stress arousal sweat response. Other readings: ecg mean=0.00, resp mean=0.15, bvp mean=-0.31.","DETECTED: Gradual elevation in wrist temperature and electrodermal activity suggests increased sympathetic arousal or thermal vasodilation.
EVIDENCE: Skin temperature varies based on skin blood flow and ambient conditions, while EDA measures sweat gland activity reflecting the body's response to stimuli [PMC12635167]. High ambient temperatures can elevate tonic skin conductance independently of psychological stress [PMC13259440].
RECOMMENDATION: Monitor for sustained elevation; consider environmental factors like room temperature or recent physical movement as potential causes before attributing changes to acute stress.
DISCLAIMER: Research decision-support tool. Not a diagnostic device. Does not replace clinical judgment.","['PMC12635167_a_multimodal_stress_detection_dataset_with_facial_expression', 'PMC12736534_signal_quality_assessment_and_reconstruction_of_ppgderived_s', 'PMC13213813_human_experience_in_regulated_offices_hero_dataset_synchroni', 'PMC13259440_hybrid_feature_learning_for_wearable_stress_detection_combin', 'PMC13068604_physiological_responses_to_emotional_video_stimuli_ecg_eda_a']",8.4
14,4200,4230,0.5311,1.01,"Subtle distributed anomaly, gradual drift from baseline. elevated bvp (z=+1.7, mean=3.02) elevated wrist_temp (z=+1.5, mean=36.41) Relevant topics: photoplethysmography pulse waveform amplitude perfusion signal quality motion artifact skin temperature thermal perfusion vasomotor ambient temperature sensor effects. Other readings: ecg mean=-0.00, resp mean=0.21, wrist_eda mean=23.76.","DETECTED: The gradual rise in blood volume pulse (BVP) and wrist temperature suggests improved signal quality due to the arm being raised or a change from standing to sitting/supine posture.

EVIDENCE: PPG signal quality is highest when supine and lowest while standing with arms hanging; raising the arm to heart level increases quality [PMC12204546]. Motion artifacts can corrupt signals, but preprocessing steps like spectral reconstruction improve agreement with ground truth [PMC12736534].

RECOMMENDATION: Verify if the patient changed position (e.g., stood up then sat down) or raised their arm. If no positional change occurred and symptoms exist, monitor closely as signal drift may indicate underlying physiological changes not captured by standard metrics alone.

DISCLAIMER: Research decision-support tool. Not a diagnostic device. Does not replace clinical judgment.","['PMC12204546_determinants_of_photoplethysmography_signal_quality_at_the_w', 'PMC12694438_realtime_subjectspecific_predictive_modeling_of_ppg_signals_', 'PMC12736534_signal_quality_assessment_and_reconstruction_of_ppgderived_s', 'PMC12300191_a_stability_and_aggregationbased_method_for_heart_rate_estim', 'PMC13210545_signal_quality_of_reflectivemode_photoplethysmograms_across_']",10.6
14,4230,4260,0.5462,1.1034,"Subtle distributed anomaly, gradual drift from baseline. reduced bvp (z=-2.6, mean=-4.56) elevated wrist_temp (z=+1.5, mean=36.42) Relevant topics: photoplethysmography pulse waveform amplitude perfusion signal quality motion artifact skin temperature thermal perfusion vasomotor ambient temperature sensor effects. Other readings: ecg mean=0.00, resp mean=-0.05, wrist_eda mean=24.01.","DETECTED: The pattern suggests reduced blood volume pulse signal quality likely due to motion artifacts or suboptimal sensor positioning (e.g., arm hanging down), rather than true physiological change.
EVIDENCE: Wrist photoplethysmogram signals are highly susceptible to noise, which can reduce the accuracy of monitored parameters [PMC12204546]. Signal quality is lowest when standing with the arm hanging alongside and improves as the arm is raised to heart height or held in the lap [PMC12204546]. Sophisticated algorithms are required to differentiate true arrhythmias from noise and artifacts arising from motion or physiological variations [PMC12736534].
RECOMMENDATION: Verify patient posture; ensure the arm is raised to heart level if possible. Re-evaluate signal quality metrics before interpreting reduced pulse amplitude as a clinical event.
DISCLAIMER: Research decision-support tool. Not a diagnostic device. Does not replace clinical judgment.","['PMC12204546_determinants_of_photoplethysmography_signal_quality_at_the_w', 'PMC12694438_realtime_subjectspecific_predictive_modeling_of_ppg_signals_', 'PMC12300191_a_stability_and_aggregationbased_method_for_heart_rate_estim', 'PMC12736534_signal_quality_assessment_and_reconstruction_of_ppgderived_s', 'PMC12110636_fully_automated_photoplethysmographybased_wearable_atrial_fi']",11.1
14,4260,4290,0.5287,1.1188,"Subtle distributed anomaly, gradual drift from baseline. reduced bvp (z=-2.2, mean=-3.81) elevated wrist_temp (z=+1.5, mean=36.42) Relevant topics: photoplethysmography pulse waveform amplitude perfusion signal quality motion artifact skin temperature thermal perfusion vasomotor ambient temperature sensor effects. Other readings: ecg mean=0.00, resp mean=-0.23, wrist_eda mean=23.31.","DETECTED: The pattern suggests reduced blood volume pulse signal quality likely due to motion artifact or suboptimal sensor positioning (e.g., arm hanging down), accompanied by elevated skin temperature.
EVIDENCE: Wrist photoplethysmogram signals are highly susceptible to noise, which can reduce the accuracy of monitored parameters [PMC12204546]. Signal quality is lowest when standing with the arm hanging alongside and improves as the arm is raised to heart height or held in the lap [PMC12204546]. Motion artifacts from physical activity are a known challenge that can corrupt PPG signals, requiring sophisticated algorithms for differentiation [PMC12736534].
RECOMMENDATION: Verify patient posture; ensure the arm is raised to heart level or resting in the lap if possible. Check sensor placement and skin temperature stability before relying on data from this window.
DISCLAIMER: Research decision-support tool. Not a diagnostic device. Does not replace clinical judgment.","['PMC12204546_determinants_of_photoplethysmography_signal_quality_at_the_w', 'PMC12694438_realtime_subjectspecific_predictive_modeling_of_ppg_signals_', 'PMC12300191_a_stability_and_aggregationbased_method_for_heart_rate_estim', 'PMC12736534_signal_quality_assessment_and_reconstruction_of_ppgderived_s', 'PMC12110636_fully_automated_photoplethysmographybased_wearable_atrial_fi']",11.1
14,4290,4320,0.5673,1.1726,"Subtle distributed anomaly, gradual drift from baseline. elevated bvp (z=+2.4, mean=4.29) elevated wrist_temp (z=+1.5, mean=36.41) Relevant topics: photoplethysmography pulse waveform amplitude perfusion signal quality motion artifact skin temperature thermal perfusion vasomotor ambient temperature sensor effects. Other readings: ecg mean=0.00, resp mean=0.07, wrist_eda mean=21.58.","DETECTED: The gradual rise in blood volume pulse (BVP) and wrist temperature suggests improved signal quality or vasodilation rather than a pathological event.
EVIDENCE: Research indicates that PPG signals are highly susceptible to noise which can reduce accuracy [PMC12204546]. Signal quality is significantly influenced by posture, with the supine position yielding the highest quality compared to sitting or standing [PMC12204546]. Additionally, raising the arm to heart level increases signal quality when sitting [PMC12204546].
RECOMMENDATION: Verify if the patient is in a relaxed, supine posture with the wrist elevated; these conditions optimize PPG readings. If symptoms are absent and the trend aligns with improved sensor contact or vasodilation, no immediate intervention may be needed beyond repositioning for optimal reading [PMC12204546].
DISCLAIMER: Research decision-support tool. Not a diagnostic device. Does not replace clinical judgment.","['PMC12204546_determinants_of_photoplethysmography_signal_quality_at_the_w', 'PMC12694438_realtime_subjectspecific_predictive_modeling_of_ppg_signals_', 'PMC12736534_signal_quality_assessment_and_reconstruction_of_ppgderived_s', 'PMC12300191_a_stability_and_aggregationbased_method_for_heart_rate_estim', 'PMC13210545_signal_quality_of_reflectivemode_photoplethysmograms_across_']",11.3
14,4320,4350,0.5593,1.0769,"Subtle distributed anomaly, gradual drift from baseline. elevated wrist_temp (z=+1.5, mean=36.38) elevated wrist_eda (z=+0.9, mean=21.51) Relevant topics: skin temperature thermal perfusion vasomotor ambient temperature sensor effects electrodermal activity skin conductance sympathetic stress arousal sweat response. Other readings: ecg mean=0.00, resp mean=0.33, bvp mean=-1.02.","DETECTED: Gradual elevation in wrist temperature and EDA suggests increased sympathetic arousal or thermal drift rather than an acute stress event.
EVIDENCE: Skin temperature varies based on skin blood flow and ambient conditions, while high ambient heat can elevate the tonic baseline independently of psychological stress [PMC13259440]. EDA measures sweat gland activity reflecting autonomic responses; however, environmental factors like humidity can raise conductance without actual stress [PMC13259440]. Slow signal shifts may also result from gradual changes in ambient temperature or electrode contact pressure rather than physiological events [PMC13259440].
RECOMMENDATION: Verify current room temperature and sensor placement; if environmental conditions are stable, monitor for sustained elevation before concluding a stress response.
DISCLAIMER: Research decision-support tool. Not a diagnostic device. Does not replace clinical judgment.","['PMC12635167_a_multimodal_stress_detection_dataset_with_facial_expression', 'PMC12736534_signal_quality_assessment_and_reconstruction_of_ppgderived_s', 'PMC13213813_human_experience_in_regulated_offices_hero_dataset_synchroni', 'PMC13259440_hybrid_feature_learning_for_wearable_stress_detection_combin', 'PMC13068604_physiological_responses_to_emotional_video_stimuli_ecg_eda_a']",9.4
14,4350,4380,0.505,1.1564,"Subtle distributed anomaly, gradual drift from baseline. elevated bvp (z=+1.5, mean=2.74) elevated wrist_temp (z=+1.4, mean=36.32) Relevant topics: photoplethysmography pulse waveform amplitude perfusion signal quality motion artifact skin temperature thermal perfusion vasomotor ambient temperature sensor effects. Other readings: ecg mean=-0.00, resp mean=0.20, wrist_eda mean=18.65.","DETECTED: The gradual rise in blood volume pulse (BVP) and wrist temperature suggests improved signal quality due to the arm being raised or a change from standing to sitting/supine positions.

EVIDENCE: PPG signal quality is highest when supine and lowest while standing with arms hanging; raising the arm to heart level increases quality [PMC12204546]. Signal-to-noise ratio improves as the arm moves away from gravity's effect on blood pooling in a dependent limb [PMC12204546].

RECOMMENDATION: Verify if the patient has changed position (e.g., sitting up or lying down) and ensure the wrist is at heart level, which typically optimizes perfusion signal quality. Monitor for resolution of elevated temperature once positional changes are accounted for.

DISCLAIMER: Research decision-support tool. Not a diagnostic device. Does not replace clinical judgment.","['PMC12204546_determinants_of_photoplethysmography_signal_quality_at_the_w', 'PMC12694438_realtime_subjectspecific_predictive_modeling_of_ppg_signals_', 'PMC12736534_signal_quality_assessment_and_reconstruction_of_ppgderived_s', 'PMC12300191_a_stability_and_aggregationbased_method_for_heart_rate_estim', 'PMC13210545_signal_quality_of_reflectivemode_photoplethysmograms_across_']",10.6
14,4380,4410,0.5049,1.3124,"Robust anomaly confirmed by two independent detectors. elevated wrist_temp (z=+1.4, mean=36.28) elevated ecg (z=+0.4, mean=0.00) Relevant topics: skin temperature thermal perfusion vasomotor ambient temperature sensor effects electrocardiogram rhythm irregularity heart rate variability arrhythmia ectopic beats. Other readings: resp mean=0.18, bvp mean=-0.29, wrist_eda mean=12.70.","DETECTED: The elevated wrist temperature likely reflects peripheral vasoconstriction or sensor artifact rather than true fever, as skin temperature is a known marker for stress-related autonomic changes but can be unreliable due to ambient factors and perfusion issues [PMC12789550].

EVIDENCE: Skin temperature (SKT) may capture stress-related peripheral vasoconstriction, though systematic assessments are limited. PPG signals used for heart rate monitoring can be modified by local body temperature and ambient light [PMC13094953]. Additionally, HRV metrics derived from wrist-worn devices often show bias compared to ECG ground truth due to physiological variations like perfusion changes [PMC12736534].

RECOMMENDATION: Correlate the temperature reading with ambient conditions and clinical context; do not interpret isolated wrist temperature elevations as fever without supporting vital signs. Verify heart rate rhythm using a standard ECG if arrhythmia is suspected, given PPG limitations in detecting certain anomalies [PMC12031393].

DISCLAIMER: Research decision-support tool. Not a diagnostic device. Does not replace clinical judgment.","['PMC12789550_wearable_devices_for_anxiety_assessment_a_systematic_review', 'PMC13094953_continuous_remote_monitoring_of_postoperative_vital_signs_wi', 'PMC12110636_fully_automated_photoplethysmographybased_wearable_atrial_fi', 'PMC12031393_reliable_ecg_anomaly_detection_on_edge_devices_for_internet_', 'PMC12736534_signal_quality_assessment_and_reconstruction_of_ppgderived_s']",11.8
14,4410,4440,0.4819,1.5532,"Abrupt isolated spike in wearable biosignals. elevated wrist_temp (z=+1.4, mean=36.32) reduced wrist_eda (z=-0.6, mean=6.48) Relevant topics: skin temperature thermal perfusion vasomotor ambient temperature sensor effects electrodermal activity skin conductance sympathetic stress arousal sweat response. Other readings: ecg mean=0.00, resp mean=-0.02, bvp mean=-0.18.","DETECTED: An abrupt isolated spike in wrist temperature combined with reduced electrodermal activity likely represents an artifact or environmental interference rather than a physiological stress event.

EVIDENCE: Skin temperature varies widely based on ambient temperature, and EDA sensors are sensitive to high ambient temperatures which can elevate baseline levels independently of psychological stress [PMC13259440]. Additionally, motion artifacts caused by electrode displacement during physical movement produce sharp signal transients that look like genuine responses but are not real physiological events [PMC13259440]. The EDA signal is also noted to be inaccurate in some subjects and can fail to capture data due to sensor issues or noise [PMC12635167].

RECOMMENDATION: Verify ambient room temperature and check for recent movement. Do not interpret this isolated 30-second pattern as a genuine sympathetic stress response without corroborating clinical signs, given the known susceptibility of wrist sensors to environmental factors and motion artifacts [PMC13259440][PMC12635167].

DISCLAIMER: Research decision-support tool. Not a diagnostic device. Does not replace clinical judgment.","['PMC12635167_a_multimodal_stress_detection_dataset_with_facial_expression', 'PMC13213813_human_experience_in_regulated_offices_hero_dataset_synchroni', 'PMC13068604_physiological_responses_to_emotional_video_stimuli_ecg_eda_a', 'PMC13263368_pulse_rate_variability_is_not_the_same_as_heart_rate_variabi', 'PMC13259440_hybrid_feature_learning_for_wearable_stress_detection_combin']",11.2
14,4470,4500,0.4806,1.3689,"Abrupt isolated spike in wearable biosignals. elevated wrist_temp (z=+1.5, mean=36.35) reduced wrist_eda (z=-0.7, mean=5.18) Relevant topics: skin temperature thermal perfusion vasomotor ambient temperature sensor effects electrodermal activity skin conductance sympathetic stress arousal sweat response. Other readings: ecg mean=0.00, resp mean=0.08, bvp mean=0.87.","DETECTED: An abrupt isolated spike in wrist temperature combined with reduced electrodermal activity likely represents an artifact or environmental interference rather than acute stress.
EVIDENCE: Skin temperature varies widely based on ambient temperature, while EDA signals can be inaccurate due to motion artifacts and poor electrode contact [PMC12635167]. High ambient temperatures can elevate skin conductance independently of psychological stress [PMC13259440]. Additionally, sensor-specific challenges like environmental sensitivity may cause signal changes unrelated to physiological arousal [PMC13259440].
RECOMMENDATION: Verify the device's orientation and check for loose contact or sudden ambient temperature shifts before attributing this pattern to a clinical event.
DISCLAIMER: Research decision-support tool. Not a diagnostic device. Does not replace clinical judgment.","['PMC12635167_a_multimodal_stress_detection_dataset_with_facial_expression', 'PMC13213813_human_experience_in_regulated_offices_hero_dataset_synchroni', 'PMC13068604_physiological_responses_to_emotional_video_stimuli_ecg_eda_a', 'PMC13263368_pulse_rate_variability_is_not_the_same_as_heart_rate_variabi', 'PMC13259440_hybrid_feature_learning_for_wearable_stress_detection_combin']",9.5
14,4620,4650,0.4719,1.4211,"Abrupt isolated spike in wearable biosignals. reduced ecg (z=-2.7, mean=-0.01) elevated wrist_temp (z=+1.5, mean=36.42) Relevant topics: electrocardiogram rhythm irregularity heart rate variability arrhythmia ectopic beats skin temperature thermal perfusion vasomotor ambient temperature sensor effects. Other readings: resp mean=0.14, bvp mean=0.16, wrist_eda mean=4.78.","DETECTED: The abrupt ECG spike combined with elevated wrist temperature suggests an isolated arrhythmic event rather than motion artifact or anxiety alone.
EVIDENCE: Wearable devices have demonstrated clinical utility in detecting infrequent, symptomatic supraventricular arrhythmias that differ clearly from motion artifacts [PMC13027176]. While PPG signals are prone to degradation and ECG requires specific setups, automated interpretation of these signals is crucial for identifying brief abnormal cardiac patterns missed during routine exams [PMC12982742]. Skin temperature changes can reflect stress-related vasoconstriction but must be evaluated alongside rhythm data; however, definitive diagnosis often relies on correlating wearable detections with standard diagnostic methods like ambulatory ECG or exercise testing to confirm arrhythmia presence and exclude structural disease [PMC13027176] [PMC12789550].
RECOMMENDATION: Correlate this isolated spike with patient symptoms. If symptomatic, refer for extended monitoring (e.g., ambulatory ECG) or electrophysiology study to confirm the arrhythmia and rule out structural heart disease before considering ablation [PMC13027176].
DISCLAIMER: Research decision-support tool. Not a diagnostic device. Does not replace clinical judgment.","['PMC12300191_a_stability_and_aggregationbased_method_for_heart_rate_estim', 'PMC13027176_the_use_of_digital_devices_in_the_management_of_athletes_wit', 'PMC12789550_wearable_devices_for_anxiety_assessment_a_systematic_review', 'PMC12736534_signal_quality_assessment_and_reconstruction_of_ppgderived_s', 'PMC12982742_a_lightweight_residual_dilated_temporal_transformer_block_fo']",12.3
14,4710,4740,0.4545,1.3362,"Abrupt isolated spike in wearable biosignals. reduced ecg (z=-1.8, mean=-0.01) elevated wrist_temp (z=+1.3, mean=36.00) Relevant topics: electrocardiogram rhythm irregularity heart rate variability arrhythmia ectopic beats skin temperature thermal perfusion vasomotor ambient temperature sensor effects. Other readings: resp mean=-0.04, bvp mean=-0.40, wrist_eda mean=7.71.","DETECTED: The abrupt ECG spike combined with elevated wrist temperature suggests an isolated arrhythmic event rather than simple motion artifact.
EVIDENCE: Literature indicates that athletes may identify characteristic, abrupt heart rate patterns on wearables that coincide with symptoms and differ clearly from motion artifacts [PMC13027176]. While PPG is prone to degradation under poor perfusion or motion, ECG remains the most reliable individual signal for rhythm detection [PMC12789550].
RECOMMENDATION: Correlate this isolated spike with patient symptoms. If symptomatic palpitations are present, refer for extended monitoring (e.g., ambulatory ECG) to confirm arrhythmia and evaluate treatment needs [PMC13027176] or further investigation if the event is unexplained by motion [PMC12789550].
DISCLAIMER: Research decision-support tool. Not a diagnostic device. Does not replace clinical judgment.","['PMC12300191_a_stability_and_aggregationbased_method_for_heart_rate_estim', 'PMC13027176_the_use_of_digital_devices_in_the_management_of_athletes_wit', 'PMC12789550_wearable_devices_for_anxiety_assessment_a_systematic_review', 'PMC12982742_a_lightweight_residual_dilated_temporal_transformer_block_fo', 'PMC12031393_reliable_ecg_anomaly_detection_on_edge_devices_for_internet_']",9.9
14,4920,4950,0.4477,1.3089,"Abrupt isolated spike in wearable biosignals. elevated ecg (z=+1.9, mean=0.01) elevated wrist_temp (z=+1.2, mean=35.78) Relevant topics: electrocardiogram rhythm irregularity heart rate variability arrhythmia ectopic beats skin temperature thermal perfusion vasomotor ambient temperature sensor effects. Other readings: resp mean=0.15, bvp mean=-0.62, wrist_eda mean=6.93.","DETECTED: The abrupt ECG spike suggests an isolated supraventricular arrhythmia or ectopic beat rather than motion artifact.
EVIDENCE: Wearable devices can identify characteristic, abrupt heart rate patterns that differ clearly from motion artifacts and coincide with symptoms [PMC13027176]. While wrist-based sensors are prone to signal degradation under poor perfusion, definitive diagnoses confirmed by invasive testing were often prompted by wearable data in symptomatic athletes [PMC13027176].
RECOMMENDATION: Clinical follow-up should include a standard diagnostic ECG or ambulatory monitoring (e.g., Holter) and an exercise stress test to confirm the arrhythmia, as structural heart disease must be excluded before considering ablation [PMC13027176].
DISCLAIMER: Research decision-support tool. Not a diagnostic device. Does not replace clinical judgment.","['PMC13027176_the_use_of_digital_devices_in_the_management_of_athletes_wit', 'PMC13263368_pulse_rate_variability_is_not_the_same_as_heart_rate_variabi', 'PMC12789550_wearable_devices_for_anxiety_assessment_a_systematic_review', 'PMC12300191_a_stability_and_aggregationbased_method_for_heart_rate_estim', 'PMC12031393_reliable_ecg_anomaly_detection_on_edge_devices_for_internet_']",10.3
14,4980,5010,0.4802,1.5444,"Abrupt isolated spike in wearable biosignals. reduced bvp (z=-2.8, mean=-4.88) elevated wrist_temp (z=+1.2, mean=35.75) Relevant topics: photoplethysmography pulse waveform amplitude perfusion signal quality motion artifact skin temperature thermal perfusion vasomotor ambient temperature sensor effects. Other readings: ecg mean=-0.00, resp mean=0.14, wrist_eda mean=5.86.","DETECTED: The abrupt spike with reduced perfusion signal and elevated skin temperature suggests motion artifact or sensor displacement rather than physiological change.
EVIDENCE: Literature indicates that PPG signals are frequently affected by motion artifacts, which can degrade waveform amplitude and quality [PMC12694438]. Additionally, signal quality at the wrist is influenced by ambient temperature and perfusion status, where vasoconstriction (reduced perfusion) often accompanies cold exposure or movement [PMC12736534], [PMC12204546].
RECOMMENDATION: Review the patient's activity log for sudden movement or position changes during this window. Verify sensor contact and skin temperature; if motion is confirmed, disregard the spike as an artifact [PMC12300191].
DISCLAIMER: Research decision-support tool. Not a diagnostic device. Does not replace clinical judgment.","['PMC12300191_a_stability_and_aggregationbased_method_for_heart_rate_estim', 'PMC12204546_determinants_of_photoplethysmography_signal_quality_at_the_w', 'PMC12694438_realtime_subjectspecific_predictive_modeling_of_ppg_signals_', 'PMC13210545_signal_quality_of_reflectivemode_photoplethysmograms_across_', 'PMC12736534_signal_quality_assessment_and_reconstruction_of_ppgderived_s']",12.8
14,5460,5490,0.4256,1.3912,"Abrupt isolated spike in wearable biosignals. elevated bvp (z=+2.6, mean=4.54) elevated wrist_temp (z=+1.1, mean=35.48) Relevant topics: photoplethysmography pulse waveform amplitude perfusion signal quality motion artifact skin temperature thermal perfusion vasomotor ambient temperature sensor effects. Other readings: ecg mean=0.00, resp mean=0.40, wrist_eda mean=2.29.","DETECTED: The abrupt spike in blood volume pulse (BVP) and wrist temperature likely represents a motion artifact or sensor noise rather than a physiological event.
EVIDENCE: PPG signals are highly susceptible to noise which can reduce accuracy of monitored parameters [PMC12204546]. Signal quality is significantly affected by posture, with standing positions yielding the lowest signal-to-noise ratio compared to supine or sitting postures where the arm rests at heart height [PMC12204546]. Motion artifacts are a known challenge in wearable PPG devices that can corrupt heart rate signals during physical activity [PMC13210545].
RECOMMENDATION: Verify if the patient was moving or changing position (e.g., standing) at the time of detection. If no clinical symptoms are present, this is likely a technical artifact requiring signal filtering rather than immediate medical intervention [PMC13210545].
DISCLAIMER: Research decision-support tool. Not a diagnostic device. Does not replace clinical judgment.","['PMC12300191_a_stability_and_aggregationbased_method_for_heart_rate_estim', 'PMC12204546_determinants_of_photoplethysmography_signal_quality_at_the_w', 'PMC13210545_signal_quality_of_reflectivemode_photoplethysmograms_across_', 'PMC12694438_realtime_subjectspecific_predictive_modeling_of_ppg_signals_', 'PMC13263368_pulse_rate_variability_is_not_the_same_as_heart_rate_variabi']",12.6
14,6600,6630,0.4608,1.3571,"Abrupt isolated spike in wearable biosignals. elevated ecg (z=+7.3, mean=0.04) reduced wrist_eda (z=-0.8, mean=4.11) Relevant topics: electrocardiogram rhythm irregularity heart rate variability arrhythmia ectopic beats electrodermal activity skin conductance sympathetic stress arousal sweat response. Other readings: resp mean=-0.00, bvp mean=0.12, wrist_temp mean=34.32.","DETECTED: The abrupt ECG spike suggests an isolated arrhythmic event (e.g., ectopic beat or tachycardia), while reduced wrist EDA may reflect a transient sympathetic response or sensor artifact; normal BVP and respiration indicate stable baseline physiology.

EVIDENCE: Smartwatch single-lead ECGs can detect various arrhythmias including bradycardia, tachycardia, PVCs, and supraventricular tachycardias with high accuracy [PMC13118077]. Wearable devices have successfully identified symptomatic isolated supraventricular arrhythmias in athletes that differed from motion artifacts [PMC13027176]. EDA peaks are event-related estimators of body response to stimuli, though wristband data can be inaccurate or affected by artifacts [PMC12635167].

RECOMMENDATION: Correlate the spike with symptoms (palpitations, dizziness). If symptomatic, obtain a standard 12-lead ECG and consider referral for ambulatory monitoring. Reassess wristband fit to rule out motion artifact affecting EDA or BVP signals [PMC13027176][PMC12635167].

DISCLAIMER: Research decision-support tool. Not a diagnostic device. Does not replace clinical judgment.","['PMC13068127_mcardiacdx_radardriven_contactless_monitoring_and_diagnosis_', 'PMC12635167_a_multimodal_stress_detection_dataset_with_facial_expression', 'PMC13118077_a_prospective_realworld_study_evaluating_the_feasibility_and', 'PMC12031393_reliable_ecg_anomaly_detection_on_edge_devices_for_internet_', 'PMC13027176_the_use_of_digital_devices_in_the_management_of_athletes_wit']",11.6
14,6660,6690,0.4641,1.7815,"Abrupt isolated spike in wearable biosignals. elevated ecg (z=+10.3, mean=0.06) reduced wrist_eda (z=-0.8, mean=4.46) Relevant topics: electrocardiogram rhythm irregularity heart rate variability arrhythmia ectopic beats electrodermal activity skin conductance sympathetic stress arousal sweat response. Other readings: resp mean=0.14, bvp mean=0.38, wrist_temp mean=34.13.","DETECTED: The abrupt ECG spike suggests an isolated arrhythmic event (e.g., ectopic beat or tachycardia), while reduced wrist EDA indicates a lack of sympathetic stress response typical during anxiety; this pattern points toward a cardiac origin rather than emotional arousal.

EVIDENCE: Wearable single-lead ECGs can detect various arrhythmias including bradycardia, tachycardia, and ectopic beats with high accuracy [PMC13118077]. Conversely, electrodermal activity (EDA) reflects sweat gland activity modulated by the autonomic nervous system in response to emotional arousal or stress; reduced EDA may indicate a non-stress-related event like an isolated cardiac spike rather than anxiety [PMC12789550].

RECOMMENDATION: Clinicians should evaluate for symptomatic arrhythmias (e.g., palpitations, dizziness) and consider further diagnostic testing such as ambulatory monitoring or EPS if symptoms are present. If asymptomatic, monitor closely; however, isolated spikes without clinical correlation may require physician review to rule out significant pathology [PMC13027176].

DISCLAIMER: Research decision-support tool. Not a diagnostic device. Does not replace clinical judgment.","['PMC13068127_mcardiacdx_radardriven_contactless_monitoring_and_diagnosis_', 'PMC12789550_wearable_devices_for_anxiety_assessment_a_systematic_review', 'PMC12031393_reliable_ecg_anomaly_detection_on_edge_devices_for_internet_', 'PMC13118077_a_prospective_realworld_study_evaluating_the_feasibility_and', 'PMC13027176_the_use_of_digital_devices_in_the_management_of_athletes_wit']",11.1
14,7440,7470,0.4082,1.3047,"Abrupt isolated spike in wearable biosignals. reduced wrist_eda (z=-0.8, mean=3.63) reduced bvp (z=-0.6, mean=-1.04) Relevant topics: electrodermal activity skin conductance sympathetic stress arousal sweat response photoplethysmography pulse waveform amplitude perfusion signal quality motion artifact. Other readings: ecg mean=0.00, resp mean=0.11, wrist_temp mean=34.47.","DETECTED: The abrupt spike in wrist EDA combined with reduced BVP suggests a motion artifact or signal quality issue rather than true physiological stress.
EVIDENCE: Literature indicates that collecting EDA signals using wristbands is not very accurate and can be affected by artifacts; additionally, PPG (BVP) measurements are significantly impacted by motion artifacts which distort the pulse waveform amplitude [PMC12635167].
RECOMMENDATION: Verify if the patient was moving during this 30-second window. If motion is confirmed, disregard these values as they represent noise rather than a clinical event; no immediate medical intervention is required based on this pattern alone [PMC12736534].
DISCLAIMER: Research decision-support tool. Not a diagnostic device. Does not replace clinical judgment.","['PMC12635167_a_multimodal_stress_detection_dataset_with_facial_expression', 'PMC12300191_a_stability_and_aggregationbased_method_for_heart_rate_estim', 'PMC13259056_physiological_monitoring_applications_of_wearable_multimodal', 'PMC12736534_signal_quality_assessment_and_reconstruction_of_ppgderived_s', 'PMC12204546_determinants_of_photoplethysmography_signal_quality_at_the_w']",11.3
14,7470,7500,0.4462,1.7109,"Abrupt isolated spike in wearable biosignals. reduced ecg (z=-2.5, mean=-0.01) elevated bvp (z=+2.0, mean=3.55) Relevant topics: electrocardiogram rhythm irregularity heart rate variability arrhythmia ectopic beats photoplethysmography pulse waveform amplitude perfusion signal quality motion artifact. Other readings: resp mean=0.06, wrist_eda mean=3.42, wrist_temp mean=34.51.","DETECTED: The pattern suggests a transient arrhythmia where an ectopic beat was detected electrically but not hemodynamically, causing the ECG spike while the pulse rate remained stable or lagged behind due to mechanical smoothing of blood flow.

EVIDENCE: Optical methods like PPG/rPPG measure peripheral blood volume and are subject to ""mechanical smoothing,"" making them less sensitive to brief, non-perfusing ectopic events compared to ECG, which tracks electrical activity directly [PMC12938449]. Consequently, rPPG may underestimate transient arrhythmic events or show discrepancies when an extra ECG peak (ectopic beat) does not produce a sufficient peripheral pulse [PMC12938449]. Additionally, abrupt deviations in heart rate are often caused by motion artifacts rather than true physiological changes under stable conditions [PMC13259400].

RECOMMENDATION: Verify if the patient is experiencing symptoms or has known hypertension/ectopic activity; do not dismiss the ECG finding as an artifact solely based on PPG stability, but recognize optical methods may miss brief non-perfusing beats [PMC12938449].

DISCLAIMER: Research decision-support tool. Not a diagnostic device. Does not replace clinical judgment.","['PMC12938449_clinical_validation_of_rppgenabled_contactless_pulse_rate_mo', 'PMC13259400_highreliability_signal_quality_validation_for_biosignals_usi', 'PMC12031393_reliable_ecg_anomaly_detection_on_edge_devices_for_internet_', 'PMC12982742_a_lightweight_residual_dilated_temporal_transformer_block_fo', 'ESC 2018 — Guidelines for the Diagnosis and Management of Syncope']",11.2
14,7500,7530,0.3999,1.3113,"Abrupt isolated spike in wearable biosignals. elevated ecg (z=+2.0, mean=0.01) reduced bvp (z=-1.9, mean=-3.23) Relevant topics: electrocardiogram rhythm irregularity heart rate variability arrhythmia ectopic beats photoplethysmography pulse waveform amplitude perfusion signal quality motion artifact. Other readings: resp mean=-0.10, wrist_eda mean=4.87, wrist_temp mean=34.57.","DETECTED: The pattern suggests an isolated ectopic beat (e.g., premature ventricular contraction) where electrical activity occurred without generating a detectable peripheral pulse wave.
EVIDENCE: ECG captures direct cardiac electrical activity and is highly sensitive to transient rhythm changes like ectopic beats, whereas optical methods measure blood volume peaks that may be absent if the beat does not produce sufficient peripheral perfusion [PMC12938449]. Consequently, rPPG/PPG signals are mechanically smoothed during vascular propagation and can miss brief, non-perfusing ectopic events that ECG precisely tracks [PMC12938449].
RECOMMENDATION: Verify the event with a standard diagnostic method (e.g., ambulatory ECG) to confirm if it is a true arrhythmia or an artifact, as optical methods may underestimate transient events [PMC12938449].
DISCLAIMER: Research decision-support tool. Not a diagnostic device. Does not replace clinical judgment.","['PMC12938449_clinical_validation_of_rppgenabled_contactless_pulse_rate_mo', 'PMC13259400_highreliability_signal_quality_validation_for_biosignals_usi', 'PMC12031393_reliable_ecg_anomaly_detection_on_edge_devices_for_internet_', 'PMC12982742_a_lightweight_residual_dilated_temporal_transformer_block_fo', 'PMC13027176_the_use_of_digital_devices_in_the_management_of_athletes_wit']",10.6
14,7620,7650,0.4311,1.328,"Abrupt isolated spike in wearable biosignals. reduced wrist_eda (z=-0.8, mean=3.72) elevated wrist_temp (z=+0.7, mean=34.65) Relevant topics: electrodermal activity skin conductance sympathetic stress arousal sweat response skin temperature thermal perfusion vasomotor ambient temperature sensor effects. Other readings: ecg mean=0.00, resp mean=-0.18, bvp mean=0.12.","DETECTED: The pattern suggests a transient sympathetic response, likely an artifact or minor stressor rather than severe distress, given that EDA is often inaccurate on wrists and temperature fluctuates with ambient conditions [PMC12635167].
EVIDENCE: Wrist-worn EDA signals can be inaccurate due to artifacts; skin temperature varies widely based on activity and ambient environment, not just stress [PMC12635167]. High ambient temperatures can elevate tonic skin conductance independently of psychological stress [PMC13259440].
RECOMMENDATION: Correlate the spike with environmental logs (e.g., room temperature) and motion data to rule out sensor artifacts or thermal effects before interpreting it as a clinical event.
DISCLAIMER: Research decision-support tool. Not a diagnostic device. Does not replace clinical judgment.","['PMC12635167_a_multimodal_stress_detection_dataset_with_facial_expression', 'PMC13213813_human_experience_in_regulated_offices_hero_dataset_synchroni', 'PMC13259440_hybrid_feature_learning_for_wearable_stress_detection_combin', 'PMC13068604_physiological_responses_to_emotional_video_stimuli_ecg_eda_a', 'PMC12828444_using_wearable_technology_to_evaluate_the_electrodermal_acti']",9.9
14,7680,7710,0.4334,1.3096,"Abrupt isolated spike in wearable biosignals. reduced wrist_eda (z=-0.9, mean=2.94) elevated wrist_temp (z=+0.7, mean=34.65) Relevant topics: electrodermal activity skin conductance sympathetic stress arousal sweat response skin temperature thermal perfusion vasomotor ambient temperature sensor effects. Other readings: ecg mean=0.00, resp mean=0.03, bvp mean=0.71.","DETECTED: The abrupt EDA spike combined with elevated skin temperature likely represents a motion artifact or environmental interference rather than genuine stress, as wrist-worn sensors are prone to inaccuracies from movement and ambient heat.

EVIDENCE: Literature notes that collecting EDA signals using wristbands is not very accurate and artifacts can affect data collection results [PMC12635167]. Additionally, high ambient temperature can elevate skin conductance levels independently of psychological stress due to environmental sensitivity in sensors [PMC13259440]. Skin temperature also varies widely based on activity type and ambient conditions rather than just blood flow changes [PMC12635167].

RECOMMENDATION: Verify if the participant was moving or exposed to heat during this 30-second window. If motion occurred, treat the EDA spike as an artifact; otherwise, consider environmental factors before concluding stress activation.

DISCLAIMER: Research decision-support tool. Not a diagnostic device. Does not replace clinical judgment.","['PMC12635167_a_multimodal_stress_detection_dataset_with_facial_expression', 'PMC13213813_human_experience_in_regulated_offices_hero_dataset_synchroni', 'PMC13259440_hybrid_feature_learning_for_wearable_stress_detection_combin', 'PMC13068604_physiological_responses_to_emotional_video_stimuli_ecg_eda_a', 'PMC12828444_using_wearable_technology_to_evaluate_the_electrodermal_acti']",9.7
14,7710,7740,0.4681,1.4661,"Abrupt isolated spike in wearable biosignals. reduced wrist_eda (z=-0.9, mean=2.84) elevated resp (z=+0.9, mean=0.35) Relevant topics: electrodermal activity skin conductance sympathetic stress arousal sweat response respiration rate breathing pattern tachypnea bradypnea ventilation. Other readings: ecg mean=0.00, bvp mean=-0.28, wrist_temp mean=34.65.","DETECTED: The abrupt EDA spike combined with elevated respiration likely represents a genuine sympathetic stress response or motion artifact, as wristband sensors are prone to inaccuracies and environmental interference [PMC12635167].

EVIDENCE: Research indicates that collecting EDA from wristbands is not very accurate; artifacts can affect data collection results, and in some subjects, the signal cannot be captured or is inaccurate due to motion [PMC12635167]. Additionally, high ambient temperature and humidity can elevate skin conductance independently of psychological stress [PMC13259440].

RECOMMENDATION: Correlate the signal with accelerometer data to distinguish between physiological arousal (stress) and motion artifacts caused by movement or electrode displacement [PMC13259440]. Monitor environmental conditions like temperature, as they can falsely elevate baseline readings [PMC13259440].

DISCLAIMER: Research decision-support tool. Not a diagnostic device. Does not replace clinical judgment.","['PMC12635167_a_multimodal_stress_detection_dataset_with_facial_expression', 'PMC13259440_hybrid_feature_learning_for_wearable_stress_detection_combin', 'PMC13213813_human_experience_in_regulated_offices_hero_dataset_synchroni', 'PMC12828444_using_wearable_technology_to_evaluate_the_electrodermal_acti', 'PMC12736534_signal_quality_assessment_and_reconstruction_of_ppgderived_s']",11.9
14,7890,7920,0.4584,1.5887,"Abrupt isolated spike in wearable biosignals. reduced wrist_eda (z=-1.0, mean=2.35) elevated wrist_temp (z=+0.8, mean=34.83) Relevant topics: electrodermal activity skin conductance sympathetic stress arousal sweat response skin temperature thermal perfusion vasomotor ambient temperature sensor effects. Other readings: ecg mean=0.00, resp mean=0.04, bvp mean=-1.05.","DETECTED: The pattern suggests a potential motion artifact or sensor displacement rather than genuine stress, given the simultaneous drop in EDA and rise in skin temperature alongside stable heart rate signals.

EVIDENCE: Literature notes that wristband EDA collection is not very accurate and artifacts can affect results due to electrode displacement during movement [PMC12635167]. Additionally, high ambient temperatures or gradual shifts (like sensor warm-up) can independently elevate tonic skin conductance levels without psychological stress [PMC13259440]. Skin temperature varies widely based on activity and ambient conditions rather than just sympathetic arousal alone [PMC12635167].

RECOMMENDATION: Verify device fit for tightness or displacement. Check if the user was moving vigorously, as motion artifacts can produce sharp signal transients indistinguishable from real stress peaks [PMC13259440]. Review ambient temperature logs to rule out environmental heating effects on skin perfusion and EDA baseline [PMC13259440].

DISCLAIMER: Research decision-support tool. Not a diagnostic device. Does not replace clinical judgment.","['PMC12635167_a_multimodal_stress_detection_dataset_with_facial_expression', 'PMC13213813_human_experience_in_regulated_offices_hero_dataset_synchroni', 'PMC13068604_physiological_responses_to_emotional_video_stimuli_ecg_eda_a', 'PMC13259440_hybrid_feature_learning_for_wearable_stress_detection_combin', 'PMC12828444_using_wearable_technology_to_evaluate_the_electrodermal_acti']",10.8
14,7980,8010,0.479,1.2935,"Abrupt isolated spike in wearable biosignals. elevated bvp (z=+2.0, mean=3.52) reduced wrist_eda (z=-1.0, mean=2.03) Relevant topics: photoplethysmography pulse waveform amplitude perfusion signal quality motion artifact electrodermal activity skin conductance sympathetic stress arousal sweat response. Other readings: ecg mean=0.00, resp mean=-0.00, wrist_temp mean=34.84.","DETECTED: The pattern suggests a motion artifact or signal quality issue rather than true physiological stress, given the simultaneous spike in heart rate and drop in skin conductance which often occurs when movement disrupts optical sensors while reducing sweat response accuracy.

EVIDENCE: Literature indicates that PPG signals are frequently affected by motion artifacts, particularly during physical activity, leading to inaccurate readings [PMC12300191]. Additionally, EDA measurements from wristbands can be inaccurate or fail entirely due to artifacts and subject variability [PMC12635167].

RECOMMENDATION: Review the user's recent movement history (e.g., exercise) before interpreting this as a clinical event. Verify signal quality metrics if available; do not act on isolated spikes without corroborating ECG data or visual confirmation of device stability.

DISCLAIMER: Research decision-support tool. Not a diagnostic device. Does not replace clinical judgment.","['PMC12300191_a_stability_and_aggregationbased_method_for_heart_rate_estim', 'PMC12635167_a_multimodal_stress_detection_dataset_with_facial_expression', 'PMC13182813_automated_cardiac_arrest_detection_using_wristworn_photoplet', 'PMC12736534_signal_quality_assessment_and_reconstruction_of_ppgderived_s', 'PMC12110636_fully_automated_photoplethysmographybased_wearable_atrial_fi']",11.3
14,8460,8490,0.445,1.3124,"Abrupt isolated spike in wearable biosignals. reduced wrist_eda (z=-0.9, mean=2.56) elevated wrist_temp (z=+0.8, mean=34.92) Relevant topics: electrodermal activity skin conductance sympathetic stress arousal sweat response skin temperature thermal perfusion vasomotor ambient temperature sensor effects. Other readings: ecg mean=-0.00, resp mean=-0.09, bvp mean=0.56.","DETECTED: The pattern suggests a potential motion artifact or sensor displacement rather than genuine stress, as wrist-worn EDA signals are prone to inaccuracies from movement and environmental changes like temperature shifts [PMC12635167].
EVIDENCE: Literature notes that collecting EDA via wristbands is not very accurate and artifacts can affect results; high ambient temperatures can also elevate skin conductance levels independently of psychological stress, while motion causes sharp transients indistinguishable from real responses [PMC12635167], [PMC13259440].
RECOMMENDATION: Verify if the user was moving or exposed to heat during this window; do not interpret isolated spikes as stress without corroborating context.
DISCLAIMER: Research decision-support tool. Not a diagnostic device. Does not replace clinical judgment.","['PMC12635167_a_multimodal_stress_detection_dataset_with_facial_expression', 'PMC13213813_human_experience_in_regulated_offices_hero_dataset_synchroni', 'PMC13068604_physiological_responses_to_emotional_video_stimuli_ecg_eda_a', 'PMC13259440_hybrid_feature_learning_for_wearable_stress_detection_combin', 'PMC12828444_using_wearable_technology_to_evaluate_the_electrodermal_acti']",9.8
14,8550,8580,0.5001,1.3734,"Robust anomaly confirmed by two independent detectors. reduced wrist_eda (z=-0.8, mean=4.40) elevated wrist_temp (z=+0.7, mean=34.74) Relevant topics: electrodermal activity skin conductance sympathetic stress arousal sweat response skin temperature thermal perfusion vasomotor ambient temperature sensor effects. Other readings: ecg mean=-0.00, resp mean=-0.07, bvp mean=0.11.","DETECTED: Reduced skin conductance combined with elevated wrist temperature suggests a physiological response to ambient heat or sensor placement changes rather than acute psychological stress, as EDA is sensitive to thermal shifts and motion artifacts [PMC12987280].

EVIDENCE: Skin temperature varies based on activity length and ambient conditions; EDA can shift due to heat and skin contact issues. High arousal signals are not always stress but may result from excitement or physical exertion, requiring movement context for accurate classification [PMC12987280]. Wrist-worn sensors specifically face accuracy challenges where artifacts affect data collection results [PMC12635167].

RECOMMENDATION: Review accelerometer data to rule out recent motion; if no excessive activity is detected, consider environmental temperature changes or sensor fit as the cause for reduced EDA and elevated skin temp. Do not interpret this pattern solely as stress without corroborating context from movement sensors [PMC12987280].

DISCLAIMER: Research decision-support tool. Not a diagnostic device. Does not replace clinical judgment.","['PMC12635167_a_multimodal_stress_detection_dataset_with_facial_expression', 'PMC12736534_signal_quality_assessment_and_reconstruction_of_ppgderived_s', 'PMC13213813_human_experience_in_regulated_offices_hero_dataset_synchroni', 'PMC12987280_beyond_eda_a_systematic_review_of_multimodal_sympathetic_ner', 'PMC12204546_determinants_of_photoplethysmography_signal_quality_at_the_w']",10.5
14,8580,8610,0.4155,1.2878,"Abrupt isolated spike in wearable biosignals. elevated bvp (z=+1.3, mean=2.30) reduced wrist_eda (z=-0.8, mean=4.17) Relevant topics: photoplethysmography pulse waveform amplitude perfusion signal quality motion artifact electrodermal activity skin conductance sympathetic stress arousal sweat response. Other readings: ecg mean=-0.00, resp mean=0.13, wrist_temp mean=34.65.","DETECTED: The abrupt BVP spike with reduced EDA likely represents a motion artifact rather than true physiological stress, as wrist PPG signals are highly susceptible to noise from movement and posture changes [PMC12204546].

EVIDENCE: Research indicates that wrist photoplethysmogram (PPG) signals are widely used but ""highly susceptible to noise,"" which can reduce accuracy. Signal quality is significantly influenced by body position, being lowest when standing with the arm hanging alongside and improving as the arm is raised or held at heart height [PMC12204546]. Additionally, EDA collection using wristbands may be inaccurate due to artifacts in data collection results [PMC12635167].

RECOMMENDATION: Review the user's activity log for sudden movements or posture changes (e.g., standing up) during this 30-second window. If motion occurred, disregard the BVP spike and EDA reduction as likely artifacts rather than clinical events [PMC12204546].

DISCLAIMER: Research decision-support tool. Not a diagnostic device. Does not replace clinical judgment.","['PMC12300191_a_stability_and_aggregationbased_method_for_heart_rate_estim', 'PMC12635167_a_multimodal_stress_detection_dataset_with_facial_expression', 'PMC13182813_automated_cardiac_arrest_detection_using_wristworn_photoplet', 'PMC12736534_signal_quality_assessment_and_reconstruction_of_ppgderived_s', 'PMC12204546_determinants_of_photoplethysmography_signal_quality_at_the_w']",13.0
15,4080,4110,0.4549,1.3217,"Abrupt isolated spike in wearable biosignals. elevated resp (z=+1.4, mean=0.55) elevated ecg (z=+1.1, mean=0.01) Relevant topics: respiration rate breathing pattern tachypnea bradypnea ventilation electrocardiogram rhythm irregularity heart rate variability arrhythmia ectopic beats. Other readings: bvp mean=0.58, wrist_eda mean=2.93, wrist_temp mean=34.39.","DETECTED: An isolated spike with elevated respiration suggests a transient event like an ectopic beat or motion artifact rather than sustained tachypnea.
EVIDENCE: Optical methods (like wearable sensors) may miss brief, non-perfusing beats because blood volume signals are mechanically smoothed during vascular propagation, unlike ECG which tracks electrical activity directly [PMC12938449]. Abrupt deviations in beat intervals often indicate motion artifacts or noise rather than true physiological changes under stable conditions [PMC13259400].
RECOMMENDATION: Review the raw signal for motion artifact; do not interpret this isolated spike as a sustained arrhythmia without corroborating ECG evidence.
DISCLAIMER: Research decision-support tool. Not a diagnostic device. Does not replace clinical judgment.","['ESC 2018 — Guidelines for the Diagnosis and Management of Syncope', 'PMC12938449_clinical_validation_of_rppgenabled_contactless_pulse_rate_mo', 'PMC12982742_a_lightweight_residual_dilated_temporal_transformer_block_fo', 'PMC13259400_highreliability_signal_quality_validation_for_biosignals_usi', 'PMC12282364_photoplethysmography_in_recentonset_atrial_fibrillation_auto']",8.6
15,7380,7410,0.4139,1.4409,"Abrupt isolated spike in wearable biosignals. reduced wrist_eda (z=-1.1, mean=1.17) elevated wrist_temp (z=+0.3, mean=33.76) Relevant topics: electrodermal activity skin conductance sympathetic stress arousal sweat response skin temperature thermal perfusion vasomotor ambient temperature sensor effects. Other readings: ecg mean=-0.00, resp mean=0.09, bvp mean=0.37.","DETECTED: The pattern suggests a likely motion artifact or sensor displacement rather than genuine stress, given the simultaneous drop in EDA and rise in skin temperature alongside other stable signals.

EVIDENCE: Literature notes that collecting EDA via wristbands is not very accurate and artifacts can affect results [PMC12635167]. Additionally, high ambient temperatures can elevate tonic skin conductance levels independently of psychological stress [PMC13259440], while motion artifacts from electrode displacement produce sharp signal transients indistinguishable from genuine responses [PMC13259440]. Skin temperature varies widely based on activity and ambient conditions [PMC12635167].

RECOMMENDATION: Verify device fit, check for sweat or moisture affecting electrodes, and review concurrent accelerometer data to rule out movement artifacts before interpreting the EDA spike as stress.

DISCLAIMER: Research decision-support tool. Not a diagnostic device. Does not replace clinical judgment.","['PMC12635167_a_multimodal_stress_detection_dataset_with_facial_expression', 'PMC13213813_human_experience_in_regulated_offices_hero_dataset_synchroni', 'PMC13259440_hybrid_feature_learning_for_wearable_stress_detection_combin', 'PMC13068604_physiological_responses_to_emotional_video_stimuli_ecg_eda_a', 'PMC12828444_using_wearable_technology_to_evaluate_the_electrodermal_acti']",9.6
15,7890,7920,0.4563,1.3015,"Abrupt isolated spike in wearable biosignals. reduced wrist_eda (z=-1.1, mean=0.97) elevated resp (z=+0.6, mean=0.26) Relevant topics: electrodermal activity skin conductance sympathetic stress arousal sweat response respiration rate breathing pattern tachypnea bradypnea ventilation. Other readings: ecg mean=0.00, bvp mean=-0.64, wrist_temp mean=34.00.","DETECTED: The abrupt EDA spike combined with elevated respiration likely represents a genuine sympathetic stress response or motion artifact, as wristband sensors are prone to inaccuracies and environmental interference [PMC12635167].

EVIDENCE: Research indicates that collecting EDA signals using wristbands is not very accurate; artifacts can affect data collection results, and in some subjects, the signal cannot be captured or is inaccurate due to motion [PMC12635167]. Additionally, high ambient temperature and humidity can elevate skin conductance independently of psychological stress [PMC13259440].

RECOMMENDATION: Correlate the signal with accelerometer data to distinguish between physiological arousal (stress) and motion artifacts caused by physical movement or electrode displacement [PMC13259440]. Consider environmental factors like ambient temperature which can independently elevate baseline conductance levels [PMC13259440].

DISCLAIMER: Research decision-support tool. Not a diagnostic device. Does not replace clinical judgment.","['PMC12635167_a_multimodal_stress_detection_dataset_with_facial_expression', 'PMC13259440_hybrid_feature_learning_for_wearable_stress_detection_combin', 'PMC13213813_human_experience_in_regulated_offices_hero_dataset_synchroni', 'PMC12828444_using_wearable_technology_to_evaluate_the_electrodermal_acti', 'PMC12736534_signal_quality_assessment_and_reconstruction_of_ppgderived_s']",12.2
